S.No,Age_Group,Gender,Income,Purchase_Frequency,Avg_Purchase_Value,Loyalty_Member,Years_Shopping,Device_Used,Preferred_Category,Discount_%,Validity_Days,Min_Purchase_Required,Coupon_Category,Redeemed
1,55+,Male,5-10L,Weekly,12000.0,Yes,3-5,Desktop,Home & Furniture,30.0,60.0,10000.0,Fashion,No
2,36-45,Male,>20L,Quarterly,15000.0,No,5+,Mobile,Electronics,20.0,15.0,2000.0,Books,Yes
3,55+,Female,5L-10L,Weekly,12000.0,Yes,3-5,Desktop,Home & Furniture,40.0,30.0,1000.0,Home & Furniture,No
4,55+,Female,5L-10L,Rarely,5000.0,No,1-3,Desktop,Books,30.0,30.0,1000.0,Electronics,No
5,55+,Male,>20L,Quarterly,10000.0,Yes,1-3,Mobile,Electronics,60.0,7.0,1000.0,Electronics,Yes
6,55+,Male,<2,Bi-weekly,10000.0,No,3-5,Desktop,Books,15.0,30.0,1000.0,Fashion,Yes
8,55+,Male,2-5L,Bi-weekly,10000.0,Yes,1-3,Mobile,Fashion,10.0,30.0,500.0,Electronics,No
10,55+,Male,5-10L,Weekly,10000.0,No,<1,Desktop,Electronics,30.0,15.0,5000.0,Fashion,No
11,36-45,Male,5-10L,Weekly,5000.0,No,<1,Mobile,Electronics,40.0,30.0,500.0,Books,No
12,55+,Male,<2,Weekly,10000.0,No,1-3,Desktop,Fashion,30.0,60.0,2000.0,Fashion,No
13,46-55,Male,>20L,Quarterly,5000.0,No,3-5,Mobile,Fashion,20.0,15.0,10000.0,Fashion,Yes
14,55+,Male,>20L,Quarterly,10000.0,Yes,3-5,Mobile,Home & Furniture,40.0,7.0,10000.0,Electronics,Yes
15,36-45,Male,5-10L,Rarely,15000.0,Yes,<1,Mobile,Electronics,30.0,30.0,2000.0,Groceries,Yes
16,26-35,Female,2-5L,Quarterly,10000.0,Yes,<1,Mobile,Fashion,60.0,7.0,10000.0,Electronics,No
17,46-55,Male,<2,Quarterly,15000.0,No,<1,Mobile,Home & Furniture,25.0,15.0,1000.0,Fashion,Yes
18,18-25,Male,5L-10L,Rarely,10000.0,Yes,1-3,Mobile,Books,30.0,7.0,2000.0,Fashion,Yes
19,55+,Female,5-10L,Weekly,7000.0,Yes,3-5,Mobile,Electronics,25.0,30.0,1000.0,Home & Furniture,No
20,55+,Male,5L-10L,Weekly,10000.0,No,3-5,Both,Electronics,20.0,30.0,5000.0,Fashion,No
21,55+,Female,<2,Rarely,10000.0,No,<1,Desktop,Electronics,40.0,15.0,1000.0,Electronics,Yes
22,36-45,Male,5L-10L,Weekly,7000.0,No,5+,Mobile,Electronics,30.0,7.0,500.0,Home & Furniture,No
23,55+,Female,<2L,Rarely,5000.0,No,3-5,Both,Electronics,25.0,30.0,2000.0,Electronics,Yes
24,55+,Male,2-5L,Rarely,10000.0,No,<1,Mobile,Electronics,30.0,15.0,1000.0,Home & Furniture,No
25,55+,Male,<2,Weekly,3000.0,Yes,1-3,Mobile,Electronics,30.0,7.0,5000.0,Groceries,Yes
26,26-35,Female,>20L,Quarterly,10000.0,No,3-5,Mobile,Fashion,30.0,60.0,2000.0,Electronics,Yes
27,55+,Female,2-5L,Bi-weekly,10000.0,Yes,1-3,Both,Electronics,20.0,15.0,500.0,Electronics,Yes
28,18-25,Male,2-5L,Quarterly,20000.0,No,5+,Mobile,Fashion,25.0,30.0,2000.0,Fashion,Yes
29,18-25,Female,>20L,Weekly,5000.0,No,<1,Mobile,Fashion,15.0,15.0,500.0,Home & Furniture,Yes
30,55+,Male,>20L,Weekly,12000.0,Yes,3-5,Mobile,Fashion,20.0,30.0,1000.0,Fashion,Yes
31,55+,Female,5L-10L,Monthly,7000.0,No,3-5,Mobile,Home & Furniture,25.0,30.0,1000.0,Home & Furniture,No
32,55+,Female,>20L,Weekly,5000.0,No,<1,Mobile,Fashion,30.0,7.0,1000.0,Home & Furniture,No
33,36-45,Male,5-10L,Bi-weekly,3000.0,Yes,<1,Desktop,Home & Furniture,50.0,7.0,10000.0,Groceries,No
34,36-45,Female,10-20L,Monthly,5000.0,Yes,<1,Desktop,Electronics,30.0,30.0,2000.0,Home & Furniture,Yes
36,26-35,Female,5-10L,Quarterly,7000.0,Yes,5+,Mobile,Fashion,15.0,15.0,2000.0,Home & Furniture,Yes
38,36-45,Female,10-20L,Monthly,3000.0,No,<1,Mobile,Fashion,15.0,30.0,10000.0,Home & Furniture,No
40,55+,Male,>20L,Monthly,3000.0,No,1-3,Mobile,Electronics,40.0,15.0,1000.0,Home & Furniture,No
41,36-45,Female,>20L,Bi-weekly,15000.0,No,1-3,Desktop,Books,50.0,30.0,2000.0,Fashion,No
44,36-45,Male,5-10L,Weekly,10000.0,Yes,3-5,Both,Home & Furniture,40.0,30.0,2000.0,Home & Furniture,No
45,55+,Male,5L-10L,Weekly,5000.0,No,1-3,Desktop,Electronics,30.0,30.0,1000.0,Fashion,No
46,55+,Male,<2L,Quarterly,5000.0,Yes,3-5,Mobile,Electronics,10.0,7.0,1000.0,Electronics,No
47,36-45,Male,5-10L,Weekly,10000.0,Yes,1-3,Mobile,Home & Furniture,30.0,7.0,5000.0,Home & Furniture,Yes
48,26-35,Male,5-10L,Quarterly,15000.0,No,5+,Mobile,Electronics,25.0,15.0,2000.0,Groceries,No
49,55+,Male,5-10L,Quarterly,15000.0,No,1-3,Both,Electronics,30.0,60.0,500.0,Home & Furniture,No
50,18-25,Male,10-20L,Weekly,5000.0,No,5+,Mobile,Fashion,30.0,30.0,5000.0,Groceries,Yes
51,26-35,Male,>20L,Rarely,5000.0,No,3-5,Both,Electronics,30.0,30.0,500.0,Fashion,No
52,18-25,Male,<2,Rarely,5000.0,No,1-3,Mobile,Electronics,40.0,7.0,5000.0,Fashion,No
53,55+,Female,5-10L,Rarely,10000.0,Yes,3-5,Mobile,Books,30.0,30.0,2000.0,Fashion,Yes
54,46-55,Female,<2,Weekly,20000.0,Yes,3-5,Desktop,Home & Furniture,50.0,60.0,500.0,Home & Furniture,No
57,36-45,Female,>20L,Weekly,3000.0,Yes,<1,Both,Fashion,30.0,15.0,1000.0,Home & Furniture,Yes
58,46-55,Male,<2,Quarterly,15000.0,No,3-5,Mobile,Electronics,10.0,15.0,1000.0,Groceries,No
59,18-25,Female,<2L,Rarely,7000.0,No,3-5,Both,Home & Furniture,30.0,30.0,1000.0,Groceries,Yes
60,18-25,Male,>20L,Weekly,5000.0,No,1-3,Both,Fashion,30.0,60.0,500.0,Home & Furniture,Yes
61,46-55,Female,10-20L,Weekly,7000.0,No,3-5,Mobile,Home & Furniture,25.0,7.0,500.0,Home & Furniture,No
63,46-55,Male,5L-10L,Weekly,5000.0,No,5+,Desktop,Home & Furniture,30.0,60.0,2000.0,Fashion,Yes
64,55+,Female,5-10L,Weekly,20000.0,No,<1,Mobile,Home & Furniture,50.0,7.0,2000.0,Groceries,No
65,46-55,Male,<2L,Quarterly,10000.0,Yes,<1,Mobile,Fashion,30.0,15.0,2000.0,Fashion,Yes
66,46-55,Female,5L-10L,Weekly,10000.0,No,3-5,Both,Fashion,30.0,30.0,2000.0,Fashion,Yes
67,46-55,Female,5L-10L,Rarely,7000.0,Yes,<1,Mobile,Electronics,30.0,30.0,1000.0,Home & Furniture,No
68,26-35,Male,5-10L,Quarterly,10000.0,No,1-3,Desktop,Home & Furniture,30.0,30.0,10000.0,Electronics,No
69,18-25,Male,>20L,Quarterly,12000.0,No,3-5,Desktop,Books,40.0,30.0,500.0,Books,No
72,36-45,Female,10-20L,Quarterly,10000.0,Yes,3-5,Desktop,Electronics,40.0,15.0,1000.0,Books,No
73,55+,Male,2-5L,Quarterly,5000.0,Yes,3-5,Mobile,Electronics,20.0,30.0,2000.0,Home & Furniture,Yes
74,55+,Female,5-10L,Bi-weekly,5000.0,Yes,5+,Both,Home & Furniture,50.0,60.0,2000.0,Fashion,No
75,18-25,Male,5-10L,Quarterly,15000.0,Yes,<1,Mobile,Fashion,15.0,60.0,5000.0,Electronics,Yes
76,26-35,Male,>20L,Monthly,20000.0,No,3-5,Mobile,Electronics,30.0,15.0,1000.0,Home & Furniture,No
77,26-35,Female,2-5L,Quarterly,5000.0,Yes,3-5,Mobile,Fashion,30.0,7.0,1000.0,Home & Furniture,Yes
78,46-55,Female,2-5L,Weekly,5000.0,Yes,3-5,Desktop,Electronics,40.0,30.0,500.0,Electronics,No
79,46-55,Male,10-20L,Rarely,10000.0,No,3-5,Mobile,Electronics,20.0,30.0,5000.0,Fashion,Yes
80,55+,Male,<2L,Rarely,12000.0,Yes,1-3,Both,Electronics,30.0,7.0,1000.0,Home & Furniture,No
81,46-55,Male,10-20L,Weekly,10000.0,Yes,5+,Desktop,Electronics,30.0,7.0,1000.0,Home & Furniture,No
82,36-45,Male,2-5L,Weekly,15000.0,Yes,5+,Mobile,Fashion,10.0,60.0,500.0,Fashion,Yes
83,55+,Male,>20L,Weekly,15000.0,Yes,<1,Both,Home & Furniture,20.0,7.0,1000.0,Fashion,No
84,55+,Female,2-5L,Weekly,5000.0,Yes,3-5,Desktop,Groceries,20.0,60.0,5000.0,Books,No
86,18-25,Male,5-10L,Rarely,5000.0,No,<1,Mobile,Home & Furniture,15.0,30.0,5000.0,Electronics,No
87,55+,Female,5-10L,Quarterly,15000.0,Yes,<1,Desktop,Groceries,20.0,60.0,1000.0,Fashion,No
88,55+,Male,>20L,Weekly,10000.0,Yes,<1,Mobile,Books,50.0,30.0,500.0,Home & Furniture,No
89,26-35,Male,<2,Weekly,20000.0,Yes,1-3,Mobile,Home & Furniture,30.0,30.0,5000.0,Fashion,Yes
90,36-45,Male,>20L,Weekly,10000.0,Yes,1-3,Mobile,Groceries,30.0,7.0,5000.0,Home & Furniture,No
91,55+,Male,>20L,Weekly,12000.0,No,3-5,Both,Fashion,15.0,7.0,1000.0,Fashion,Yes
92,55+,Male,>20L,Bi-weekly,5000.0,No,<1,Both,Electronics,15.0,30.0,5000.0,Fashion,Yes
93,36-45,Male,5-10L,Quarterly,5000.0,No,1-3,Mobile,Electronics,15.0,30.0,1000.0,Groceries,No
94,36-45,Male,<2,Weekly,20000.0,No,5+,Desktop,Fashion,20.0,30.0,1000.0,Fashion,Yes
95,55+,Male,5L-10L,Bi-weekly,10000.0,Yes,5+,Mobile,Fashion,20.0,30.0,5000.0,Electronics,Yes
96,46-55,Male,5L-10L,Weekly,20000.0,No,5+,Both,Electronics,25.0,30.0,500.0,Home & Furniture,Yes
97,36-45,Male,2-5L,Weekly,5000.0,No,1-3,Desktop,Groceries,30.0,30.0,500.0,Books,No
98,55+,Female,>20L,Quarterly,10000.0,Yes,5+,Mobile,Electronics,10.0,30.0,2000.0,Home & Furniture,No
99,18-25,Male,5L-10L,Weekly,10000.0,No,5+,Both,Home & Furniture,50.0,15.0,5000.0,Fashion,No
100,55+,Male,10-20L,Weekly,3000.0,No,1-3,Mobile,Electronics,50.0,7.0,1000.0,Electronics,No
101,55+,Male,>20L,Monthly,10000.0,No,1-3,Mobile,Electronics,25.0,30.0,500.0,Groceries,Yes
102,55+,Female,>20L,Rarely,15000.0,Yes,<1,Mobile,Electronics,60.0,15.0,500.0,Electronics,No
104,55+,Female,10-20L,Quarterly,7000.0,Yes,1-3,Mobile,Electronics,25.0,15.0,500.0,Home & Furniture,No
105,55+,Male,>20L,Weekly,10000.0,Yes,5+,Both,Home & Furniture,40.0,30.0,5000.0,Fashion,No
106,55+,Female,5-10L,Monthly,12000.0,Yes,3-5,Mobile,Electronics,50.0,60.0,1000.0,Home & Furniture,No
107,36-45,Male,5L-10L,Bi-weekly,15000.0,No,<1,Desktop,Electronics,40.0,60.0,5000.0,Books,No
108,55+,Male,<2,Monthly,7000.0,Yes,3-5,Mobile,Electronics,20.0,60.0,1000.0,Home & Furniture,Yes
109,18-25,Male,5-10L,Quarterly,10000.0,No,5+,Mobile,Books,30.0,60.0,1000.0,Groceries,No
110,55+,Male,2-5L,Monthly,7000.0,Yes,1-3,Mobile,Books,30.0,7.0,1000.0,Fashion,Yes
111,36-45,Female,5-10L,Quarterly,20000.0,No,1-3,Desktop,Electronics,20.0,7.0,10000.0,Home & Furniture,No
112,26-35,Male,<2,Rarely,15000.0,No,<1,Mobile,Books,30.0,15.0,2000.0,Groceries,No
113,26-35,Male,<2,Rarely,10000.0,No,3-5,Mobile,Books,10.0,7.0,2000.0,Home & Furniture,No
114,46-55,Male,5-10L,Weekly,5000.0,No,5+,Mobile,Home & Furniture,15.0,60.0,1000.0,Home & Furniture,No
118,55+,Female,>20L,Quarterly,7000.0,No,3-5,Mobile,Electronics,50.0,30.0,500.0,Home & Furniture,Yes
119,36-45,Male,>20L,Quarterly,10000.0,No,3-5,Both,Electronics,50.0,7.0,2000.0,Electronics,No
120,46-55,Female,2-5L,Rarely,3000.0,No,<1,Mobile,Electronics,30.0,30.0,5000.0,Home & Furniture,Yes
122,46-55,Male,5-10L,Quarterly,12000.0,Yes,5+,Mobile,Fashion,40.0,7.0,500.0,Electronics,Yes
123,18-25,Male,<2,Quarterly,10000.0,No,5+,Desktop,Fashion,30.0,15.0,500.0,Electronics,No
125,18-25,Male,5-10L,Weekly,5000.0,Yes,3-5,Mobile,Electronics,30.0,30.0,1000.0,Home & Furniture,No
126,36-45,Male,5L-10L,Bi-weekly,10000.0,No,<1,Desktop,Electronics,25.0,30.0,500.0,Home & Furniture,No
128,18-25,Male,5L-10L,Rarely,3000.0,No,5+,Desktop,Electronics,40.0,15.0,5000.0,Fashion,No
129,18-25,Male,5-10L,Quarterly,10000.0,No,3-5,Mobile,Fashion,40.0,60.0,5000.0,Books,No
130,46-55,Male,10-20L,Rarely,10000.0,No,3-5,Both,Electronics,30.0,7.0,1000.0,Groceries,Yes
131,26-35,Male,5-10L,Weekly,7000.0,Yes,3-5,Mobile,Books,10.0,60.0,1000.0,Fashion,No
132,55+,Female,5-10L,Weekly,10000.0,No,3-5,Both,Fashion,30.0,15.0,500.0,Home & Furniture,Yes
133,46-55,Male,5-10L,Weekly,10000.0,No,3-5,Mobile,Books,30.0,30.0,1000.0,Electronics,No
134,36-45,Male,>20L,Rarely,10000.0,No,<1,Mobile,Electronics,25.0,30.0,1000.0,Home & Furniture,No
135,46-55,Male,5-10L,Weekly,10000.0,No,5+,Mobile,Fashion,30.0,60.0,500.0,Home & Furniture,Yes
136,18-25,Female,5-10L,Monthly,10000.0,No,5+,Desktop,Books,50.0,30.0,5000.0,Fashion,Yes
137,55+,Male,5-10L,Weekly,5000.0,No,3-5,Desktop,Home & Furniture,50.0,7.0,2000.0,Home & Furniture,No
138,36-45,Male,5-10L,Weekly,7000.0,Yes,3-5,Mobile,Electronics,50.0,30.0,1000.0,Home & Furniture,Yes
139,55+,Male,<2,Quarterly,5000.0,No,1-3,Both,Fashion,30.0,30.0,500.0,Books,Yes
140,18-25,Male,>20L,Quarterly,12000.0,No,<1,Mobile,Electronics,30.0,7.0,2000.0,Home & Furniture,Yes
141,55+,Male,5-10L,Quarterly,12000.0,Yes,<1,Mobile,Electronics,20.0,15.0,2000.0,Fashion,No
142,36-45,Male,10-20L,Weekly,15000.0,Yes,1-3,Mobile,Electronics,15.0,15.0,2000.0,Home & Furniture,No
143,55+,Male,<2L,Rarely,7000.0,Yes,3-5,Mobile,Electronics,30.0,60.0,1000.0,Groceries,No
144,46-55,Male,2-5L,Quarterly,10000.0,No,3-5,Mobile,Electronics,60.0,15.0,1000.0,Fashion,Yes
146,26-35,Male,>20L,Quarterly,5000.0,No,3-5,Mobile,Electronics,60.0,15.0,5000.0,Fashion,No
148,46-55,Male,5L-10L,Weekly,5000.0,Yes,3-5,Mobile,Home & Furniture,30.0,7.0,1000.0,Electronics,Yes
149,36-45,Male,<2L,Quarterly,10000.0,Yes,<1,Mobile,Home & Furniture,30.0,30.0,500.0,Fashion,Yes
150,18-25,Male,10-20L,Weekly,15000.0,No,<1,Desktop,Fashion,30.0,30.0,1000.0,Home & Furniture,Yes
151,55+,Male,<2,Rarely,12000.0,Yes,3-5,Mobile,Fashion,20.0,30.0,10000.0,Electronics,No
152,55+,Female,10-20L,Weekly,10000.0,Yes,5+,Mobile,Fashion,10.0,15.0,1000.0,Home & Furniture,No
154,46-55,Male,<2L,Quarterly,10000.0,Yes,1-3,Both,Fashion,10.0,30.0,500.0,Books,No
156,46-55,Male,<2,Quarterly,10000.0,No,<1,Desktop,Fashion,15.0,7.0,1000.0,Electronics,Yes
157,55+,Male,5-10L,Weekly,12000.0,Yes,5+,Desktop,Home & Furniture,15.0,30.0,500.0,Fashion,No
158,46-55,Male,5-10L,Weekly,5000.0,No,1-3,Mobile,Fashion,30.0,7.0,500.0,Books,No
159,55+,Male,2-5L,Quarterly,10000.0,Yes,3-5,Mobile,Fashion,60.0,60.0,1000.0,Electronics,Yes
160,55+,Male,2-5L,Weekly,3000.0,No,3-5,Desktop,Electronics,15.0,30.0,500.0,Fashion,Yes
161,18-25,Female,5-10L,Bi-weekly,10000.0,Yes,<1,Mobile,Books,20.0,60.0,1000.0,Electronics,No
162,55+,Male,5-10L,Weekly,5000.0,No,<1,Both,Fashion,25.0,30.0,2000.0,Electronics,Yes
163,26-35,Male,5-10L,Quarterly,10000.0,No,3-5,Desktop,Books,30.0,30.0,5000.0,Groceries,No
164,55+,Male,>20L,Weekly,5000.0,Yes,<1,Mobile,Books,10.0,60.0,1000.0,Home & Furniture,No
165,46-55,Female,2-5L,Weekly,5000.0,Yes,3-5,Mobile,Electronics,10.0,7.0,1000.0,Fashion,No
166,36-45,Female,5L-10L,Quarterly,10000.0,Yes,5+,Desktop,Fashion,10.0,7.0,1000.0,Fashion,No
168,55+,Female,5-10L,Weekly,10000.0,No,1-3,Mobile,Groceries,30.0,7.0,5000.0,Books,No
170,55+,Male,10-20L,Weekly,5000.0,No,<1,Mobile,Fashion,40.0,7.0,2000.0,Fashion,Yes
171,26-35,Male,<2L,Weekly,7000.0,No,3-5,Mobile,Books,60.0,30.0,500.0,Fashion,Yes
172,46-55,Male,5L-10L,Weekly,10000.0,No,3-5,Mobile,Electronics,25.0,60.0,2000.0,Groceries,Yes
173,26-35,Male,2-5L,Rarely,15000.0,No,<1,Mobile,Books,50.0,30.0,5000.0,Fashion,No
175,26-35,Male,5-10L,Monthly,7000.0,No,5+,Mobile,Books,30.0,15.0,10000.0,Home & Furniture,Yes
176,18-25,Male,5-10L,Weekly,15000.0,Yes,5+,Mobile,Home & Furniture,50.0,60.0,5000.0,Groceries,Yes
178,55+,Male,<2,Weekly,15000.0,Yes,3-5,Mobile,Electronics,30.0,7.0,500.0,Electronics,No
179,55+,Male,2-5L,Rarely,10000.0,Yes,5+,Mobile,Electronics,10.0,60.0,1000.0,Fashion,No
180,55+,Male,>20L,Quarterly,5000.0,No,3-5,Mobile,Electronics,50.0,60.0,1000.0,Fashion,No
181,55+,Male,5L-10L,Quarterly,10000.0,Yes,5+,Mobile,Home & Furniture,30.0,30.0,5000.0,Books,Yes
182,55+,Male,10-20L,Quarterly,5000.0,No,1-3,Mobile,Home & Furniture,60.0,15.0,1000.0,Home & Furniture,No
183,46-55,Male,2-5L,Quarterly,10000.0,No,<1,Mobile,Fashion,50.0,60.0,500.0,Home & Furniture,Yes
184,36-45,Male,<2,Quarterly,3000.0,Yes,3-5,Both,Home & Furniture,20.0,60.0,1000.0,Home & Furniture,Yes
185,55+,Male,5-10L,Quarterly,10000.0,No,<1,Mobile,Electronics,30.0,30.0,1000.0,Home & Furniture,No
187,36-45,Male,<2,Weekly,20000.0,No,<1,Mobile,Fashion,25.0,30.0,1000.0,Home & Furniture,Yes
188,18-25,Female,5-10L,Monthly,5000.0,Yes,5+,Mobile,Electronics,40.0,60.0,500.0,Home & Furniture,Yes
189,55+,Female,<2,Bi-weekly,3000.0,No,<1,Mobile,Books,30.0,7.0,1000.0,Fashion,No
190,26-35,Male,<2,Weekly,15000.0,No,5+,Both,Fashion,30.0,7.0,2000.0,Electronics,Yes
191,55+,Male,<2,Weekly,10000.0,Yes,1-3,Mobile,Electronics,60.0,60.0,1000.0,Home & Furniture,Yes
192,55+,Male,2-5L,Quarterly,10000.0,No,<1,Mobile,Electronics,30.0,60.0,1000.0,Books,Yes
193,18-25,Female,<2,Weekly,15000.0,No,5+,Mobile,Electronics,10.0,30.0,2000.0,Groceries,Yes
194,55+,Male,5L-10L,Monthly,7000.0,Yes,5+,Desktop,Fashion,30.0,30.0,2000.0,Groceries,No
195,55+,Female,2-5L,Monthly,7000.0,No,5+,Both,Fashion,20.0,7.0,500.0,Fashion,Yes
196,26-35,Female,5-10L,Quarterly,15000.0,No,3-5,Mobile,Fashion,50.0,60.0,500.0,Home & Furniture,No
197,55+,Male,5L-10L,Weekly,10000.0,Yes,1-3,Mobile,Electronics,50.0,60.0,1000.0,Fashion,No
198,55+,Male,<2L,Weekly,12000.0,No,1-3,Both,Books,40.0,7.0,500.0,Home & Furniture,Yes
199,26-35,Female,>20L,Weekly,15000.0,No,1-3,Desktop,Fashion,40.0,30.0,5000.0,Fashion,No
200,36-45,Female,5L-10L,Weekly,7000.0,Yes,5+,Mobile,Fashion,30.0,15.0,2000.0,Electronics,No
201,55+,Female,5-10L,Quarterly,15000.0,No,3-5,Mobile,Home & Furniture,20.0,30.0,500.0,Fashion,Yes
202,55+,Male,5L-10L,Weekly,5000.0,No,3-5,Desktop,Home & Furniture,15.0,60.0,2000.0,Electronics,No
203,36-45,Male,>20L,Weekly,15000.0,Yes,<1,Both,Electronics,30.0,60.0,1000.0,Groceries,No
204,18-25,Female,5-10L,Quarterly,10000.0,Yes,1-3,Mobile,Electronics,30.0,15.0,500.0,Home & Furniture,Yes
205,18-25,Female,5-10L,Monthly,10000.0,No,3-5,Mobile,Electronics,25.0,60.0,5000.0,Electronics,Yes
206,55+,Male,<2,Quarterly,10000.0,No,<1,Mobile,Home & Furniture,30.0,15.0,500.0,Books,Yes
207,18-25,Male,2-5L,Quarterly,15000.0,Yes,1-3,Mobile,Fashion,25.0,7.0,1000.0,Fashion,No
208,55+,Male,10-20L,Weekly,12000.0,Yes,<1,Both,Home & Furniture,15.0,15.0,2000.0,Fashion,No
209,18-25,Male,10-20L,Weekly,10000.0,Yes,<1,Mobile,Electronics,15.0,30.0,2000.0,Books,No
210,46-55,Male,5L-10L,Quarterly,20000.0,No,3-5,Mobile,Electronics,50.0,30.0,2000.0,Electronics,No
211,55+,Male,5-10L,Quarterly,10000.0,Yes,3-5,Mobile,Home & Furniture,30.0,7.0,5000.0,Groceries,No
212,46-55,Male,5-10L,Weekly,15000.0,Yes,1-3,Desktop,Home & Furniture,30.0,30.0,1000.0,Fashion,No
213,55+,Male,<2,Weekly,3000.0,No,<1,Desktop,Electronics,15.0,7.0,500.0,Home & Furniture,No
214,55+,Male,5-10L,Rarely,5000.0,Yes,3-5,Desktop,Books,60.0,15.0,5000.0,Fashion,No
215,55+,Female,2-5L,Quarterly,10000.0,No,<1,Desktop,Fashion,25.0,30.0,500.0,Home & Furniture,No
216,55+,Male,>20L,Quarterly,20000.0,No,<1,Both,Electronics,30.0,15.0,500.0,Fashion,No
217,18-25,Male,5-10L,Quarterly,5000.0,Yes,3-5,Mobile,Books,10.0,7.0,1000.0,Fashion,No
218,18-25,Female,>20L,Quarterly,7000.0,No,3-5,Desktop,Groceries,30.0,30.0,5000.0,Fashion,Yes
219,55+,Male,5-10L,Quarterly,3000.0,Yes,3-5,Both,Electronics,10.0,30.0,500.0,Groceries,No
220,36-45,Male,5-10L,Weekly,3000.0,Yes,1-3,Mobile,Books,30.0,7.0,500.0,Electronics,Yes
221,26-35,Male,<2L,Rarely,10000.0,Yes,1-3,Mobile,Fashion,50.0,7.0,2000.0,Home & Furniture,No
222,36-45,Male,<2L,Monthly,5000.0,No,3-5,Mobile,Books,10.0,15.0,1000.0,Fashion,No
224,55+,Male,5L-10L,Quarterly,15000.0,Yes,5+,Mobile,Fashion,20.0,30.0,2000.0,Home & Furniture,No
226,55+,Male,5-10L,Weekly,7000.0,Yes,1-3,Mobile,Electronics,25.0,30.0,2000.0,Electronics,No
228,55+,Male,>20L,Quarterly,10000.0,No,5+,Mobile,Electronics,30.0,60.0,1000.0,Groceries,No
229,46-55,Male,2-5L,Rarely,5000.0,No,3-5,Mobile,Books,30.0,60.0,1000.0,Electronics,Yes
230,18-25,Male,10-20L,Weekly,5000.0,Yes,<1,Mobile,Electronics,50.0,7.0,5000.0,Books,No
231,18-25,Male,2-5L,Rarely,5000.0,No,<1,Both,Electronics,15.0,15.0,1000.0,Home & Furniture,Yes
234,46-55,Male,10-20L,Bi-weekly,15000.0,Yes,3-5,Mobile,Fashion,15.0,30.0,1000.0,Home & Furniture,Yes
235,55+,Male,>20L,Weekly,10000.0,Yes,5+,Mobile,Electronics,20.0,7.0,5000.0,Home & Furniture,Yes
236,55+,Male,5-10L,Quarterly,5000.0,Yes,<1,Desktop,Electronics,30.0,30.0,2000.0,Electronics,Yes
237,36-45,Male,2-5L,Quarterly,7000.0,Yes,3-5,Mobile,Fashion,25.0,30.0,1000.0,Books,Yes
238,55+,Male,2-5L,Rarely,10000.0,Yes,5+,Mobile,Fashion,20.0,60.0,500.0,Home & Furniture,No
239,18-25,Male,>20L,Quarterly,5000.0,Yes,3-5,Desktop,Fashion,10.0,15.0,2000.0,Home & Furniture,No
240,18-25,Female,<2L,Quarterly,5000.0,Yes,1-3,Mobile,Electronics,30.0,30.0,5000.0,Fashion,Yes
241,55+,Male,2-5L,Bi-weekly,10000.0,No,<1,Mobile,Fashion,30.0,30.0,2000.0,Home & Furniture,Yes
242,55+,Male,>20L,Quarterly,7000.0,Yes,3-5,Mobile,Groceries,20.0,15.0,1000.0,Books,No
243,26-35,Female,<2,Quarterly,10000.0,Yes,1-3,Mobile,Home & Furniture,10.0,7.0,2000.0,Home & Furniture,No
244,46-55,Male,2-5L,Rarely,7000.0,Yes,3-5,Desktop,Books,30.0,7.0,500.0,Books,No
245,46-55,Male,5-10L,Weekly,10000.0,No,5+,Mobile,Electronics,30.0,7.0,500.0,Home & Furniture,Yes
246,55+,Male,5L-10L,Quarterly,10000.0,No,<1,Mobile,Home & Furniture,25.0,60.0,10000.0,Home & Furniture,Yes
247,46-55,Male,5-10L,Rarely,12000.0,No,<1,Mobile,Home & Furniture,20.0,7.0,5000.0,Electronics,Yes
248,36-45,Female,5-10L,Weekly,10000.0,Yes,1-3,Desktop,Groceries,60.0,30.0,1000.0,Home & Furniture,Yes
249,36-45,Male,5-10L,Weekly,3000.0,No,<1,Mobile,Electronics,30.0,7.0,5000.0,Books,No
250,55+,Male,<2L,Weekly,15000.0,Yes,3-5,Mobile,Home & Furniture,25.0,30.0,1000.0,Electronics,No
251,46-55,Female,5-10L,Monthly,10000.0,No,3-5,Mobile,Electronics,50.0,7.0,10000.0,Home & Furniture,Yes
252,55+,Male,>20L,Rarely,10000.0,Yes,1-3,Desktop,Fashion,30.0,30.0,500.0,Home & Furniture,Yes
253,36-45,Male,>20L,Rarely,5000.0,No,3-5,Both,Electronics,40.0,30.0,2000.0,Fashion,No
255,26-35,Male,5-10L,Quarterly,10000.0,Yes,5+,Mobile,Fashion,30.0,7.0,2000.0,Fashion,No
257,55+,Male,10-20L,Quarterly,12000.0,No,3-5,Both,Electronics,15.0,7.0,5000.0,Home & Furniture,Yes
258,18-25,Male,>20L,Weekly,10000.0,Yes,<1,Desktop,Electronics,30.0,60.0,5000.0,Fashion,No
259,18-25,Female,2-5L,Quarterly,12000.0,Yes,1-3,Mobile,Electronics,60.0,30.0,5000.0,Books,No
260,46-55,Male,<2,Quarterly,5000.0,No,1-3,Mobile,Fashion,50.0,7.0,5000.0,Books,Yes
261,18-25,Female,5-10L,Weekly,10000.0,No,5+,Mobile,Electronics,25.0,60.0,1000.0,Fashion,Yes
262,55+,Male,2-5L,Quarterly,10000.0,Yes,5+,Mobile,Groceries,40.0,7.0,2000.0,Home & Furniture,Yes
263,36-45,Female,10-20L,Rarely,5000.0,Yes,<1,Desktop,Electronics,30.0,30.0,10000.0,Home & Furniture,No
264,18-25,Male,5-10L,Monthly,5000.0,Yes,3-5,Desktop,Electronics,30.0,7.0,1000.0,Home & Furniture,No
265,55+,Female,5-10L,Weekly,5000.0,Yes,3-5,Mobile,Books,30.0,30.0,500.0,Books,Yes
266,26-35,Male,>20L,Monthly,5000.0,No,1-3,Mobile,Fashion,50.0,30.0,1000.0,Home & Furniture,Yes
267,26-35,Male,<2L,Quarterly,5000.0,No,3-5,Mobile,Electronics,30.0,7.0,10000.0,Fashion,No
268,18-25,Male,<2L,Monthly,3000.0,Yes,1-3,Both,Home & Furniture,30.0,60.0,500.0,Groceries,No
269,18-25,Female,5-10L,Monthly,10000.0,No,<1,Mobile,Electronics,25.0,7.0,1000.0,Fashion,No
270,18-25,Female,<2,Quarterly,10000.0,Yes,3-5,Mobile,Electronics,15.0,7.0,500.0,Groceries,Yes
271,18-25,Male,2-5L,Monthly,5000.0,Yes,1-3,Both,Home & Furniture,30.0,60.0,2000.0,Fashion,No
274,46-55,Male,5-10L,Weekly,10000.0,No,1-3,Desktop,Books,25.0,60.0,1000.0,Electronics,No
275,55+,Male,5-10L,Weekly,15000.0,No,1-3,Mobile,Electronics,15.0,7.0,5000.0,Fashion,Yes
276,36-45,Female,5-10L,Bi-weekly,12000.0,No,3-5,Desktop,Groceries,40.0,30.0,5000.0,Home & Furniture,No
277,36-45,Male,<2L,Weekly,10000.0,No,<1,Mobile,Electronics,25.0,30.0,10000.0,Fashion,Yes
280,55+,Male,5-10L,Weekly,7000.0,Yes,1-3,Desktop,Electronics,30.0,15.0,1000.0,Fashion,Yes
283,26-35,Female,2-5L,Quarterly,20000.0,Yes,3-5,Mobile,Fashion,15.0,7.0,5000.0,Home & Furniture,No
284,26-35,Male,5-10L,Weekly,12000.0,Yes,<1,Mobile,Electronics,30.0,15.0,5000.0,Electronics,Yes
285,46-55,Male,5L-10L,Quarterly,10000.0,Yes,<1,Mobile,Fashion,10.0,30.0,2000.0,Electronics,No
286,36-45,Male,<2,Weekly,10000.0,Yes,<1,Mobile,Fashion,25.0,15.0,500.0,Electronics,No
287,18-25,Male,5-10L,Quarterly,12000.0,Yes,3-5,Mobile,Books,30.0,60.0,2000.0,Groceries,No
288,36-45,Male,5-10L,Weekly,7000.0,Yes,3-5,Desktop,Electronics,30.0,30.0,2000.0,Electronics,Yes
289,55+,Male,5-10L,Weekly,15000.0,Yes,1-3,Both,Fashion,15.0,30.0,500.0,Fashion,No
290,18-25,Male,2-5L,Quarterly,10000.0,Yes,3-5,Mobile,Groceries,50.0,30.0,1000.0,Groceries,No
292,18-25,Male,2-5L,Weekly,3000.0,Yes,3-5,Both,Books,60.0,60.0,2000.0,Home & Furniture,No
293,55+,Female,10-20L,Weekly,10000.0,No,1-3,Mobile,Books,30.0,7.0,500.0,Electronics,No
294,18-25,Male,<2,Quarterly,5000.0,Yes,<1,Mobile,Home & Furniture,50.0,60.0,500.0,Fashion,No
295,55+,Male,5-10L,Quarterly,3000.0,Yes,<1,Both,Groceries,40.0,30.0,1000.0,Books,No
297,55+,Male,5-10L,Weekly,15000.0,No,<1,Both,Fashion,50.0,30.0,2000.0,Electronics,Yes
299,55+,Male,>20L,Quarterly,3000.0,No,1-3,Mobile,Electronics,30.0,30.0,1000.0,Fashion,Yes
300,46-55,Male,5-10L,Bi-weekly,3000.0,No,5+,Desktop,Fashion,60.0,30.0,2000.0,Home & Furniture,Yes
301,55+,Male,5-10L,Weekly,5000.0,Yes,3-5,Both,Fashion,50.0,15.0,2000.0,Home & Furniture,No
302,18-25,Male,5-10L,Weekly,5000.0,No,<1,Mobile,Home & Furniture,30.0,60.0,500.0,Home & Furniture,Yes
303,46-55,Male,<2L,Weekly,3000.0,Yes,1-3,Mobile,Electronics,60.0,7.0,1000.0,Fashion,No
304,46-55,Female,5-10L,Weekly,3000.0,No,3-5,Mobile,Books,30.0,30.0,2000.0,Fashion,No
305,55+,Male,10-20L,Quarterly,5000.0,Yes,5+,Mobile,Groceries,20.0,60.0,10000.0,Books,No
307,36-45,Male,2-5L,Rarely,5000.0,Yes,5+,Mobile,Books,40.0,60.0,500.0,Home & Furniture,No
308,46-55,Male,>20L,Monthly,15000.0,No,1-3,Mobile,Fashion,25.0,7.0,1000.0,Electronics,No
309,55+,Male,>20L,Quarterly,20000.0,No,1-3,Desktop,Fashion,15.0,30.0,2000.0,Books,No
310,18-25,Male,>20L,Monthly,12000.0,No,1-3,Both,Groceries,10.0,30.0,5000.0,Electronics,No
311,36-45,Male,>20L,Rarely,5000.0,Yes,3-5,Mobile,Electronics,15.0,7.0,5000.0,Fashion,No
312,36-45,Male,2-5L,Weekly,5000.0,No,3-5,Both,Electronics,40.0,15.0,500.0,Home & Furniture,Yes
313,26-35,Male,2-5L,Quarterly,10000.0,Yes,3-5,Mobile,Groceries,10.0,7.0,10000.0,Electronics,Yes
314,36-45,Male,5-10L,Monthly,12000.0,Yes,<1,Both,Home & Furniture,40.0,30.0,2000.0,Home & Furniture,Yes
315,36-45,Male,<2L,Weekly,10000.0,No,<1,Desktop,Electronics,10.0,30.0,1000.0,Electronics,No
316,36-45,Female,<2L,Weekly,12000.0,No,5+,Mobile,Electronics,10.0,30.0,5000.0,Home & Furniture,No
317,55+,Male,<2L,Weekly,10000.0,No,<1,Both,Groceries,50.0,7.0,500.0,Electronics,No
318,55+,Female,10-20L,Bi-weekly,20000.0,No,1-3,Mobile,Electronics,50.0,30.0,2000.0,Books,Yes
319,26-35,Female,>20L,Weekly,12000.0,Yes,3-5,Desktop,Fashion,30.0,15.0,10000.0,Fashion,No
320,55+,Male,5L-10L,Weekly,3000.0,No,1-3,Desktop,Home & Furniture,20.0,30.0,10000.0,Home & Furniture,No
321,55+,Male,>20L,Bi-weekly,10000.0,Yes,3-5,Mobile,Electronics,10.0,60.0,500.0,Home & Furniture,No
323,36-45,Male,<2L,Rarely,5000.0,No,<1,Mobile,Electronics,40.0,7.0,1000.0,Home & Furniture,No
324,46-55,Male,2-5L,Quarterly,7000.0,No,3-5,Mobile,Fashion,30.0,15.0,5000.0,Electronics,Yes
325,55+,Male,2-5L,Weekly,10000.0,No,<1,Both,Fashion,50.0,60.0,5000.0,Fashion,Yes
327,55+,Female,5-10L,Quarterly,15000.0,No,3-5,Mobile,Electronics,60.0,30.0,500.0,Fashion,Yes
328,46-55,Female,2-5L,Weekly,5000.0,No,<1,Mobile,Electronics,40.0,15.0,1000.0,Electronics,No
329,46-55,Female,<2,Rarely,15000.0,Yes,5+,Mobile,Electronics,20.0,7.0,1000.0,Home & Furniture,No
330,26-35,Female,>20L,Bi-weekly,5000.0,No,1-3,Mobile,Electronics,20.0,15.0,5000.0,Fashion,Yes
331,55+,Male,5-10L,Rarely,10000.0,No,3-5,Mobile,Home & Furniture,20.0,7.0,500.0,Home & Furniture,Yes
332,55+,Male,5-10L,Weekly,5000.0,Yes,5+,Both,Electronics,20.0,7.0,1000.0,Home & Furniture,No
333,55+,Female,10-20L,Weekly,10000.0,Yes,3-5,Mobile,Groceries,30.0,30.0,5000.0,Books,No
334,55+,Female,10-20L,Bi-weekly,20000.0,No,1-3,Mobile,Electronics,50.0,30.0,500.0,Groceries,No
335,18-25,Female,<2L,Monthly,10000.0,No,3-5,Mobile,Groceries,20.0,15.0,1000.0,Home & Furniture,No
336,46-55,Female,5-10L,Weekly,15000.0,Yes,5+,Mobile,Electronics,30.0,30.0,5000.0,Home & Furniture,No
337,18-25,Male,2-5L,Weekly,10000.0,Yes,5+,Mobile,Fashion,60.0,30.0,1000.0,Books,Yes
338,55+,Male,2-5L,Weekly,7000.0,No,3-5,Mobile,Electronics,20.0,30.0,1000.0,Groceries,No
339,18-25,Female,<2,Rarely,10000.0,Yes,5+,Both,Electronics,30.0,15.0,1000.0,Home & Furniture,Yes
340,55+,Male,>20L,Quarterly,5000.0,No,5+,Mobile,Fashion,30.0,30.0,5000.0,Fashion,No
343,55+,Male,5L-10L,Quarterly,10000.0,Yes,1-3,Desktop,Groceries,30.0,7.0,1000.0,Home & Furniture,No
344,46-55,Male,5-10L,Weekly,10000.0,Yes,3-5,Desktop,Electronics,20.0,30.0,5000.0,Home & Furniture,No
345,55+,Male,>20L,Bi-weekly,5000.0,No,<1,Mobile,Groceries,60.0,7.0,1000.0,Home & Furniture,Yes
346,55+,Male,>20L,Rarely,5000.0,Yes,<1,Mobile,Fashion,50.0,15.0,5000.0,Home & Furniture,No
348,26-35,Male,5L-10L,Rarely,5000.0,Yes,<1,Desktop,Fashion,30.0,7.0,1000.0,Home & Furniture,Yes
349,46-55,Male,>20L,Weekly,10000.0,Yes,3-5,Mobile,Electronics,10.0,15.0,500.0,Fashion,No
350,18-25,Male,10-20L,Weekly,20000.0,Yes,<1,Mobile,Groceries,50.0,15.0,500.0,Home & Furniture,No
351,46-55,Male,2-5L,Monthly,5000.0,No,<1,Mobile,Groceries,20.0,15.0,10000.0,Home & Furniture,No
352,26-35,Male,2-5L,Quarterly,7000.0,No,3-5,Mobile,Home & Furniture,30.0,30.0,1000.0,Home & Furniture,Yes
353,46-55,Male,2-5L,Bi-weekly,15000.0,No,3-5,Mobile,Electronics,40.0,30.0,2000.0,Home & Furniture,No
354,46-55,Male,5-10L,Quarterly,20000.0,No,1-3,Both,Books,50.0,60.0,1000.0,Books,Yes
355,36-45,Male,5L-10L,Weekly,3000.0,No,5+,Mobile,Electronics,50.0,30.0,500.0,Home & Furniture,Yes
356,46-55,Male,5-10L,Monthly,12000.0,No,3-5,Desktop,Electronics,30.0,60.0,1000.0,Fashion,Yes
358,55+,Male,2-5L,Quarterly,12000.0,No,5+,Mobile,Fashion,50.0,7.0,2000.0,Electronics,Yes
359,36-45,Male,<2,Weekly,5000.0,No,1-3,Both,Electronics,20.0,15.0,5000.0,Home & Furniture,Yes
360,46-55,Female,10-20L,Quarterly,5000.0,Yes,1-3,Mobile,Electronics,50.0,30.0,2000.0,Home & Furniture,No
361,55+,Female,5L-10L,Quarterly,7000.0,No,1-3,Mobile,Groceries,20.0,15.0,5000.0,Electronics,No
362,55+,Male,2-5L,Quarterly,5000.0,Yes,3-5,Mobile,Groceries,25.0,60.0,2000.0,Home & Furniture,No
363,18-25,Female,>20L,Quarterly,7000.0,Yes,3-5,Desktop,Electronics,25.0,30.0,500.0,Fashion,Yes
365,46-55,Male,10-20L,Quarterly,20000.0,No,<1,Desktop,Books,30.0,7.0,2000.0,Electronics,Yes
367,55+,Male,10-20L,Weekly,10000.0,No,3-5,Mobile,Books,20.0,60.0,5000.0,Electronics,No
369,36-45,Male,<2,Rarely,10000.0,No,<1,Mobile,Home & Furniture,10.0,60.0,2000.0,Home & Furniture,Yes
370,55+,Male,<2,Weekly,10000.0,Yes,1-3,Mobile,Fashion,60.0,60.0,5000.0,Electronics,No
371,55+,Male,2-5L,Quarterly,3000.0,No,<1,Desktop,Fashion,50.0,15.0,500.0,Fashion,No
372,26-35,Male,2-5L,Weekly,10000.0,No,<1,Mobile,Fashion,30.0,30.0,1000.0,Electronics,Yes
373,55+,Male,5-10L,Weekly,5000.0,No,<1,Mobile,Books,40.0,30.0,2000.0,Groceries,Yes
374,36-45,Male,5-10L,Weekly,5000.0,No,1-3,Mobile,Electronics,10.0,60.0,1000.0,Home & Furniture,No
375,18-25,Male,<2,Weekly,5000.0,No,3-5,Mobile,Groceries,20.0,7.0,5000.0,Electronics,Yes
376,18-25,Male,>20L,Weekly,7000.0,No,5+,Mobile,Fashion,20.0,30.0,1000.0,Groceries,No
377,55+,Male,5L-10L,Monthly,5000.0,No,1-3,Mobile,Home & Furniture,40.0,15.0,10000.0,Home & Furniture,No
378,36-45,Female,5L-10L,Weekly,10000.0,No,1-3,Mobile,Home & Furniture,30.0,30.0,1000.0,Fashion,No
379,36-45,Male,5-10L,Weekly,5000.0,Yes,<1,Both,Fashion,20.0,60.0,500.0,Home & Furniture,Yes
380,55+,Male,2-5L,Weekly,5000.0,No,5+,Mobile,Home & Furniture,40.0,30.0,1000.0,Books,No
382,55+,Male,5-10L,Weekly,7000.0,No,5+,Desktop,Home & Furniture,20.0,15.0,500.0,Electronics,Yes
384,36-45,Male,<2,Quarterly,3000.0,No,5+,Desktop,Electronics,50.0,7.0,1000.0,Electronics,Yes
385,36-45,Male,<2,Rarely,10000.0,Yes,5+,Mobile,Home & Furniture,30.0,7.0,10000.0,Home & Furniture,No
386,55+,Male,>20L,Monthly,20000.0,No,3-5,Mobile,Home & Furniture,30.0,60.0,500.0,Home & Furniture,No
387,55+,Male,5L-10L,Weekly,3000.0,No,3-5,Mobile,Fashion,40.0,30.0,500.0,Electronics,No
388,55+,Male,<2L,Bi-weekly,3000.0,No,5+,Mobile,Electronics,25.0,7.0,1000.0,Home & Furniture,Yes
389,18-25,Female,10-20L,Weekly,10000.0,No,1-3,Desktop,Groceries,10.0,15.0,5000.0,Fashion,No
390,55+,Male,5L-10L,Quarterly,10000.0,No,3-5,Mobile,Home & Furniture,30.0,60.0,1000.0,Home & Furniture,No
392,18-25,Female,5-10L,Weekly,15000.0,Yes,5+,Mobile,Home & Furniture,30.0,60.0,1000.0,Fashion,Yes
393,46-55,Male,5L-10L,Weekly,10000.0,Yes,5+,Mobile,Fashion,30.0,15.0,500.0,Fashion,No
395,18-25,Male,>20L,Weekly,10000.0,Yes,1-3,Desktop,Books,10.0,60.0,1000.0,Groceries,No
396,36-45,Male,>20L,Quarterly,12000.0,No,<1,Mobile,Books,30.0,7.0,5000.0,Fashion,Yes
397,55+,Female,2-5L,Weekly,5000.0,Yes,<1,Mobile,Groceries,30.0,60.0,5000.0,Home & Furniture,No
398,55+,Male,5-10L,Weekly,20000.0,No,3-5,Desktop,Home & Furniture,25.0,15.0,1000.0,Home & Furniture,Yes
399,36-45,Male,5-10L,Weekly,5000.0,Yes,3-5,Mobile,Fashion,30.0,15.0,500.0,Fashion,Yes
401,26-35,Female,5-10L,Rarely,10000.0,Yes,1-3,Mobile,Electronics,15.0,30.0,1000.0,Fashion,No
402,55+,Male,10-20L,Weekly,10000.0,No,3-5,Mobile,Electronics,40.0,60.0,2000.0,Electronics,No
403,55+,Male,5L-10L,Bi-weekly,15000.0,No,1-3,Mobile,Books,25.0,30.0,2000.0,Electronics,No
404,18-25,Male,2-5L,Weekly,10000.0,No,1-3,Mobile,Fashion,60.0,30.0,2000.0,Fashion,No
406,55+,Male,<2L,Monthly,12000.0,No,3-5,Mobile,Fashion,50.0,30.0,1000.0,Electronics,No
407,26-35,Male,2-5L,Quarterly,20000.0,No,3-5,Mobile,Home & Furniture,30.0,60.0,1000.0,Books,Yes
408,55+,Female,10-20L,Weekly,5000.0,Yes,1-3,Mobile,Groceries,30.0,60.0,2000.0,Electronics,Yes
409,18-25,Male,10-20L,Quarterly,5000.0,No,3-5,Desktop,Books,30.0,30.0,1000.0,Groceries,No
411,46-55,Male,5L-10L,Rarely,12000.0,Yes,1-3,Mobile,Electronics,15.0,60.0,1000.0,Home & Furniture,Yes
413,18-25,Male,10-20L,Quarterly,3000.0,No,3-5,Both,Fashion,50.0,30.0,1000.0,Electronics,Yes
414,55+,Male,<2L,Monthly,10000.0,No,5+,Both,Fashion,15.0,30.0,500.0,Groceries,Yes
416,26-35,Male,5L-10L,Weekly,5000.0,No,<1,Mobile,Electronics,30.0,30.0,1000.0,Electronics,No
418,55+,Male,5-10L,Monthly,12000.0,Yes,3-5,Mobile,Fashion,40.0,30.0,10000.0,Electronics,Yes
419,26-35,Male,5L-10L,Weekly,3000.0,Yes,1-3,Mobile,Books,30.0,60.0,2000.0,Books,No
420,55+,Male,<2,Rarely,5000.0,Yes,1-3,Mobile,Electronics,30.0,30.0,500.0,Electronics,No
421,46-55,Male,>20L,Quarterly,5000.0,Yes,1-3,Mobile,Books,20.0,15.0,10000.0,Electronics,No
422,55+,Male,<2,Bi-weekly,10000.0,No,1-3,Both,Electronics,10.0,60.0,2000.0,Home & Furniture,Yes
423,18-25,Male,5-10L,Rarely,10000.0,Yes,3-5,Desktop,Electronics,30.0,7.0,1000.0,Books,Yes
424,18-25,Male,2-5L,Weekly,10000.0,No,<1,Mobile,Home & Furniture,25.0,30.0,2000.0,Groceries,Yes
425,55+,Male,<2L,Weekly,10000.0,No,<1,Mobile,Books,25.0,60.0,1000.0,Electronics,No
427,26-35,Male,5-10L,Bi-weekly,7000.0,No,<1,Desktop,Home & Furniture,15.0,7.0,500.0,Home & Furniture,No
428,55+,Female,10-20L,Weekly,7000.0,Yes,3-5,Mobile,Books,30.0,60.0,1000.0,Home & Furniture,No
429,18-25,Female,5L-10L,Bi-weekly,10000.0,No,<1,Both,Electronics,60.0,30.0,5000.0,Electronics,No
430,55+,Male,<2L,Weekly,10000.0,No,1-3,Mobile,Electronics,25.0,7.0,1000.0,Fashion,No
431,55+,Female,<2L,Weekly,7000.0,No,1-3,Desktop,Books,10.0,7.0,1000.0,Electronics,No
432,55+,Female,5L-10L,Monthly,10000.0,Yes,1-3,Mobile,Electronics,25.0,15.0,1000.0,Fashion,No
433,55+,Male,5-10L,Bi-weekly,5000.0,No,<1,Desktop,Home & Furniture,30.0,15.0,1000.0,Groceries,No
435,18-25,Male,5-10L,Bi-weekly,10000.0,Yes,1-3,Mobile,Electronics,20.0,7.0,1000.0,Electronics,Yes
436,26-35,Male,5-10L,Monthly,12000.0,Yes,3-5,Mobile,Electronics,20.0,30.0,1000.0,Fashion,No
437,18-25,Male,5-10L,Monthly,20000.0,No,3-5,Mobile,Books,30.0,60.0,1000.0,Fashion,Yes
439,55+,Male,<2L,Weekly,10000.0,No,<1,Desktop,Electronics,30.0,30.0,1000.0,Fashion,Yes
440,46-55,Male,<2,Quarterly,15000.0,No,<1,Mobile,Electronics,20.0,60.0,500.0,Home & Furniture,Yes
441,55+,Male,10-20L,Quarterly,12000.0,No,3-5,Mobile,Electronics,25.0,7.0,2000.0,Groceries,Yes
442,18-25,Male,>20L,Quarterly,10000.0,No,3-5,Mobile,Fashion,50.0,60.0,1000.0,Fashion,No
443,55+,Male,>20L,Weekly,3000.0,No,<1,Desktop,Home & Furniture,30.0,30.0,5000.0,Home & Furniture,Yes
444,26-35,Female,5-10L,Quarterly,20000.0,Yes,3-5,Mobile,Electronics,25.0,7.0,500.0,Home & Furniture,Yes
445,55+,Male,5-10L,Weekly,20000.0,No,3-5,Mobile,Electronics,20.0,7.0,1000.0,Fashion,Yes
446,55+,Female,5-10L,Rarely,10000.0,No,5+,Mobile,Home & Furniture,30.0,7.0,1000.0,Fashion,Yes
447,55+,Female,10-20L,Quarterly,5000.0,No,1-3,Mobile,Electronics,25.0,15.0,1000.0,Fashion,Yes
448,46-55,Female,5-10L,Weekly,5000.0,No,3-5,Both,Groceries,20.0,30.0,1000.0,Electronics,No
449,18-25,Male,<2,Weekly,3000.0,Yes,5+,Mobile,Electronics,30.0,60.0,1000.0,Fashion,No
450,46-55,Female,2-5L,Quarterly,12000.0,Yes,3-5,Desktop,Books,30.0,30.0,500.0,Fashion,No
451,18-25,Female,>20L,Rarely,7000.0,No,3-5,Both,Electronics,20.0,30.0,500.0,Electronics,No
452,55+,Female,5L-10L,Monthly,10000.0,Yes,3-5,Mobile,Books,40.0,7.0,1000.0,Fashion,No
453,55+,Male,10-20L,Weekly,5000.0,Yes,3-5,Mobile,Home & Furniture,30.0,30.0,2000.0,Fashion,Yes
456,26-35,Male,2-5L,Weekly,15000.0,No,1-3,Mobile,Fashion,20.0,15.0,500.0,Electronics,Yes
457,55+,Male,5L-10L,Quarterly,10000.0,No,<1,Mobile,Electronics,25.0,30.0,2000.0,Electronics,Yes
458,36-45,Female,5-10L,Weekly,5000.0,No,<1,Mobile,Fashion,50.0,15.0,2000.0,Fashion,No
459,55+,Male,>20L,Rarely,3000.0,No,3-5,Both,Electronics,30.0,30.0,5000.0,Fashion,Yes
460,46-55,Male,<2,Rarely,15000.0,Yes,1-3,Mobile,Electronics,50.0,15.0,500.0,Books,Yes
461,55+,Female,5L-10L,Monthly,15000.0,No,<1,Both,Electronics,50.0,7.0,2000.0,Books,No
462,18-25,Male,5L-10L,Quarterly,5000.0,No,<1,Both,Home & Furniture,30.0,7.0,2000.0,Books,No
463,55+,Male,2-5L,Bi-weekly,5000.0,No,3-5,Desktop,Books,30.0,60.0,1000.0,Home & Furniture,Yes
464,26-35,Female,5L-10L,Weekly,10000.0,Yes,1-3,Mobile,Electronics,25.0,30.0,2000.0,Electronics,No
466,55+,Male,2-5L,Weekly,10000.0,Yes,3-5,Mobile,Home & Furniture,40.0,30.0,1000.0,Groceries,Yes
467,46-55,Male,5-10L,Quarterly,3000.0,Yes,<1,Mobile,Home & Furniture,10.0,30.0,1000.0,Home & Furniture,Yes
468,55+,Male,2-5L,Weekly,20000.0,Yes,1-3,Mobile,Home & Furniture,15.0,7.0,500.0,Fashion,No
471,36-45,Female,5-10L,Monthly,3000.0,Yes,1-3,Both,Electronics,15.0,30.0,500.0,Groceries,No
472,36-45,Male,<2L,Weekly,10000.0,No,1-3,Mobile,Home & Furniture,30.0,7.0,5000.0,Home & Furniture,No
473,18-25,Male,5-10L,Quarterly,10000.0,No,3-5,Desktop,Groceries,30.0,60.0,5000.0,Electronics,No
474,18-25,Male,<2,Weekly,7000.0,Yes,1-3,Desktop,Electronics,25.0,7.0,2000.0,Electronics,Yes
475,26-35,Male,2-5L,Rarely,20000.0,No,3-5,Mobile,Home & Furniture,30.0,30.0,5000.0,Fashion,No
477,55+,Male,<2L,Quarterly,20000.0,Yes,5+,Mobile,Fashion,25.0,30.0,1000.0,Groceries,Yes
478,46-55,Female,10-20L,Monthly,10000.0,Yes,3-5,Mobile,Home & Furniture,20.0,60.0,1000.0,Books,Yes
480,36-45,Male,2-5L,Bi-weekly,10000.0,Yes,1-3,Desktop,Groceries,30.0,7.0,1000.0,Groceries,Yes
481,36-45,Male,10-20L,Quarterly,10000.0,No,1-3,Desktop,Electronics,10.0,60.0,5000.0,Fashion,No
483,46-55,Female,5-10L,Quarterly,10000.0,No,3-5,Desktop,Books,25.0,7.0,500.0,Home & Furniture,Yes
484,36-45,Male,5-10L,Quarterly,5000.0,Yes,<1,Mobile,Books,20.0,60.0,2000.0,Home & Furniture,No
485,18-25,Male,5-10L,Rarely,12000.0,No,3-5,Both,Electronics,30.0,15.0,5000.0,Home & Furniture,Yes
486,36-45,Female,5-10L,Weekly,12000.0,No,5+,Both,Home & Furniture,30.0,60.0,5000.0,Groceries,Yes
487,36-45,Male,5-10L,Weekly,10000.0,Yes,1-3,Mobile,Electronics,60.0,60.0,1000.0,Fashion,No
488,26-35,Male,5-10L,Monthly,5000.0,Yes,<1,Both,Groceries,30.0,30.0,5000.0,Home & Furniture,Yes
489,46-55,Male,5-10L,Bi-weekly,7000.0,No,5+,Both,Electronics,40.0,15.0,1000.0,Home & Furniture,No
490,46-55,Female,<2L,Quarterly,15000.0,No,<1,Desktop,Electronics,40.0,7.0,500.0,Electronics,No
491,55+,Male,10-20L,Weekly,5000.0,No,5+,Desktop,Electronics,25.0,7.0,5000.0,Electronics,No
492,46-55,Male,<2L,Quarterly,12000.0,Yes,3-5,Mobile,Fashion,20.0,30.0,500.0,Fashion,Yes
493,46-55,Male,<2,Quarterly,5000.0,Yes,3-5,Mobile,Electronics,25.0,30.0,1000.0,Fashion,Yes
494,36-45,Male,5-10L,Quarterly,10000.0,No,3-5,Mobile,Fashion,25.0,30.0,500.0,Home & Furniture,Yes
495,55+,Male,10-20L,Rarely,5000.0,Yes,1-3,Mobile,Fashion,30.0,7.0,2000.0,Groceries,No
496,46-55,Female,5-10L,Weekly,5000.0,No,<1,Desktop,Fashion,30.0,15.0,500.0,Books,Yes
497,55+,Female,2-5L,Weekly,5000.0,Yes,<1,Mobile,Electronics,25.0,7.0,500.0,Home & Furniture,No
498,46-55,Male,>20L,Bi-weekly,10000.0,Yes,3-5,Mobile,Fashion,40.0,60.0,5000.0,Electronics,No
500,46-55,Male,<2L,Quarterly,5000.0,No,<1,Mobile,Home & Furniture,30.0,7.0,2000.0,Fashion,No
501,55+,Female,<2L,Weekly,10000.0,Yes,<1,Both,Groceries,25.0,7.0,1000.0,Fashion,No
502,55+,Male,2-5L,Rarely,10000.0,Yes,<1,Desktop,Home & Furniture,30.0,30.0,10000.0,Electronics,Yes
503,55+,Male,5-10L,Weekly,7000.0,No,<1,Mobile,Electronics,20.0,7.0,2000.0,Electronics,No
504,36-45,Male,5-10L,Quarterly,12000.0,Yes,3-5,Mobile,Electronics,30.0,15.0,1000.0,Home & Furniture,Yes
505,46-55,Male,5-10L,Quarterly,7000.0,Yes,3-5,Mobile,Books,20.0,30.0,5000.0,Books,Yes
506,55+,Male,5L-10L,Weekly,10000.0,No,1-3,Mobile,Electronics,20.0,7.0,2000.0,Home & Furniture,Yes
507,36-45,Male,<2L,Weekly,3000.0,Yes,<1,Mobile,Fashion,30.0,30.0,1000.0,Fashion,No
508,55+,Male,5-10L,Rarely,5000.0,Yes,1-3,Mobile,Groceries,15.0,60.0,5000.0,Electronics,Yes
509,36-45,Female,5-10L,Weekly,5000.0,No,<1,Mobile,Electronics,30.0,60.0,5000.0,Electronics,No
510,18-25,Female,5L-10L,Bi-weekly,15000.0,No,<1,Desktop,Electronics,50.0,7.0,2000.0,Fashion,Yes
511,18-25,Female,5L-10L,Monthly,3000.0,No,5+,Mobile,Books,30.0,7.0,5000.0,Fashion,No
512,55+,Male,10-20L,Weekly,10000.0,Yes,3-5,Mobile,Electronics,30.0,60.0,5000.0,Electronics,Yes
513,18-25,Male,5-10L,Rarely,12000.0,No,<1,Mobile,Electronics,10.0,30.0,1000.0,Fashion,Yes
514,26-35,Male,>20L,Weekly,5000.0,No,<1,Mobile,Electronics,15.0,15.0,1000.0,Groceries,No
515,36-45,Male,5-10L,Bi-weekly,5000.0,No,3-5,Desktop,Electronics,30.0,60.0,2000.0,Fashion,Yes
516,26-35,Male,<2,Rarely,5000.0,Yes,3-5,Mobile,Home & Furniture,40.0,7.0,1000.0,Fashion,Yes
517,36-45,Male,>20L,Weekly,5000.0,Yes,5+,Desktop,Electronics,15.0,7.0,1000.0,Electronics,No
518,55+,Female,<2,Weekly,15000.0,No,3-5,Mobile,Home & Furniture,30.0,30.0,2000.0,Groceries,No
520,55+,Male,<2,Bi-weekly,7000.0,Yes,3-5,Desktop,Fashion,50.0,30.0,5000.0,Home & Furniture,No
522,36-45,Male,5L-10L,Weekly,10000.0,Yes,1-3,Mobile,Electronics,30.0,15.0,5000.0,Fashion,Yes
523,18-25,Male,5-10L,Bi-weekly,5000.0,Yes,1-3,Mobile,Books,30.0,15.0,500.0,Electronics,No
524,55+,Male,<2,Weekly,5000.0,Yes,<1,Desktop,Fashion,10.0,30.0,5000.0,Electronics,Yes
526,36-45,Male,<2L,Rarely,15000.0,Yes,<1,Mobile,Electronics,25.0,15.0,1000.0,Fashion,No
527,55+,Male,5-10L,Rarely,10000.0,Yes,5+,Mobile,Electronics,15.0,7.0,1000.0,Electronics,No
528,55+,Male,2-5L,Quarterly,3000.0,No,1-3,Desktop,Electronics,10.0,60.0,5000.0,Books,No
529,55+,Female,2-5L,Weekly,12000.0,Yes,5+,Mobile,Fashion,30.0,15.0,2000.0,Groceries,No
530,36-45,Male,2-5L,Weekly,12000.0,Yes,<1,Mobile,Fashion,30.0,7.0,500.0,Fashion,Yes
531,55+,Male,2-5L,Weekly,10000.0,No,<1,Mobile,Electronics,40.0,7.0,10000.0,Groceries,Yes
532,55+,Male,5-10L,Quarterly,20000.0,No,1-3,Mobile,Fashion,15.0,60.0,1000.0,Electronics,Yes
534,46-55,Male,5-10L,Weekly,15000.0,No,1-3,Desktop,Groceries,50.0,30.0,500.0,Home & Furniture,No
535,18-25,Male,2-5L,Rarely,15000.0,No,3-5,Mobile,Electronics,30.0,15.0,5000.0,Home & Furniture,Yes
536,26-35,Female,5-10L,Weekly,10000.0,No,<1,Mobile,Fashion,15.0,30.0,5000.0,Books,No
537,46-55,Male,5-10L,Weekly,10000.0,Yes,5+,Mobile,Books,60.0,15.0,1000.0,Groceries,No
538,26-35,Male,<2,Weekly,5000.0,Yes,1-3,Mobile,Home & Furniture,15.0,7.0,1000.0,Home & Furniture,No
539,26-35,Male,5-10L,Quarterly,5000.0,Yes,5+,Mobile,Electronics,30.0,60.0,5000.0,Fashion,Yes
540,55+,Female,10-20L,Bi-weekly,7000.0,Yes,3-5,Mobile,Electronics,50.0,30.0,500.0,Groceries,No
541,55+,Male,5-10L,Quarterly,15000.0,Yes,3-5,Both,Fashion,20.0,60.0,5000.0,Groceries,Yes
542,46-55,Male,2-5L,Monthly,5000.0,No,3-5,Mobile,Electronics,25.0,60.0,5000.0,Groceries,Yes
544,55+,Male,<2L,Monthly,3000.0,Yes,3-5,Mobile,Electronics,20.0,30.0,1000.0,Home & Furniture,Yes
545,18-25,Male,<2L,Monthly,5000.0,Yes,1-3,Mobile,Electronics,40.0,7.0,1000.0,Groceries,Yes
546,36-45,Male,2-5L,Weekly,5000.0,No,<1,Mobile,Fashion,30.0,7.0,1000.0,Fashion,No
547,36-45,Male,<2L,Rarely,20000.0,Yes,3-5,Mobile,Books,40.0,15.0,5000.0,Groceries,No
550,36-45,Male,5-10L,Quarterly,3000.0,Yes,1-3,Desktop,Home & Furniture,30.0,7.0,1000.0,Electronics,No
552,18-25,Male,<2L,Monthly,10000.0,Yes,1-3,Mobile,Fashion,20.0,60.0,2000.0,Electronics,No
553,26-35,Male,5-10L,Rarely,5000.0,No,5+,Desktop,Electronics,10.0,7.0,2000.0,Groceries,Yes
554,55+,Female,2-5L,Weekly,5000.0,Yes,1-3,Mobile,Electronics,20.0,7.0,5000.0,Home & Furniture,No
557,26-35,Female,5-10L,Monthly,15000.0,Yes,1-3,Mobile,Electronics,30.0,30.0,5000.0,Fashion,Yes
559,55+,Female,10-20L,Quarterly,5000.0,Yes,3-5,Mobile,Fashion,30.0,30.0,1000.0,Electronics,No
560,36-45,Female,<2,Quarterly,10000.0,Yes,3-5,Desktop,Electronics,15.0,15.0,5000.0,Home & Furniture,No
561,18-25,Male,<2L,Bi-weekly,5000.0,No,3-5,Mobile,Fashion,25.0,60.0,2000.0,Groceries,No
562,26-35,Male,5L-10L,Quarterly,3000.0,Yes,<1,Mobile,Electronics,30.0,15.0,1000.0,Books,No
563,55+,Male,5-10L,Bi-weekly,10000.0,No,<1,Desktop,Fashion,30.0,30.0,500.0,Home & Furniture,Yes
565,46-55,Female,<2L,Weekly,5000.0,Yes,1-3,Mobile,Home & Furniture,30.0,30.0,2000.0,Fashion,No
566,46-55,Male,5L-10L,Quarterly,5000.0,Yes,5+,Mobile,Electronics,30.0,15.0,1000.0,Fashion,Yes
567,55+,Male,5-10L,Weekly,5000.0,Yes,3-5,Mobile,Electronics,30.0,60.0,1000.0,Fashion,No
568,18-25,Male,2-5L,Weekly,5000.0,No,1-3,Mobile,Home & Furniture,30.0,30.0,2000.0,Home & Furniture,Yes
569,36-45,Male,5-10L,Rarely,7000.0,No,3-5,Mobile,Groceries,50.0,30.0,1000.0,Fashion,No
570,46-55,Female,5-10L,Weekly,12000.0,Yes,1-3,Desktop,Electronics,25.0,30.0,500.0,Fashion,Yes
571,36-45,Female,>20L,Quarterly,5000.0,No,3-5,Both,Electronics,10.0,15.0,5000.0,Home & Furniture,Yes
572,55+,Female,10-20L,Monthly,10000.0,No,5+,Mobile,Fashion,50.0,7.0,500.0,Home & Furniture,No
573,36-45,Male,<2,Weekly,20000.0,Yes,3-5,Both,Home & Furniture,30.0,15.0,2000.0,Fashion,No
574,55+,Male,<2,Weekly,10000.0,No,3-5,Mobile,Electronics,10.0,30.0,5000.0,Fashion,No
575,55+,Female,<2L,Rarely,10000.0,No,1-3,Mobile,Groceries,20.0,7.0,500.0,Fashion,Yes
576,55+,Male,5L-10L,Rarely,10000.0,Yes,1-3,Both,Groceries,30.0,30.0,1000.0,Fashion,No
577,55+,Male,<2,Weekly,10000.0,No,<1,Mobile,Electronics,60.0,60.0,500.0,Groceries,No
579,55+,Male,>20L,Weekly,15000.0,No,3-5,Mobile,Home & Furniture,50.0,15.0,2000.0,Electronics,No
580,36-45,Male,>20L,Bi-weekly,7000.0,No,5+,Mobile,Electronics,15.0,30.0,1000.0,Groceries,No
581,36-45,Male,5-10L,Monthly,12000.0,Yes,1-3,Both,Electronics,30.0,15.0,5000.0,Home & Furniture,No
582,55+,Male,2-5L,Weekly,10000.0,No,3-5,Mobile,Books,15.0,30.0,10000.0,Electronics,No
583,18-25,Female,2-5L,Weekly,12000.0,Yes,5+,Mobile,Electronics,25.0,7.0,2000.0,Home & Furniture,No
584,36-45,Male,5-10L,Quarterly,15000.0,No,1-3,Both,Electronics,50.0,7.0,10000.0,Fashion,Yes
585,55+,Male,2-5L,Weekly,10000.0,No,1-3,Mobile,Groceries,30.0,30.0,1000.0,Electronics,No
586,46-55,Male,10-20L,Rarely,3000.0,Yes,3-5,Both,Electronics,30.0,15.0,1000.0,Fashion,No
587,26-35,Male,2-5L,Weekly,5000.0,No,3-5,Mobile,Home & Furniture,20.0,15.0,500.0,Books,No
588,36-45,Male,5L-10L,Quarterly,12000.0,Yes,<1,Mobile,Electronics,30.0,30.0,2000.0,Fashion,Yes
589,26-35,Female,5-10L,Weekly,3000.0,No,1-3,Both,Books,20.0,15.0,10000.0,Fashion,No
591,55+,Male,<2,Weekly,10000.0,No,1-3,Mobile,Home & Furniture,30.0,60.0,1000.0,Home & Furniture,Yes
593,26-35,Male,>20L,Quarterly,12000.0,Yes,5+,Mobile,Books,20.0,15.0,5000.0,Groceries,No
596,26-35,Male,>20L,Rarely,12000.0,Yes,1-3,Mobile,Fashion,15.0,7.0,1000.0,Groceries,Yes
597,55+,Male,<2,Bi-weekly,5000.0,Yes,1-3,Mobile,Electronics,10.0,7.0,1000.0,Home & Furniture,Yes
598,46-55,Male,5-10L,Weekly,10000.0,No,<1,Both,Home & Furniture,40.0,60.0,5000.0,Electronics,No
599,55+,Female,5-10L,Weekly,10000.0,Yes,<1,Mobile,Books,40.0,30.0,2000.0,Books,Yes
600,46-55,Male,5L-10L,Quarterly,5000.0,No,1-3,Mobile,Electronics,10.0,7.0,5000.0,Home & Furniture,No
601,55+,Male,5-10L,Quarterly,5000.0,No,5+,Desktop,Electronics,50.0,30.0,2000.0,Home & Furniture,Yes
602,55+,Female,<2,Quarterly,5000.0,No,1-3,Mobile,Electronics,60.0,15.0,500.0,Electronics,No
603,55+,Female,5-10L,Monthly,12000.0,No,<1,Mobile,Electronics,50.0,60.0,1000.0,Groceries,No
604,55+,Male,2-5L,Weekly,5000.0,No,1-3,Mobile,Books,20.0,7.0,2000.0,Groceries,No
605,55+,Female,5-10L,Rarely,7000.0,Yes,1-3,Mobile,Electronics,40.0,15.0,2000.0,Fashion,No
606,55+,Female,>20L,Quarterly,10000.0,Yes,1-3,Mobile,Electronics,40.0,30.0,2000.0,Fashion,No
607,55+,Male,5L-10L,Monthly,5000.0,No,<1,Both,Electronics,40.0,60.0,1000.0,Groceries,Yes
609,55+,Male,2-5L,Rarely,5000.0,Yes,1-3,Mobile,Fashion,30.0,15.0,1000.0,Home & Furniture,No
610,36-45,Male,2-5L,Weekly,5000.0,Yes,5+,Both,Home & Furniture,10.0,30.0,1000.0,Home & Furniture,No
612,46-55,Male,5-10L,Monthly,10000.0,Yes,<1,Mobile,Electronics,20.0,15.0,5000.0,Electronics,No
614,55+,Male,>20L,Weekly,3000.0,No,1-3,Mobile,Electronics,40.0,60.0,10000.0,Fashion,No
615,26-35,Male,<2,Weekly,5000.0,Yes,1-3,Both,Fashion,30.0,60.0,5000.0,Home & Furniture,No
616,55+,Female,2-5L,Weekly,10000.0,Yes,3-5,Mobile,Home & Furniture,25.0,60.0,5000.0,Fashion,No
617,55+,Female,5-10L,Weekly,5000.0,Yes,1-3,Mobile,Books,30.0,7.0,500.0,Fashion,No
618,36-45,Female,10-20L,Rarely,5000.0,No,3-5,Mobile,Electronics,10.0,30.0,2000.0,Groceries,Yes
619,18-25,Male,10-20L,Weekly,5000.0,No,3-5,Mobile,Fashion,30.0,30.0,500.0,Books,No
621,55+,Male,<2L,Weekly,15000.0,No,1-3,Desktop,Fashion,10.0,7.0,10000.0,Groceries,Yes
622,36-45,Male,10-20L,Quarterly,5000.0,No,<1,Mobile,Fashion,40.0,30.0,1000.0,Fashion,Yes
623,55+,Male,<2L,Weekly,12000.0,No,1-3,Mobile,Electronics,30.0,7.0,2000.0,Home & Furniture,Yes
625,55+,Male,>20L,Weekly,5000.0,No,1-3,Mobile,Electronics,60.0,15.0,1000.0,Electronics,Yes
626,36-45,Male,2-5L,Quarterly,7000.0,No,5+,Mobile,Electronics,20.0,15.0,5000.0,Groceries,No
627,55+,Male,5L-10L,Weekly,5000.0,No,3-5,Mobile,Books,30.0,15.0,5000.0,Electronics,No
628,18-25,Male,<2,Quarterly,10000.0,No,3-5,Mobile,Home & Furniture,20.0,7.0,5000.0,Home & Furniture,Yes
629,46-55,Male,2-5L,Weekly,5000.0,No,3-5,Mobile,Electronics,30.0,60.0,10000.0,Electronics,No
630,55+,Female,<2L,Weekly,12000.0,Yes,5+,Mobile,Fashion,15.0,30.0,1000.0,Home & Furniture,No
631,55+,Male,5L-10L,Weekly,10000.0,Yes,1-3,Both,Groceries,20.0,30.0,1000.0,Home & Furniture,Yes
632,55+,Female,2-5L,Monthly,12000.0,No,<1,Mobile,Electronics,50.0,60.0,5000.0,Electronics,No
633,18-25,Male,<2,Monthly,5000.0,No,5+,Both,Electronics,20.0,7.0,1000.0,Groceries,No
634,36-45,Male,5-10L,Weekly,10000.0,Yes,1-3,Mobile,Fashion,25.0,15.0,10000.0,Fashion,No
635,18-25,Female,<2L,Bi-weekly,10000.0,Yes,1-3,Both,Fashion,50.0,30.0,500.0,Electronics,Yes
636,55+,Male,10-20L,Weekly,7000.0,Yes,3-5,Mobile,Fashion,20.0,15.0,2000.0,Fashion,Yes
637,55+,Male,5L-10L,Weekly,10000.0,No,5+,Desktop,Books,30.0,15.0,500.0,Electronics,Yes
638,55+,Male,5L-10L,Rarely,7000.0,Yes,<1,Both,Electronics,30.0,60.0,10000.0,Groceries,Yes
639,55+,Male,<2L,Rarely,10000.0,No,3-5,Mobile,Fashion,20.0,30.0,1000.0,Electronics,Yes
640,55+,Male,>20L,Weekly,10000.0,Yes,3-5,Mobile,Electronics,20.0,7.0,5000.0,Home & Furniture,No
641,55+,Male,<2L,Weekly,5000.0,No,1-3,Mobile,Electronics,20.0,7.0,1000.0,Books,No
642,55+,Male,2-5L,Weekly,15000.0,No,1-3,Desktop,Groceries,15.0,7.0,5000.0,Home & Furniture,No
643,18-25,Male,<2L,Weekly,12000.0,Yes,3-5,Mobile,Home & Furniture,30.0,60.0,1000.0,Fashion,No
644,26-35,Male,>20L,Weekly,3000.0,Yes,<1,Desktop,Fashion,25.0,7.0,1000.0,Fashion,No
645,55+,Female,>20L,Bi-weekly,3000.0,Yes,<1,Mobile,Fashion,10.0,60.0,5000.0,Groceries,Yes
646,55+,Female,>20L,Monthly,10000.0,No,3-5,Mobile,Home & Furniture,10.0,7.0,500.0,Fashion,No
647,18-25,Male,5-10L,Weekly,10000.0,Yes,5+,Mobile,Groceries,40.0,7.0,1000.0,Electronics,Yes
648,46-55,Male,5-10L,Weekly,15000.0,No,5+,Mobile,Fashion,50.0,15.0,1000.0,Home & Furniture,No
650,18-25,Male,>20L,Weekly,5000.0,Yes,5+,Mobile,Groceries,10.0,30.0,1000.0,Home & Furniture,No
651,36-45,Male,5-10L,Rarely,3000.0,No,1-3,Mobile,Electronics,30.0,7.0,5000.0,Home & Furniture,Yes
652,55+,Female,5L-10L,Weekly,10000.0,Yes,3-5,Mobile,Electronics,15.0,7.0,1000.0,Groceries,No
653,55+,Male,5-10L,Weekly,10000.0,No,1-3,Mobile,Electronics,30.0,15.0,5000.0,Home & Furniture,No
654,26-35,Male,5L-10L,Bi-weekly,20000.0,No,3-5,Mobile,Electronics,30.0,30.0,1000.0,Fashion,No
655,55+,Male,2-5L,Monthly,10000.0,No,<1,Both,Electronics,30.0,7.0,1000.0,Groceries,Yes
657,55+,Male,<2,Monthly,12000.0,No,5+,Mobile,Fashion,25.0,7.0,1000.0,Electronics,No
658,26-35,Male,10-20L,Weekly,10000.0,No,<1,Mobile,Electronics,30.0,30.0,2000.0,Books,Yes
659,46-55,Female,5L-10L,Quarterly,10000.0,Yes,1-3,Both,Books,30.0,30.0,1000.0,Fashion,No
660,36-45,Male,<2,Rarely,10000.0,No,5+,Desktop,Electronics,20.0,30.0,2000.0,Home & Furniture,Yes
661,55+,Male,5-10L,Weekly,10000.0,No,5+,Mobile,Books,30.0,15.0,1000.0,Home & Furniture,No
662,55+,Male,5-10L,Weekly,15000.0,No,3-5,Mobile,Groceries,30.0,15.0,5000.0,Fashion,Yes
663,26-35,Male,2-5L,Rarely,5000.0,No,3-5,Mobile,Electronics,25.0,7.0,10000.0,Groceries,No
664,18-25,Male,5-10L,Monthly,10000.0,No,3-5,Desktop,Electronics,25.0,15.0,1000.0,Fashion,No
665,36-45,Male,5L-10L,Monthly,10000.0,Yes,3-5,Mobile,Electronics,20.0,15.0,1000.0,Fashion,No
666,55+,Male,5-10L,Weekly,7000.0,Yes,5+,Desktop,Fashion,30.0,15.0,5000.0,Fashion,Yes
667,55+,Male,<2L,Monthly,5000.0,Yes,3-5,Mobile,Electronics,25.0,30.0,2000.0,Electronics,No
668,55+,Male,2-5L,Weekly,5000.0,Yes,5+,Mobile,Home & Furniture,40.0,15.0,500.0,Electronics,Yes
669,55+,Female,<2L,Weekly,10000.0,Yes,3-5,Both,Electronics,30.0,30.0,1000.0,Groceries,No
671,18-25,Female,>20L,Monthly,3000.0,Yes,<1,Both,Fashion,40.0,7.0,5000.0,Electronics,Yes
672,46-55,Female,5L-10L,Rarely,5000.0,No,1-3,Both,Electronics,10.0,60.0,2000.0,Fashion,No
673,55+,Male,2-5L,Weekly,5000.0,Yes,3-5,Mobile,Fashion,20.0,15.0,500.0,Fashion,No
674,55+,Male,<2,Rarely,20000.0,Yes,5+,Mobile,Electronics,25.0,30.0,1000.0,Electronics,No
675,46-55,Male,<2,Monthly,10000.0,Yes,3-5,Mobile,Fashion,50.0,7.0,2000.0,Groceries,No
676,36-45,Male,2-5L,Weekly,7000.0,No,3-5,Mobile,Electronics,10.0,7.0,1000.0,Books,Yes
677,55+,Male,>20L,Weekly,20000.0,Yes,3-5,Mobile,Fashion,20.0,7.0,500.0,Fashion,No
678,36-45,Male,5-10L,Weekly,5000.0,No,1-3,Desktop,Fashion,40.0,30.0,1000.0,Books,No
679,18-25,Male,<2L,Quarterly,20000.0,No,<1,Mobile,Groceries,30.0,30.0,500.0,Groceries,Yes
681,18-25,Female,5-10L,Weekly,10000.0,No,1-3,Desktop,Fashion,25.0,60.0,2000.0,Groceries,No
682,26-35,Male,5-10L,Weekly,10000.0,Yes,3-5,Both,Fashion,30.0,60.0,500.0,Groceries,Yes
683,18-25,Male,>20L,Monthly,15000.0,No,3-5,Mobile,Electronics,30.0,60.0,2000.0,Home & Furniture,Yes
684,36-45,Male,2-5L,Bi-weekly,5000.0,Yes,<1,Desktop,Electronics,25.0,30.0,1000.0,Groceries,No
686,55+,Male,<2L,Weekly,5000.0,No,5+,Mobile,Electronics,30.0,30.0,500.0,Books,No
687,36-45,Male,>20L,Quarterly,5000.0,No,3-5,Desktop,Electronics,25.0,15.0,500.0,Fashion,No
689,55+,Male,>20L,Weekly,15000.0,No,<1,Both,Books,10.0,30.0,5000.0,Electronics,No
691,26-35,Female,2-5L,Weekly,7000.0,No,3-5,Mobile,Groceries,20.0,30.0,2000.0,Fashion,No
693,26-35,Male,>20L,Weekly,7000.0,Yes,1-3,Both,Groceries,30.0,60.0,2000.0,Fashion,Yes
695,55+,Male,10-20L,Bi-weekly,10000.0,No,<1,Mobile,Electronics,30.0,60.0,5000.0,Electronics,No
696,46-55,Female,5-10L,Rarely,10000.0,No,<1,Mobile,Electronics,30.0,30.0,1000.0,Home & Furniture,No
697,55+,Male,>20L,Quarterly,10000.0,Yes,5+,Mobile,Fashion,30.0,15.0,1000.0,Electronics,Yes
700,26-35,Male,5L-10L,Rarely,7000.0,Yes,<1,Mobile,Books,20.0,15.0,2000.0,Home & Furniture,Yes
701,26-35,Male,2-5L,Weekly,5000.0,No,1-3,Mobile,Books,15.0,7.0,500.0,Home & Furniture,Yes
702,36-45,Male,5L-10L,Weekly,5000.0,No,1-3,Mobile,Fashion,40.0,60.0,2000.0,Fashion,Yes
704,55+,Male,5-10L,Weekly,12000.0,Yes,3-5,Mobile,Groceries,50.0,30.0,5000.0,Home & Furniture,No
705,26-35,Female,<2,Monthly,7000.0,Yes,1-3,Both,Home & Furniture,10.0,30.0,5000.0,Home & Furniture,Yes
706,46-55,Male,5-10L,Quarterly,10000.0,Yes,3-5,Both,Home & Furniture,20.0,30.0,500.0,Books,Yes
707,55+,Male,5-10L,Quarterly,12000.0,Yes,3-5,Mobile,Fashion,40.0,15.0,10000.0,Groceries,Yes
708,55+,Male,5L-10L,Quarterly,20000.0,Yes,3-5,Both,Electronics,50.0,7.0,5000.0,Fashion,No
709,55+,Female,<2L,Weekly,15000.0,Yes,3-5,Mobile,Home & Furniture,30.0,30.0,5000.0,Fashion,No
710,36-45,Male,2-5L,Weekly,10000.0,No,1-3,Mobile,Electronics,30.0,15.0,1000.0,Groceries,No
711,55+,Male,>20L,Quarterly,10000.0,Yes,<1,Mobile,Home & Furniture,25.0,30.0,2000.0,Fashion,No
712,55+,Male,>20L,Weekly,5000.0,No,1-3,Mobile,Home & Furniture,30.0,30.0,2000.0,Groceries,No
713,55+,Male,<2L,Rarely,5000.0,No,5+,Mobile,Electronics,50.0,7.0,500.0,Home & Furniture,No
714,55+,Female,<2L,Weekly,5000.0,Yes,5+,Mobile,Groceries,50.0,7.0,1000.0,Electronics,No
715,55+,Female,2-5L,Weekly,10000.0,No,5+,Mobile,Fashion,30.0,15.0,10000.0,Fashion,No
716,26-35,Female,5-10L,Weekly,15000.0,Yes,<1,Mobile,Fashion,20.0,30.0,1000.0,Home & Furniture,No
717,46-55,Female,<2,Weekly,15000.0,No,3-5,Mobile,Books,25.0,30.0,2000.0,Groceries,Yes
718,18-25,Male,5-10L,Weekly,5000.0,No,3-5,Mobile,Groceries,40.0,7.0,5000.0,Electronics,Yes
719,46-55,Male,2-5L,Rarely,5000.0,No,3-5,Mobile,Books,10.0,30.0,5000.0,Home & Furniture,Yes
721,46-55,Male,>20L,Weekly,10000.0,No,3-5,Mobile,Electronics,30.0,7.0,2000.0,Home & Furniture,No
723,18-25,Female,5L-10L,Weekly,12000.0,Yes,5+,Mobile,Home & Furniture,30.0,7.0,2000.0,Fashion,No
724,55+,Male,5L-10L,Weekly,15000.0,No,1-3,Mobile,Electronics,25.0,30.0,1000.0,Fashion,No
725,18-25,Male,2-5L,Weekly,10000.0,No,3-5,Mobile,Electronics,30.0,60.0,2000.0,Fashion,No
727,26-35,Female,5L-10L,Weekly,20000.0,No,5+,Mobile,Electronics,60.0,15.0,5000.0,Books,Yes
730,46-55,Female,5-10L,Weekly,5000.0,No,5+,Mobile,Electronics,60.0,7.0,1000.0,Groceries,No
731,36-45,Female,<2L,Rarely,3000.0,No,3-5,Mobile,Books,40.0,7.0,1000.0,Home & Furniture,Yes
732,18-25,Male,>20L,Weekly,5000.0,No,1-3,Both,Home & Furniture,50.0,30.0,1000.0,Fashion,Yes
734,36-45,Male,>20L,Weekly,12000.0,No,3-5,Both,Electronics,20.0,30.0,1000.0,Fashion,No
735,18-25,Male,<2,Weekly,10000.0,Yes,<1,Mobile,Fashion,25.0,7.0,1000.0,Electronics,Yes
736,55+,Male,5L-10L,Rarely,5000.0,No,1-3,Mobile,Books,50.0,7.0,1000.0,Home & Furniture,No
737,26-35,Male,<2,Quarterly,5000.0,Yes,<1,Mobile,Books,30.0,30.0,2000.0,Electronics,No
738,26-35,Male,5L-10L,Rarely,15000.0,No,3-5,Mobile,Electronics,50.0,15.0,5000.0,Fashion,No
739,36-45,Male,<2L,Weekly,5000.0,No,5+,Mobile,Electronics,40.0,15.0,1000.0,Groceries,No
740,55+,Male,5L-10L,Weekly,3000.0,No,<1,Mobile,Electronics,20.0,30.0,5000.0,Electronics,No
741,18-25,Male,>20L,Weekly,10000.0,Yes,1-3,Mobile,Fashion,50.0,30.0,2000.0,Home & Furniture,No
742,18-25,Male,5L-10L,Rarely,10000.0,Yes,1-3,Mobile,Books,10.0,30.0,1000.0,Electronics,No
743,55+,Male,5L-10L,Rarely,3000.0,Yes,3-5,Mobile,Electronics,30.0,60.0,2000.0,Groceries,No
744,18-25,Male,<2,Weekly,12000.0,No,<1,Mobile,Fashion,20.0,7.0,1000.0,Home & Furniture,Yes
745,46-55,Male,>20L,Quarterly,7000.0,Yes,3-5,Mobile,Electronics,20.0,7.0,2000.0,Electronics,No
746,36-45,Female,5-10L,Rarely,10000.0,No,1-3,Both,Groceries,25.0,30.0,2000.0,Fashion,Yes
747,36-45,Female,2-5L,Bi-weekly,10000.0,Yes,1-3,Mobile,Home & Furniture,60.0,60.0,10000.0,Home & Furniture,No
748,36-45,Male,5-10L,Weekly,3000.0,Yes,<1,Mobile,Electronics,30.0,60.0,2000.0,Electronics,Yes
749,55+,Female,5-10L,Rarely,5000.0,No,1-3,Mobile,Electronics,20.0,30.0,2000.0,Home & Furniture,No
750,55+,Male,>20L,Weekly,7000.0,Yes,<1,Mobile,Books,20.0,60.0,2000.0,Groceries,No
751,26-35,Female,5-10L,Bi-weekly,5000.0,Yes,1-3,Mobile,Groceries,50.0,15.0,500.0,Groceries,No
752,36-45,Male,5L-10L,Weekly,5000.0,Yes,1-3,Both,Books,10.0,30.0,5000.0,Home & Furniture,No
753,55+,Male,5-10L,Weekly,5000.0,No,5+,Desktop,Electronics,50.0,7.0,2000.0,Electronics,No
754,36-45,Male,5L-10L,Weekly,7000.0,Yes,<1,Mobile,Electronics,40.0,15.0,1000.0,Home & Furniture,Yes
755,55+,Male,>20L,Weekly,15000.0,No,1-3,Desktop,Books,25.0,60.0,500.0,Home & Furniture,No
756,26-35,Male,2-5L,Weekly,10000.0,No,3-5,Mobile,Electronics,30.0,30.0,1000.0,Electronics,Yes
757,36-45,Male,2-5L,Weekly,15000.0,Yes,<1,Mobile,Electronics,50.0,15.0,2000.0,Groceries,Yes
758,55+,Male,5L-10L,Weekly,7000.0,No,3-5,Mobile,Fashion,15.0,15.0,1000.0,Books,No
759,18-25,Male,5-10L,Weekly,7000.0,No,3-5,Mobile,Groceries,60.0,7.0,2000.0,Fashion,No
760,36-45,Male,<2,Quarterly,5000.0,Yes,<1,Mobile,Home & Furniture,20.0,30.0,1000.0,Books,No
761,55+,Male,2-5L,Monthly,5000.0,No,5+,Mobile,Fashion,30.0,30.0,500.0,Home & Furniture,Yes
762,18-25,Female,2-5L,Weekly,5000.0,Yes,3-5,Mobile,Fashion,40.0,7.0,5000.0,Fashion,Yes
763,18-25,Male,5-10L,Quarterly,3000.0,Yes,5+,Desktop,Fashion,30.0,7.0,1000.0,Groceries,Yes
765,55+,Male,5-10L,Weekly,5000.0,Yes,1-3,Desktop,Electronics,40.0,30.0,2000.0,Home & Furniture,No
766,18-25,Female,5L-10L,Weekly,3000.0,Yes,<1,Both,Fashion,25.0,7.0,5000.0,Home & Furniture,Yes
768,18-25,Male,2-5L,Rarely,5000.0,No,<1,Mobile,Electronics,30.0,60.0,1000.0,Home & Furniture,Yes
769,18-25,Female,5-10L,Quarterly,15000.0,No,3-5,Mobile,Fashion,40.0,30.0,500.0,Fashion,No
770,55+,Male,10-20L,Quarterly,10000.0,No,3-5,Mobile,Electronics,40.0,30.0,5000.0,Home & Furniture,Yes
771,26-35,Female,<2L,Monthly,5000.0,No,1-3,Desktop,Electronics,25.0,30.0,5000.0,Fashion,Yes
772,46-55,Male,<2L,Weekly,5000.0,No,5+,Mobile,Books,20.0,15.0,1000.0,Home & Furniture,Yes
773,46-55,Male,>20L,Monthly,20000.0,Yes,1-3,Mobile,Electronics,10.0,7.0,1000.0,Home & Furniture,Yes
774,55+,Female,5L-10L,Quarterly,15000.0,Yes,<1,Desktop,Electronics,20.0,30.0,1000.0,Books,Yes
776,55+,Male,<2,Monthly,3000.0,No,<1,Mobile,Electronics,20.0,30.0,1000.0,Home & Furniture,Yes
778,26-35,Male,5-10L,Rarely,5000.0,Yes,3-5,Mobile,Electronics,15.0,30.0,2000.0,Electronics,Yes
780,55+,Male,>20L,Rarely,5000.0,Yes,1-3,Mobile,Electronics,20.0,60.0,1000.0,Books,No
781,26-35,Female,5-10L,Weekly,12000.0,No,3-5,Mobile,Electronics,50.0,30.0,2000.0,Fashion,Yes
782,55+,Female,2-5L,Weekly,10000.0,No,3-5,Mobile,Electronics,20.0,30.0,1000.0,Fashion,No
783,36-45,Male,>20L,Quarterly,12000.0,No,<1,Both,Electronics,15.0,7.0,500.0,Fashion,Yes
784,46-55,Male,5-10L,Weekly,5000.0,No,3-5,Mobile,Electronics,25.0,30.0,1000.0,Electronics,Yes
785,55+,Male,<2,Weekly,20000.0,No,5+,Desktop,Electronics,30.0,15.0,5000.0,Fashion,Yes
786,36-45,Male,>20L,Weekly,5000.0,No,3-5,Mobile,Fashion,50.0,60.0,1000.0,Groceries,No
787,55+,Male,<2L,Weekly,20000.0,No,5+,Mobile,Electronics,40.0,15.0,1000.0,Fashion,Yes
791,26-35,Male,5-10L,Weekly,10000.0,No,5+,Desktop,Fashion,20.0,30.0,500.0,Books,Yes
792,36-45,Male,2-5L,Quarterly,5000.0,No,1-3,Mobile,Fashion,20.0,30.0,1000.0,Fashion,No
793,36-45,Male,<2L,Weekly,5000.0,No,<1,Desktop,Fashion,30.0,30.0,500.0,Home & Furniture,No
794,18-25,Male,5L-10L,Weekly,20000.0,Yes,3-5,Mobile,Home & Furniture,50.0,60.0,1000.0,Groceries,Yes
796,36-45,Female,2-5L,Weekly,10000.0,No,1-3,Both,Books,25.0,30.0,5000.0,Electronics,No
797,18-25,Male,5-10L,Weekly,5000.0,No,<1,Mobile,Books,25.0,30.0,1000.0,Fashion,Yes
799,55+,Female,<2,Weekly,5000.0,No,1-3,Desktop,Fashion,60.0,7.0,500.0,Home & Furniture,No
800,55+,Male,<2,Weekly,10000.0,No,3-5,Mobile,Electronics,30.0,60.0,500.0,Home & Furniture,No
801,55+,Male,<2,Quarterly,7000.0,Yes,3-5,Desktop,Fashion,30.0,60.0,500.0,Fashion,No
802,36-45,Male,5-10L,Weekly,10000.0,No,<1,Mobile,Books,30.0,30.0,1000.0,Home & Furniture,Yes
803,55+,Male,<2,Weekly,12000.0,Yes,<1,Mobile,Fashion,25.0,30.0,500.0,Home & Furniture,No
804,46-55,Male,<2L,Quarterly,20000.0,No,3-5,Mobile,Books,30.0,30.0,500.0,Groceries,No
805,18-25,Male,10-20L,Bi-weekly,5000.0,No,<1,Mobile,Home & Furniture,20.0,30.0,2000.0,Home & Furniture,No
806,18-25,Male,5-10L,Quarterly,7000.0,Yes,3-5,Both,Groceries,40.0,7.0,10000.0,Books,Yes
808,26-35,Male,<2L,Quarterly,5000.0,Yes,<1,Mobile,Home & Furniture,30.0,30.0,2000.0,Fashion,No
809,46-55,Male,<2L,Monthly,7000.0,No,3-5,Both,Fashion,20.0,15.0,500.0,Home & Furniture,Yes
810,55+,Male,2-5L,Rarely,3000.0,No,5+,Mobile,Electronics,25.0,15.0,2000.0,Fashion,No
811,18-25,Female,>20L,Weekly,3000.0,Yes,3-5,Mobile,Electronics,30.0,15.0,2000.0,Groceries,Yes
812,18-25,Male,5-10L,Weekly,12000.0,No,3-5,Both,Fashion,40.0,15.0,1000.0,Fashion,Yes
813,55+,Male,5-10L,Weekly,5000.0,No,3-5,Desktop,Groceries,50.0,60.0,1000.0,Fashion,Yes
814,46-55,Male,<2,Weekly,10000.0,No,1-3,Mobile,Fashion,30.0,30.0,2000.0,Home & Furniture,No
815,18-25,Male,2-5L,Quarterly,5000.0,No,<1,Both,Groceries,30.0,7.0,500.0,Groceries,Yes
816,55+,Male,<2,Weekly,10000.0,No,1-3,Desktop,Electronics,60.0,30.0,500.0,Fashion,No
817,55+,Male,>20L,Weekly,10000.0,Yes,5+,Both,Fashion,40.0,7.0,500.0,Home & Furniture,Yes
818,46-55,Male,5-10L,Rarely,15000.0,No,5+,Mobile,Fashion,50.0,7.0,500.0,Home & Furniture,No
819,46-55,Male,<2,Weekly,5000.0,Yes,3-5,Mobile,Books,30.0,15.0,5000.0,Electronics,Yes
821,18-25,Male,>20L,Rarely,15000.0,Yes,<1,Desktop,Electronics,30.0,7.0,500.0,Fashion,Yes
822,46-55,Female,10-20L,Weekly,10000.0,Yes,3-5,Mobile,Home & Furniture,30.0,30.0,2000.0,Fashion,No
823,26-35,Male,>20L,Rarely,10000.0,Yes,3-5,Mobile,Groceries,10.0,7.0,2000.0,Fashion,No
824,46-55,Male,<2,Weekly,5000.0,No,5+,Mobile,Books,20.0,7.0,500.0,Home & Furniture,Yes
825,55+,Male,>20L,Quarterly,20000.0,No,1-3,Mobile,Electronics,25.0,7.0,1000.0,Electronics,Yes
826,18-25,Male,2-5L,Rarely,5000.0,Yes,3-5,Mobile,Home & Furniture,40.0,60.0,2000.0,Electronics,Yes
827,55+,Female,<2L,Rarely,5000.0,No,3-5,Mobile,Fashion,30.0,30.0,500.0,Fashion,Yes
830,26-35,Male,2-5L,Weekly,5000.0,No,3-5,Desktop,Electronics,25.0,7.0,500.0,Electronics,Yes
831,46-55,Male,5-10L,Rarely,10000.0,No,1-3,Desktop,Electronics,25.0,7.0,2000.0,Fashion,Yes
834,55+,Male,5-10L,Weekly,3000.0,No,3-5,Mobile,Books,25.0,7.0,500.0,Groceries,No
835,55+,Female,<2,Rarely,10000.0,Yes,<1,Mobile,Home & Furniture,25.0,60.0,1000.0,Electronics,Yes
836,55+,Male,5-10L,Rarely,10000.0,No,<1,Both,Electronics,30.0,30.0,1000.0,Fashion,Yes
837,55+,Male,<2,Monthly,3000.0,No,3-5,Mobile,Books,20.0,60.0,2000.0,Electronics,No
838,55+,Male,<2L,Weekly,10000.0,No,3-5,Mobile,Electronics,15.0,7.0,1000.0,Electronics,No
839,55+,Male,5-10L,Weekly,20000.0,No,1-3,Mobile,Groceries,30.0,7.0,10000.0,Groceries,Yes
840,55+,Male,5-10L,Monthly,7000.0,No,1-3,Mobile,Electronics,60.0,60.0,2000.0,Electronics,No
841,18-25,Female,<2,Weekly,10000.0,No,1-3,Mobile,Fashion,30.0,15.0,1000.0,Electronics,No
842,55+,Female,<2,Weekly,20000.0,Yes,3-5,Mobile,Books,25.0,30.0,1000.0,Fashion,No
843,46-55,Male,<2,Quarterly,5000.0,No,1-3,Mobile,Home & Furniture,15.0,7.0,500.0,Electronics,No
845,55+,Female,5-10L,Weekly,15000.0,Yes,3-5,Mobile,Electronics,30.0,60.0,500.0,Electronics,Yes
846,55+,Male,>20L,Weekly,10000.0,No,3-5,Both,Electronics,25.0,30.0,1000.0,Fashion,Yes
847,36-45,Female,5-10L,Monthly,12000.0,No,1-3,Mobile,Electronics,40.0,30.0,1000.0,Fashion,No
848,55+,Male,2-5L,Weekly,5000.0,No,5+,Mobile,Groceries,20.0,30.0,10000.0,Groceries,No
849,18-25,Male,<2,Bi-weekly,15000.0,No,1-3,Mobile,Books,50.0,15.0,5000.0,Home & Furniture,Yes
850,55+,Male,10-20L,Weekly,5000.0,No,5+,Mobile,Electronics,50.0,15.0,500.0,Fashion,No
851,55+,Male,2-5L,Bi-weekly,10000.0,No,3-5,Mobile,Fashion,15.0,7.0,5000.0,Home & Furniture,Yes
853,55+,Male,<2L,Weekly,5000.0,No,<1,Mobile,Fashion,20.0,15.0,2000.0,Groceries,Yes
854,55+,Female,2-5L,Rarely,10000.0,No,<1,Desktop,Electronics,30.0,60.0,1000.0,Home & Furniture,Yes
855,26-35,Male,2-5L,Weekly,10000.0,Yes,<1,Mobile,Books,25.0,7.0,10000.0,Home & Furniture,No
856,36-45,Male,<2,Bi-weekly,15000.0,No,1-3,Desktop,Books,30.0,30.0,500.0,Fashion,No
857,55+,Male,2-5L,Monthly,7000.0,No,1-3,Mobile,Electronics,30.0,15.0,500.0,Books,No
859,36-45,Male,5L-10L,Weekly,5000.0,Yes,1-3,Desktop,Groceries,60.0,30.0,1000.0,Fashion,Yes
860,55+,Male,<2L,Weekly,3000.0,No,<1,Mobile,Electronics,20.0,30.0,1000.0,Electronics,No
861,55+,Male,<2,Quarterly,3000.0,Yes,3-5,Mobile,Fashion,25.0,7.0,1000.0,Home & Furniture,Yes
862,55+,Male,<2L,Bi-weekly,7000.0,Yes,3-5,Both,Groceries,50.0,15.0,10000.0,Fashion,No
863,55+,Male,>20L,Weekly,10000.0,Yes,3-5,Mobile,Home & Furniture,30.0,30.0,1000.0,Home & Furniture,No
864,46-55,Male,<2,Monthly,5000.0,Yes,<1,Mobile,Electronics,40.0,60.0,1000.0,Fashion,No
865,18-25,Male,5-10L,Monthly,5000.0,Yes,3-5,Mobile,Electronics,30.0,30.0,1000.0,Home & Furniture,Yes
866,55+,Male,2-5L,Quarterly,5000.0,Yes,5+,Mobile,Books,60.0,30.0,2000.0,Electronics,No
867,55+,Female,<2L,Weekly,15000.0,No,5+,Desktop,Electronics,30.0,15.0,500.0,Home & Furniture,No
868,55+,Male,10-20L,Rarely,5000.0,No,<1,Both,Home & Furniture,30.0,60.0,1000.0,Groceries,Yes
869,18-25,Female,2-5L,Monthly,10000.0,No,1-3,Mobile,Fashion,20.0,7.0,1000.0,Fashion,No
870,26-35,Male,10-20L,Weekly,12000.0,No,5+,Both,Groceries,20.0,60.0,1000.0,Home & Furniture,No
871,55+,Male,<2,Quarterly,15000.0,No,3-5,Mobile,Electronics,60.0,7.0,2000.0,Fashion,Yes
872,18-25,Female,>20L,Rarely,10000.0,Yes,<1,Both,Books,30.0,15.0,1000.0,Home & Furniture,No
873,55+,Male,>20L,Weekly,5000.0,No,<1,Mobile,Electronics,30.0,30.0,5000.0,Home & Furniture,Yes
874,36-45,Male,5-10L,Weekly,5000.0,Yes,5+,Both,Electronics,50.0,15.0,2000.0,Home & Furniture,No
875,55+,Male,<2L,Bi-weekly,5000.0,No,1-3,Both,Fashion,60.0,60.0,10000.0,Groceries,No
876,55+,Male,5-10L,Quarterly,12000.0,No,5+,Mobile,Electronics,30.0,15.0,2000.0,Fashion,Yes
877,36-45,Male,>20L,Quarterly,5000.0,No,3-5,Mobile,Electronics,50.0,60.0,5000.0,Electronics,Yes
878,36-45,Female,2-5L,Weekly,5000.0,No,<1,Mobile,Fashion,20.0,60.0,1000.0,Fashion,No
879,46-55,Male,10-20L,Monthly,5000.0,Yes,<1,Mobile,Electronics,20.0,30.0,5000.0,Groceries,Yes
880,46-55,Male,2-5L,Quarterly,7000.0,No,3-5,Both,Fashion,10.0,30.0,2000.0,Fashion,No
881,36-45,Male,>20L,Quarterly,5000.0,No,5+,Desktop,Electronics,20.0,60.0,1000.0,Fashion,Yes
882,55+,Male,2-5L,Weekly,5000.0,Yes,1-3,Mobile,Electronics,40.0,30.0,2000.0,Groceries,No
883,55+,Male,5-10L,Rarely,3000.0,No,1-3,Desktop,Home & Furniture,30.0,30.0,10000.0,Fashion,Yes
884,36-45,Male,2-5L,Quarterly,7000.0,No,3-5,Mobile,Electronics,50.0,30.0,2000.0,Groceries,Yes
885,26-35,Female,<2,Weekly,5000.0,No,1-3,Desktop,Fashion,30.0,30.0,2000.0,Books,Yes
886,36-45,Male,<2L,Monthly,10000.0,No,5+,Mobile,Electronics,25.0,7.0,5000.0,Books,Yes
887,36-45,Male,>20L,Weekly,10000.0,Yes,1-3,Desktop,Home & Furniture,15.0,7.0,1000.0,Home & Furniture,Yes
888,18-25,Male,5L-10L,Quarterly,10000.0,No,1-3,Desktop,Books,25.0,30.0,10000.0,Groceries,No
889,26-35,Male,5-10L,Weekly,5000.0,No,1-3,Desktop,Groceries,50.0,7.0,500.0,Books,Yes
891,36-45,Male,5-10L,Weekly,7000.0,Yes,3-5,Mobile,Electronics,30.0,7.0,1000.0,Fashion,Yes
892,55+,Female,5L-10L,Weekly,5000.0,Yes,5+,Mobile,Fashion,60.0,60.0,10000.0,Fashion,Yes
893,26-35,Female,10-20L,Quarterly,5000.0,No,3-5,Mobile,Books,30.0,30.0,500.0,Fashion,Yes
895,55+,Female,5-10L,Quarterly,7000.0,Yes,5+,Mobile,Electronics,60.0,30.0,1000.0,Home & Furniture,Yes
896,55+,Male,>20L,Quarterly,10000.0,No,1-3,Mobile,Groceries,20.0,60.0,10000.0,Electronics,Yes
898,26-35,Male,>20L,Weekly,10000.0,Yes,3-5,Mobile,Home & Furniture,50.0,15.0,2000.0,Electronics,No
899,26-35,Female,2-5L,Weekly,5000.0,Yes,5+,Mobile,Electronics,30.0,30.0,2000.0,Home & Furniture,No
900,46-55,Male,>20L,Quarterly,12000.0,No,<1,Mobile,Books,25.0,30.0,2000.0,Fashion,No
901,36-45,Male,5-10L,Weekly,3000.0,No,<1,Mobile,Home & Furniture,15.0,7.0,10000.0,Electronics,No
902,26-35,Male,>20L,Bi-weekly,5000.0,No,3-5,Mobile,Fashion,25.0,30.0,1000.0,Electronics,No
903,18-25,Male,5-10L,Rarely,12000.0,Yes,<1,Mobile,Electronics,25.0,7.0,2000.0,Home & Furniture,No
904,36-45,Male,<2L,Monthly,7000.0,No,<1,Mobile,Electronics,20.0,30.0,2000.0,Electronics,No
905,55+,Male,2-5L,Weekly,3000.0,Yes,<1,Mobile,Electronics,30.0,30.0,1000.0,Electronics,No
907,36-45,Male,5-10L,Quarterly,20000.0,No,5+,Desktop,Electronics,25.0,15.0,1000.0,Home & Furniture,No
908,18-25,Female,10-20L,Weekly,5000.0,Yes,<1,Mobile,Home & Furniture,20.0,30.0,2000.0,Groceries,No
909,26-35,Male,<2L,Monthly,10000.0,Yes,3-5,Mobile,Fashion,20.0,30.0,5000.0,Groceries,No
910,26-35,Male,<2L,Weekly,5000.0,Yes,5+,Mobile,Home & Furniture,10.0,7.0,1000.0,Home & Furniture,No
912,55+,Male,<2L,Quarterly,12000.0,No,1-3,Mobile,Fashion,20.0,30.0,500.0,Home & Furniture,No
913,55+,Female,>20L,Quarterly,10000.0,No,1-3,Mobile,Fashion,30.0,60.0,2000.0,Home & Furniture,No
914,55+,Male,<2L,Quarterly,5000.0,No,3-5,Both,Fashion,40.0,30.0,2000.0,Books,Yes
915,55+,Female,2-5L,Bi-weekly,5000.0,No,1-3,Mobile,Electronics,40.0,7.0,2000.0,Home & Furniture,No
916,55+,Male,<2L,Quarterly,10000.0,Yes,5+,Mobile,Electronics,20.0,30.0,500.0,Home & Furniture,Yes
918,18-25,Female,10-20L,Weekly,10000.0,Yes,5+,Mobile,Groceries,60.0,7.0,5000.0,Groceries,No
919,26-35,Male,5-10L,Weekly,5000.0,Yes,1-3,Mobile,Home & Furniture,30.0,15.0,1000.0,Home & Furniture,No
920,46-55,Female,2-5L,Bi-weekly,5000.0,Yes,3-5,Mobile,Books,60.0,30.0,1000.0,Groceries,No
921,18-25,Male,<2L,Quarterly,12000.0,No,3-5,Desktop,Home & Furniture,40.0,30.0,2000.0,Fashion,Yes
922,55+,Male,5-10L,Monthly,5000.0,Yes,3-5,Mobile,Electronics,15.0,15.0,5000.0,Fashion,Yes
923,46-55,Male,>20L,Quarterly,15000.0,No,5+,Mobile,Home & Furniture,30.0,30.0,5000.0,Books,No
924,46-55,Male,5L-10L,Weekly,7000.0,No,5+,Mobile,Fashion,20.0,30.0,1000.0,Groceries,No
925,26-35,Female,<2,Weekly,12000.0,No,3-5,Mobile,Electronics,20.0,30.0,1000.0,Electronics,No
928,55+,Male,>20L,Weekly,20000.0,No,<1,Both,Books,30.0,60.0,500.0,Groceries,No
930,55+,Male,<2L,Quarterly,5000.0,Yes,3-5,Mobile,Books,20.0,15.0,5000.0,Electronics,Yes
931,26-35,Female,<2L,Monthly,20000.0,Yes,3-5,Both,Electronics,30.0,30.0,1000.0,Home & Furniture,No
933,36-45,Male,5-10L,Rarely,10000.0,Yes,1-3,Mobile,Groceries,30.0,15.0,5000.0,Fashion,Yes
934,55+,Male,5-10L,Weekly,5000.0,No,5+,Mobile,Home & Furniture,30.0,30.0,2000.0,Home & Furniture,Yes
935,55+,Male,2-5L,Rarely,15000.0,No,1-3,Mobile,Electronics,15.0,30.0,2000.0,Books,No
936,26-35,Male,5-10L,Rarely,20000.0,No,<1,Mobile,Electronics,15.0,60.0,2000.0,Books,No
937,55+,Female,>20L,Quarterly,7000.0,No,<1,Mobile,Fashion,40.0,30.0,1000.0,Fashion,No
938,18-25,Male,>20L,Weekly,5000.0,No,5+,Both,Electronics,50.0,60.0,2000.0,Books,No
939,55+,Female,>20L,Rarely,10000.0,No,<1,Mobile,Fashion,40.0,15.0,1000.0,Home & Furniture,Yes
940,18-25,Male,5-10L,Monthly,5000.0,No,<1,Mobile,Books,25.0,30.0,2000.0,Electronics,No
941,26-35,Male,>20L,Weekly,10000.0,Yes,<1,Desktop,Fashion,30.0,7.0,2000.0,Books,No
942,55+,Female,5L-10L,Quarterly,10000.0,Yes,1-3,Desktop,Electronics,30.0,15.0,2000.0,Home & Furniture,No
943,26-35,Female,2-5L,Weekly,5000.0,Yes,3-5,Both,Groceries,20.0,30.0,5000.0,Fashion,Yes
945,36-45,Male,>20L,Bi-weekly,10000.0,Yes,1-3,Desktop,Electronics,25.0,30.0,500.0,Electronics,Yes
946,55+,Female,2-5L,Quarterly,5000.0,Yes,1-3,Mobile,Electronics,30.0,30.0,2000.0,Home & Furniture,No
947,55+,Female,2-5L,Weekly,7000.0,No,3-5,Desktop,Electronics,30.0,30.0,2000.0,Electronics,No
948,55+,Female,>20L,Weekly,15000.0,No,<1,Mobile,Books,10.0,30.0,2000.0,Home & Furniture,Yes
949,55+,Male,2-5L,Quarterly,7000.0,No,<1,Mobile,Electronics,30.0,60.0,500.0,Groceries,No
950,36-45,Female,5L-10L,Quarterly,20000.0,No,3-5,Mobile,Electronics,30.0,30.0,1000.0,Home & Furniture,Yes
951,46-55,Male,5L-10L,Rarely,3000.0,Yes,3-5,Mobile,Home & Furniture,30.0,30.0,2000.0,Fashion,No
952,26-35,Female,2-5L,Monthly,5000.0,No,<1,Desktop,Fashion,40.0,60.0,500.0,Fashion,No
953,55+,Male,>20L,Weekly,10000.0,No,<1,Mobile,Electronics,15.0,15.0,2000.0,Home & Furniture,Yes
954,55+,Female,10-20L,Weekly,5000.0,Yes,1-3,Both,Electronics,15.0,60.0,500.0,Groceries,No
955,55+,Female,>20L,Weekly,5000.0,Yes,1-3,Mobile,Electronics,20.0,15.0,2000.0,Groceries,No
956,55+,Male,10-20L,Weekly,10000.0,No,5+,Mobile,Fashion,15.0,7.0,2000.0,Fashion,No
957,55+,Male,<2,Rarely,5000.0,No,1-3,Both,Electronics,10.0,15.0,10000.0,Fashion,No
958,55+,Male,2-5L,Quarterly,5000.0,Yes,5+,Mobile,Home & Furniture,10.0,30.0,500.0,Fashion,Yes
959,36-45,Female,2-5L,Weekly,5000.0,No,5+,Mobile,Groceries,25.0,60.0,1000.0,Books,No
960,46-55,Female,5-10L,Quarterly,5000.0,Yes,<1,Mobile,Electronics,25.0,30.0,1000.0,Groceries,No
962,36-45,Female,2-5L,Quarterly,3000.0,Yes,3-5,Mobile,Groceries,30.0,30.0,10000.0,Books,Yes
963,18-25,Male,<2L,Weekly,20000.0,No,1-3,Desktop,Electronics,20.0,15.0,5000.0,Books,No
964,18-25,Male,>20L,Weekly,5000.0,No,<1,Mobile,Electronics,30.0,7.0,5000.0,Fashion,No
966,36-45,Female,<2,Quarterly,20000.0,No,3-5,Mobile,Electronics,30.0,7.0,500.0,Groceries,No
968,26-35,Female,2-5L,Weekly,5000.0,No,3-5,Both,Electronics,50.0,30.0,1000.0,Home & Furniture,No
969,55+,Female,>20L,Quarterly,15000.0,No,5+,Mobile,Books,20.0,15.0,5000.0,Electronics,No
970,55+,Male,5L-10L,Weekly,15000.0,Yes,3-5,Both,Fashion,20.0,30.0,1000.0,Books,No
971,26-35,Male,<2,Quarterly,12000.0,No,3-5,Mobile,Fashion,20.0,30.0,5000.0,Fashion,Yes
972,18-25,Male,>20L,Bi-weekly,10000.0,No,5+,Mobile,Electronics,25.0,30.0,500.0,Electronics,No
973,18-25,Male,5L-10L,Rarely,10000.0,Yes,3-5,Mobile,Books,60.0,15.0,5000.0,Fashion,Yes
974,55+,Male,>20L,Quarterly,20000.0,Yes,5+,Desktop,Electronics,50.0,60.0,2000.0,Electronics,No
978,36-45,Male,5L-10L,Weekly,10000.0,No,5+,Mobile,Electronics,30.0,7.0,500.0,Home & Furniture,No
979,46-55,Male,2-5L,Rarely,20000.0,No,<1,Both,Electronics,25.0,15.0,2000.0,Groceries,No
980,26-35,Male,<2L,Monthly,3000.0,Yes,3-5,Mobile,Home & Furniture,10.0,30.0,5000.0,Fashion,Yes
981,55+,Male,2-5L,Quarterly,5000.0,Yes,1-3,Desktop,Electronics,25.0,7.0,5000.0,Electronics,No
982,55+,Female,>20L,Rarely,12000.0,Yes,3-5,Mobile,Electronics,30.0,60.0,500.0,Home & Furniture,No
983,55+,Male,5-10L,Quarterly,12000.0,Yes,3-5,Mobile,Electronics,30.0,30.0,1000.0,Home & Furniture,Yes
984,36-45,Male,<2,Weekly,12000.0,Yes,1-3,Mobile,Fashion,10.0,60.0,1000.0,Home & Furniture,No
985,18-25,Female,2-5L,Quarterly,20000.0,No,3-5,Desktop,Electronics,30.0,30.0,1000.0,Home & Furniture,No
986,55+,Female,5-10L,Quarterly,5000.0,No,3-5,Mobile,Electronics,25.0,7.0,5000.0,Books,Yes
987,36-45,Male,5-10L,Quarterly,10000.0,No,1-3,Mobile,Fashion,50.0,30.0,1000.0,Electronics,No
988,18-25,Female,>20L,Rarely,10000.0,Yes,<1,Mobile,Books,30.0,7.0,1000.0,Fashion,No
989,36-45,Male,<2L,Bi-weekly,5000.0,No,5+,Mobile,Electronics,10.0,7.0,500.0,Groceries,Yes
990,55+,Female,<2L,Bi-weekly,5000.0,No,3-5,Desktop,Fashion,30.0,30.0,500.0,Home & Furniture,No
991,55+,Male,<2L,Quarterly,10000.0,No,<1,Mobile,Electronics,30.0,30.0,2000.0,Home & Furniture,Yes
992,55+,Male,>20L,Monthly,10000.0,No,5+,Both,Fashion,50.0,15.0,5000.0,Fashion,No
994,26-35,Female,5-10L,Weekly,10000.0,Yes,5+,Mobile,Electronics,25.0,7.0,1000.0,Books,No
996,36-45,Male,5L-10L,Rarely,10000.0,No,3-5,Mobile,Electronics,30.0,60.0,5000.0,Electronics,No
997,46-55,Male,>20L,Quarterly,5000.0,No,1-3,Mobile,Home & Furniture,20.0,15.0,2000.0,Groceries,No
998,18-25,Female,10-20L,Monthly,10000.0,No,3-5,Mobile,Home & Furniture,20.0,60.0,1000.0,Groceries,No
1000,26-35,Male,<2,Weekly,15000.0,Yes,5+,Desktop,Electronics,30.0,7.0,1000.0,Home & Furniture,No
1001,18-25,Male,<2,Monthly,7000.0,Yes,<1,Mobile,Fashion,40.0,7.0,5000.0,Books,No
1002,36-45,Female,<2L,Quarterly,12000.0,No,5+,Desktop,Electronics,25.0,15.0,1000.0,Fashion,Yes
1003,18-25,Male,<2L,Bi-weekly,15000.0,No,3-5,Mobile,Groceries,10.0,30.0,500.0,Groceries,No
1005,46-55,Male,<2,Rarely,10000.0,No,3-5,Mobile,Electronics,20.0,60.0,1000.0,Groceries,No
1006,55+,Male,>20L,Weekly,15000.0,No,3-5,Desktop,Groceries,15.0,7.0,10000.0,Electronics,Yes
1007,55+,Male,>20L,Quarterly,5000.0,No,<1,Mobile,Groceries,30.0,7.0,500.0,Fashion,Yes
1008,36-45,Male,5-10L,Weekly,10000.0,No,<1,Mobile,Books,25.0,30.0,10000.0,Home & Furniture,No
1010,36-45,Male,5L-10L,Quarterly,7000.0,No,<1,Desktop,Home & Furniture,40.0,7.0,1000.0,Home & Furniture,Yes
1011,46-55,Female,2-5L,Weekly,15000.0,No,5+,Both,Groceries,50.0,60.0,1000.0,Electronics,Yes
1012,46-55,Male,2-5L,Weekly,5000.0,No,1-3,Mobile,Electronics,50.0,30.0,2000.0,Books,No
1013,55+,Male,5-10L,Rarely,3000.0,No,<1,Desktop,Electronics,30.0,7.0,500.0,Fashion,No
1014,55+,Male,<2L,Weekly,5000.0,Yes,<1,Both,Fashion,15.0,30.0,5000.0,Electronics,Yes
1015,36-45,Male,<2,Quarterly,15000.0,No,5+,Mobile,Fashion,25.0,7.0,1000.0,Books,No
1016,26-35,Male,10-20L,Weekly,5000.0,No,1-3,Mobile,Home & Furniture,30.0,7.0,500.0,Groceries,No
1018,55+,Male,5-10L,Quarterly,5000.0,Yes,3-5,Mobile,Books,15.0,7.0,500.0,Groceries,No
1019,18-25,Male,5-10L,Quarterly,10000.0,Yes,5+,Mobile,Groceries,20.0,15.0,2000.0,Books,Yes
1020,36-45,Female,2-5L,Quarterly,10000.0,No,3-5,Both,Home & Furniture,50.0,15.0,5000.0,Home & Furniture,No
1022,55+,Female,10-20L,Quarterly,7000.0,No,5+,Mobile,Fashion,30.0,60.0,5000.0,Electronics,No
1023,55+,Male,5-10L,Weekly,5000.0,Yes,1-3,Desktop,Home & Furniture,30.0,30.0,1000.0,Fashion,Yes
1024,46-55,Female,2-5L,Rarely,5000.0,No,3-5,Mobile,Home & Furniture,20.0,30.0,500.0,Books,Yes
1025,46-55,Male,<2L,Quarterly,7000.0,Yes,<1,Desktop,Fashion,15.0,15.0,1000.0,Electronics,Yes
1026,26-35,Male,5-10L,Bi-weekly,10000.0,No,5+,Desktop,Home & Furniture,15.0,60.0,2000.0,Electronics,No
1027,55+,Female,<2L,Monthly,5000.0,No,5+,Mobile,Electronics,50.0,60.0,1000.0,Groceries,Yes
1028,36-45,Male,>20L,Rarely,5000.0,Yes,1-3,Mobile,Fashion,30.0,30.0,2000.0,Fashion,No
1029,55+,Male,2-5L,Weekly,7000.0,No,5+,Mobile,Home & Furniture,30.0,15.0,1000.0,Fashion,Yes
1030,36-45,Female,>20L,Quarterly,20000.0,No,3-5,Desktop,Home & Furniture,50.0,30.0,500.0,Books,Yes
1031,46-55,Male,2-5L,Rarely,10000.0,No,<1,Desktop,Electronics,30.0,15.0,2000.0,Home & Furniture,No
1032,55+,Male,<2,Weekly,20000.0,No,1-3,Mobile,Home & Furniture,10.0,30.0,2000.0,Home & Furniture,No
1033,46-55,Male,5-10L,Rarely,10000.0,No,1-3,Mobile,Electronics,30.0,15.0,1000.0,Home & Furniture,No
1034,55+,Male,>20L,Quarterly,12000.0,Yes,1-3,Desktop,Electronics,10.0,15.0,2000.0,Fashion,Yes
1035,36-45,Female,10-20L,Weekly,5000.0,No,5+,Mobile,Fashion,30.0,15.0,500.0,Home & Furniture,No
1036,46-55,Male,>20L,Quarterly,10000.0,No,<1,Desktop,Home & Furniture,40.0,30.0,1000.0,Home & Furniture,No
1037,36-45,Male,2-5L,Weekly,5000.0,No,1-3,Desktop,Groceries,50.0,60.0,500.0,Electronics,No
1038,36-45,Male,10-20L,Quarterly,10000.0,No,<1,Both,Electronics,25.0,30.0,5000.0,Fashion,No
1039,36-45,Female,2-5L,Weekly,15000.0,No,1-3,Mobile,Fashion,30.0,30.0,500.0,Groceries,Yes
1040,18-25,Female,<2,Weekly,10000.0,Yes,1-3,Desktop,Home & Furniture,40.0,7.0,5000.0,Groceries,Yes
1041,18-25,Male,5-10L,Weekly,10000.0,No,5+,Mobile,Electronics,20.0,7.0,2000.0,Books,No
1042,46-55,Female,5L-10L,Bi-weekly,10000.0,Yes,5+,Mobile,Electronics,30.0,15.0,1000.0,Groceries,Yes
1043,46-55,Male,5-10L,Weekly,12000.0,Yes,1-3,Desktop,Home & Furniture,20.0,7.0,2000.0,Home & Furniture,Yes
1044,46-55,Female,2-5L,Quarterly,3000.0,Yes,3-5,Mobile,Home & Furniture,20.0,7.0,1000.0,Fashion,No
1045,18-25,Male,10-20L,Weekly,5000.0,No,1-3,Mobile,Fashion,20.0,30.0,2000.0,Fashion,No
1046,36-45,Male,<2L,Weekly,10000.0,No,3-5,Desktop,Home & Furniture,30.0,7.0,5000.0,Fashion,No
1047,26-35,Male,2-5L,Monthly,5000.0,No,3-5,Both,Electronics,15.0,30.0,1000.0,Groceries,No
1048,55+,Female,5-10L,Weekly,3000.0,No,3-5,Mobile,Electronics,40.0,30.0,5000.0,Fashion,Yes
1049,55+,Female,5-10L,Monthly,15000.0,Yes,5+,Both,Electronics,20.0,7.0,1000.0,Fashion,No
1050,26-35,Male,2-5L,Quarterly,20000.0,Yes,<1,Desktop,Electronics,30.0,60.0,2000.0,Fashion,Yes
1051,46-55,Male,>20L,Quarterly,5000.0,Yes,5+,Mobile,Books,15.0,7.0,10000.0,Books,No
1052,18-25,Male,5-10L,Weekly,20000.0,Yes,<1,Desktop,Books,30.0,7.0,500.0,Home & Furniture,No
1053,26-35,Male,10-20L,Weekly,15000.0,No,5+,Desktop,Electronics,60.0,60.0,1000.0,Fashion,Yes
1054,18-25,Male,<2,Weekly,10000.0,No,1-3,Desktop,Home & Furniture,60.0,7.0,10000.0,Fashion,No
1055,26-35,Male,10-20L,Weekly,10000.0,No,1-3,Mobile,Home & Furniture,60.0,30.0,500.0,Fashion,No
1056,55+,Male,>20L,Rarely,20000.0,Yes,1-3,Desktop,Electronics,20.0,30.0,1000.0,Home & Furniture,No
1057,55+,Male,>20L,Weekly,10000.0,Yes,<1,Mobile,Fashion,30.0,7.0,1000.0,Groceries,Yes
1058,26-35,Female,<2L,Quarterly,5000.0,No,3-5,Mobile,Groceries,30.0,7.0,2000.0,Fashion,No
1059,55+,Male,2-5L,Rarely,5000.0,Yes,3-5,Desktop,Electronics,15.0,15.0,500.0,Fashion,Yes
1060,55+,Male,2-5L,Monthly,7000.0,No,<1,Mobile,Fashion,50.0,30.0,10000.0,Home & Furniture,No
1061,55+,Male,5L-10L,Weekly,5000.0,Yes,5+,Mobile,Home & Furniture,30.0,30.0,500.0,Fashion,No
1062,46-55,Male,<2L,Weekly,3000.0,No,5+,Mobile,Electronics,20.0,60.0,5000.0,Fashion,Yes
1063,26-35,Male,2-5L,Weekly,7000.0,Yes,5+,Mobile,Home & Furniture,20.0,30.0,10000.0,Electronics,No
1065,36-45,Male,2-5L,Weekly,5000.0,No,1-3,Mobile,Electronics,10.0,30.0,2000.0,Electronics,No
1066,55+,Male,<2L,Weekly,10000.0,No,5+,Desktop,Fashion,30.0,30.0,5000.0,Groceries,Yes
1067,36-45,Female,2-5L,Weekly,5000.0,No,1-3,Mobile,Fashion,25.0,30.0,1000.0,Fashion,No
1068,55+,Male,5L-10L,Weekly,10000.0,No,3-5,Mobile,Home & Furniture,40.0,60.0,1000.0,Groceries,No
1069,18-25,Male,>20L,Weekly,10000.0,Yes,1-3,Mobile,Books,50.0,60.0,5000.0,Fashion,No
1070,36-45,Female,>20L,Quarterly,20000.0,Yes,3-5,Mobile,Fashion,50.0,15.0,500.0,Fashion,No
1071,55+,Male,<2,Quarterly,5000.0,Yes,3-5,Mobile,Electronics,50.0,30.0,2000.0,Electronics,Yes
1072,46-55,Male,5L-10L,Weekly,5000.0,No,1-3,Mobile,Fashion,60.0,60.0,5000.0,Electronics,Yes
1073,36-45,Female,5L-10L,Weekly,10000.0,Yes,5+,Both,Groceries,50.0,30.0,10000.0,Electronics,No
1074,55+,Female,>20L,Quarterly,10000.0,No,3-5,Desktop,Home & Furniture,30.0,30.0,2000.0,Electronics,No
1076,36-45,Male,<2L,Rarely,5000.0,Yes,<1,Desktop,Fashion,20.0,60.0,1000.0,Fashion,Yes
1077,46-55,Male,5L-10L,Weekly,5000.0,Yes,5+,Mobile,Books,20.0,7.0,1000.0,Home & Furniture,No
1079,46-55,Male,>20L,Weekly,10000.0,No,1-3,Desktop,Electronics,10.0,15.0,2000.0,Fashion,No
1080,36-45,Male,<2L,Weekly,5000.0,Yes,<1,Mobile,Electronics,15.0,30.0,5000.0,Groceries,No
1081,26-35,Male,2-5L,Quarterly,5000.0,No,<1,Both,Groceries,30.0,15.0,1000.0,Groceries,No
1082,55+,Male,5-10L,Quarterly,10000.0,Yes,3-5,Mobile,Home & Furniture,25.0,7.0,2000.0,Books,No
1083,55+,Male,2-5L,Rarely,5000.0,No,1-3,Mobile,Fashion,30.0,30.0,500.0,Books,Yes
1084,55+,Male,5-10L,Weekly,3000.0,No,<1,Mobile,Electronics,50.0,30.0,500.0,Groceries,No
1085,55+,Male,>20L,Monthly,5000.0,Yes,<1,Mobile,Fashion,25.0,30.0,500.0,Fashion,No
1086,55+,Male,2-5L,Monthly,15000.0,No,1-3,Mobile,Fashion,30.0,7.0,5000.0,Fashion,Yes
1087,55+,Male,<2L,Quarterly,10000.0,Yes,3-5,Mobile,Electronics,30.0,60.0,1000.0,Books,No
1088,55+,Male,<2L,Weekly,7000.0,No,3-5,Desktop,Home & Furniture,30.0,15.0,10000.0,Home & Furniture,Yes
1089,55+,Female,5-10L,Monthly,10000.0,Yes,3-5,Mobile,Fashion,50.0,7.0,1000.0,Groceries,Yes
1091,26-35,Male,5-10L,Weekly,3000.0,No,5+,Mobile,Groceries,40.0,30.0,2000.0,Home & Furniture,No
1092,46-55,Male,5-10L,Rarely,5000.0,No,3-5,Both,Electronics,40.0,60.0,1000.0,Home & Furniture,Yes
1093,26-35,Female,10-20L,Rarely,15000.0,Yes,1-3,Mobile,Electronics,40.0,30.0,1000.0,Electronics,No
1094,26-35,Male,5-10L,Quarterly,10000.0,No,<1,Mobile,Electronics,25.0,30.0,500.0,Electronics,No
1095,46-55,Female,2-5L,Weekly,20000.0,No,<1,Mobile,Electronics,40.0,15.0,500.0,Electronics,No
1096,36-45,Male,<2L,Quarterly,10000.0,No,<1,Both,Fashion,30.0,7.0,1000.0,Electronics,No
1097,26-35,Male,2-5L,Quarterly,10000.0,No,3-5,Mobile,Electronics,60.0,7.0,2000.0,Fashion,No
1098,55+,Male,2-5L,Quarterly,10000.0,No,1-3,Desktop,Groceries,50.0,7.0,1000.0,Home & Furniture,Yes
1099,55+,Female,<2,Rarely,3000.0,No,<1,Mobile,Fashion,15.0,7.0,2000.0,Home & Furniture,Yes
1100,26-35,Male,<2L,Weekly,15000.0,No,3-5,Desktop,Home & Furniture,25.0,60.0,2000.0,Home & Furniture,No
1101,18-25,Male,>20L,Quarterly,10000.0,Yes,<1,Mobile,Home & Furniture,40.0,30.0,1000.0,Electronics,Yes
1102,55+,Male,5L-10L,Quarterly,3000.0,No,3-5,Both,Groceries,15.0,30.0,1000.0,Home & Furniture,Yes
1103,55+,Male,5-10L,Bi-weekly,5000.0,No,5+,Mobile,Home & Furniture,25.0,15.0,1000.0,Electronics,No
1104,55+,Male,>20L,Quarterly,5000.0,Yes,<1,Desktop,Electronics,25.0,30.0,2000.0,Electronics,No
1105,18-25,Male,2-5L,Weekly,5000.0,Yes,3-5,Mobile,Groceries,30.0,7.0,500.0,Electronics,Yes
1106,55+,Male,5-10L,Rarely,3000.0,No,<1,Mobile,Books,15.0,7.0,10000.0,Books,No
1108,55+,Male,5-10L,Weekly,15000.0,No,1-3,Mobile,Fashion,25.0,7.0,1000.0,Fashion,Yes
1109,55+,Female,2-5L,Quarterly,10000.0,Yes,1-3,Mobile,Books,30.0,7.0,2000.0,Fashion,No
1110,26-35,Male,5-10L,Bi-weekly,5000.0,Yes,1-3,Mobile,Books,60.0,7.0,1000.0,Groceries,No
1111,18-25,Male,2-5L,Rarely,5000.0,No,<1,Mobile,Electronics,30.0,7.0,2000.0,Home & Furniture,Yes
1112,36-45,Male,<2,Weekly,12000.0,No,5+,Mobile,Groceries,20.0,30.0,10000.0,Electronics,Yes
1113,46-55,Female,2-5L,Monthly,10000.0,Yes,3-5,Mobile,Electronics,50.0,30.0,1000.0,Electronics,No
1114,55+,Male,10-20L,Quarterly,3000.0,Yes,<1,Both,Home & Furniture,50.0,30.0,10000.0,Books,Yes
1115,55+,Male,5-10L,Weekly,20000.0,No,5+,Mobile,Fashion,50.0,15.0,1000.0,Fashion,Yes
1116,18-25,Female,2-5L,Weekly,5000.0,Yes,<1,Both,Electronics,30.0,7.0,500.0,Home & Furniture,No
1117,18-25,Female,10-20L,Weekly,5000.0,Yes,5+,Mobile,Groceries,30.0,30.0,1000.0,Groceries,Yes
1118,55+,Male,5L-10L,Weekly,5000.0,No,1-3,Desktop,Home & Furniture,50.0,30.0,2000.0,Home & Furniture,Yes
1119,55+,Male,2-5L,Weekly,20000.0,No,3-5,Desktop,Fashion,30.0,30.0,1000.0,Electronics,Yes
1120,55+,Male,>20L,Quarterly,15000.0,No,1-3,Mobile,Home & Furniture,10.0,60.0,1000.0,Home & Furniture,No
1121,46-55,Male,5L-10L,Quarterly,10000.0,Yes,3-5,Mobile,Home & Furniture,40.0,30.0,5000.0,Fashion,Yes
1122,18-25,Male,<2L,Weekly,10000.0,Yes,5+,Mobile,Fashion,60.0,15.0,1000.0,Groceries,Yes
1123,55+,Male,<2L,Quarterly,10000.0,Yes,3-5,Both,Groceries,30.0,7.0,10000.0,Books,No
1124,26-35,Male,<2L,Bi-weekly,5000.0,Yes,1-3,Both,Books,15.0,30.0,1000.0,Books,No
1125,36-45,Male,10-20L,Weekly,5000.0,Yes,3-5,Mobile,Groceries,30.0,7.0,5000.0,Groceries,Yes
1126,46-55,Male,>20L,Quarterly,15000.0,No,3-5,Mobile,Home & Furniture,30.0,30.0,1000.0,Fashion,No
1129,46-55,Male,5-10L,Quarterly,20000.0,No,<1,Mobile,Electronics,40.0,30.0,500.0,Fashion,No
1130,55+,Female,>20L,Weekly,5000.0,Yes,5+,Mobile,Electronics,25.0,30.0,5000.0,Home & Furniture,No
1131,55+,Male,2-5L,Weekly,3000.0,No,3-5,Desktop,Electronics,25.0,15.0,1000.0,Fashion,No
1132,55+,Male,<2L,Weekly,5000.0,No,3-5,Mobile,Fashion,50.0,15.0,1000.0,Home & Furniture,No
1133,18-25,Male,>20L,Rarely,20000.0,Yes,<1,Mobile,Electronics,20.0,15.0,500.0,Electronics,No
1134,55+,Male,10-20L,Rarely,3000.0,No,1-3,Mobile,Books,30.0,30.0,500.0,Electronics,No
1135,55+,Male,2-5L,Weekly,5000.0,Yes,3-5,Mobile,Fashion,25.0,7.0,1000.0,Books,Yes
1137,36-45,Male,<2L,Bi-weekly,20000.0,No,3-5,Mobile,Groceries,50.0,60.0,2000.0,Home & Furniture,Yes
1138,36-45,Male,5-10L,Quarterly,5000.0,No,1-3,Mobile,Electronics,40.0,7.0,500.0,Home & Furniture,Yes
1139,18-25,Male,>20L,Monthly,10000.0,No,5+,Mobile,Books,30.0,30.0,5000.0,Fashion,No
1141,36-45,Male,<2,Weekly,10000.0,No,1-3,Mobile,Books,15.0,15.0,2000.0,Fashion,Yes
1142,55+,Male,<2,Bi-weekly,5000.0,No,3-5,Mobile,Electronics,60.0,30.0,500.0,Fashion,No
1144,55+,Female,>20L,Weekly,5000.0,Yes,<1,Mobile,Electronics,40.0,7.0,5000.0,Groceries,No
1145,36-45,Male,10-20L,Quarterly,12000.0,Yes,5+,Mobile,Home & Furniture,20.0,30.0,2000.0,Electronics,Yes
1146,36-45,Male,2-5L,Quarterly,12000.0,No,3-5,Desktop,Books,25.0,7.0,1000.0,Groceries,No
1147,55+,Male,5L-10L,Bi-weekly,5000.0,No,5+,Mobile,Home & Furniture,50.0,7.0,2000.0,Electronics,No
1148,55+,Male,5-10L,Bi-weekly,5000.0,No,3-5,Desktop,Home & Furniture,50.0,30.0,1000.0,Fashion,No
1149,36-45,Female,5-10L,Weekly,5000.0,No,5+,Both,Fashion,20.0,15.0,500.0,Fashion,No
1150,55+,Male,>20L,Quarterly,7000.0,Yes,3-5,Desktop,Fashion,40.0,30.0,2000.0,Groceries,Yes
1151,55+,Male,2-5L,Rarely,10000.0,No,3-5,Mobile,Electronics,60.0,15.0,2000.0,Home & Furniture,Yes
1152,55+,Male,5L-10L,Quarterly,20000.0,No,<1,Desktop,Groceries,40.0,15.0,500.0,Groceries,Yes
1153,18-25,Female,<2L,Rarely,7000.0,Yes,<1,Mobile,Fashion,25.0,15.0,1000.0,Fashion,Yes
1154,18-25,Male,<2,Bi-weekly,3000.0,Yes,5+,Mobile,Home & Furniture,30.0,30.0,1000.0,Groceries,No
1155,46-55,Female,<2L,Weekly,10000.0,Yes,5+,Mobile,Electronics,40.0,15.0,5000.0,Groceries,No
1156,18-25,Female,<2L,Quarterly,15000.0,Yes,<1,Mobile,Books,10.0,60.0,2000.0,Groceries,No
1157,18-25,Female,<2,Weekly,5000.0,No,5+,Mobile,Home & Furniture,50.0,30.0,5000.0,Electronics,Yes
1158,18-25,Male,<2L,Weekly,15000.0,Yes,5+,Mobile,Electronics,15.0,15.0,2000.0,Books,No
1159,36-45,Male,5L-10L,Weekly,7000.0,Yes,<1,Both,Electronics,50.0,7.0,2000.0,Home & Furniture,No
1161,18-25,Female,2-5L,Weekly,10000.0,Yes,5+,Mobile,Fashion,10.0,60.0,2000.0,Fashion,Yes
1163,55+,Male,>20L,Quarterly,10000.0,No,5+,Both,Electronics,20.0,15.0,1000.0,Books,No
1164,26-35,Male,2-5L,Quarterly,5000.0,Yes,1-3,Mobile,Electronics,30.0,30.0,2000.0,Fashion,Yes
1165,18-25,Female,>20L,Bi-weekly,12000.0,No,<1,Both,Fashion,10.0,30.0,5000.0,Groceries,Yes
1166,55+,Female,2-5L,Rarely,3000.0,Yes,5+,Desktop,Groceries,20.0,30.0,5000.0,Books,No
1167,55+,Male,5-10L,Weekly,5000.0,Yes,3-5,Mobile,Fashion,20.0,7.0,1000.0,Home & Furniture,Yes
1168,46-55,Male,5L-10L,Quarterly,5000.0,No,5+,Mobile,Home & Furniture,20.0,60.0,5000.0,Electronics,Yes
1169,55+,Female,5-10L,Weekly,10000.0,Yes,3-5,Desktop,Electronics,50.0,30.0,2000.0,Fashion,No
1171,36-45,Female,10-20L,Bi-weekly,10000.0,No,1-3,Mobile,Fashion,20.0,60.0,10000.0,Groceries,No
1172,55+,Male,10-20L,Weekly,7000.0,Yes,3-5,Both,Books,30.0,7.0,2000.0,Home & Furniture,No
1173,26-35,Male,5L-10L,Quarterly,3000.0,No,<1,Mobile,Home & Furniture,15.0,60.0,1000.0,Home & Furniture,Yes
1174,55+,Female,5-10L,Weekly,20000.0,Yes,<1,Mobile,Electronics,60.0,30.0,1000.0,Fashion,Yes
1175,36-45,Male,2-5L,Weekly,5000.0,Yes,3-5,Mobile,Home & Furniture,40.0,15.0,5000.0,Fashion,No
1176,55+,Male,>20L,Monthly,5000.0,No,3-5,Mobile,Fashion,40.0,30.0,1000.0,Home & Furniture,Yes
1179,26-35,Female,<2L,Quarterly,5000.0,Yes,<1,Mobile,Fashion,25.0,7.0,2000.0,Fashion,No
1181,55+,Male,5-10L,Weekly,12000.0,No,3-5,Desktop,Electronics,30.0,7.0,1000.0,Books,No
1182,18-25,Male,>20L,Quarterly,3000.0,Yes,1-3,Mobile,Books,20.0,15.0,5000.0,Home & Furniture,Yes
1183,18-25,Female,5L-10L,Weekly,20000.0,No,3-5,Mobile,Books,15.0,7.0,1000.0,Home & Furniture,Yes
1184,26-35,Female,5L-10L,Monthly,5000.0,Yes,<1,Mobile,Electronics,50.0,60.0,5000.0,Groceries,No
1185,26-35,Male,2-5L,Weekly,10000.0,No,1-3,Desktop,Books,10.0,30.0,500.0,Fashion,Yes
1186,55+,Male,5L-10L,Bi-weekly,3000.0,Yes,5+,Both,Home & Furniture,30.0,30.0,500.0,Fashion,Yes
1187,55+,Male,5-10L,Weekly,3000.0,Yes,3-5,Desktop,Electronics,30.0,30.0,2000.0,Groceries,Yes
1188,55+,Female,5-10L,Weekly,5000.0,Yes,3-5,Mobile,Electronics,30.0,60.0,1000.0,Books,Yes
1189,18-25,Female,10-20L,Quarterly,5000.0,No,3-5,Mobile,Books,15.0,15.0,1000.0,Books,Yes
1190,46-55,Male,>20L,Weekly,15000.0,Yes,5+,Desktop,Fashion,30.0,60.0,10000.0,Fashion,Yes
1193,55+,Male,2-5L,Monthly,7000.0,Yes,<1,Desktop,Fashion,20.0,30.0,1000.0,Home & Furniture,No
1194,55+,Male,2-5L,Weekly,5000.0,Yes,<1,Mobile,Electronics,25.0,15.0,1000.0,Home & Furniture,Yes
1195,55+,Female,5-10L,Weekly,10000.0,No,5+,Mobile,Fashion,40.0,7.0,2000.0,Home & Furniture,Yes
1196,26-35,Male,5-10L,Quarterly,10000.0,Yes,3-5,Mobile,Electronics,30.0,7.0,10000.0,Groceries,No
1197,26-35,Male,5-10L,Weekly,5000.0,Yes,<1,Mobile,Electronics,50.0,7.0,500.0,Electronics,Yes
1198,46-55,Male,5-10L,Weekly,10000.0,Yes,5+,Mobile,Electronics,30.0,7.0,500.0,Home & Furniture,Yes
1200,55+,Male,2-5L,Monthly,12000.0,No,3-5,Mobile,Books,30.0,30.0,2000.0,Electronics,No
1202,55+,Male,5-10L,Weekly,5000.0,No,5+,Mobile,Electronics,40.0,15.0,5000.0,Home & Furniture,No
1203,55+,Female,>20L,Weekly,5000.0,Yes,5+,Mobile,Fashion,30.0,15.0,5000.0,Home & Furniture,Yes
1204,55+,Male,<2L,Rarely,10000.0,No,1-3,Both,Books,30.0,60.0,2000.0,Electronics,Yes
1205,18-25,Male,>20L,Weekly,10000.0,Yes,5+,Mobile,Electronics,10.0,60.0,2000.0,Fashion,Yes
1206,18-25,Female,2-5L,Rarely,15000.0,No,3-5,Both,Groceries,50.0,7.0,500.0,Home & Furniture,No
1207,46-55,Male,2-5L,Weekly,20000.0,Yes,1-3,Both,Electronics,30.0,15.0,1000.0,Fashion,Yes
1208,36-45,Male,5-10L,Weekly,12000.0,No,1-3,Both,Home & Furniture,40.0,60.0,5000.0,Home & Furniture,Yes
1209,55+,Female,5-10L,Weekly,15000.0,No,3-5,Mobile,Electronics,30.0,60.0,2000.0,Electronics,Yes
1210,36-45,Male,>20L,Weekly,5000.0,Yes,1-3,Mobile,Fashion,50.0,30.0,500.0,Electronics,No
1211,55+,Male,5-10L,Weekly,10000.0,Yes,<1,Mobile,Home & Furniture,15.0,30.0,1000.0,Home & Furniture,Yes
1212,55+,Male,2-5L,Quarterly,7000.0,No,1-3,Mobile,Groceries,15.0,30.0,1000.0,Books,Yes
1213,55+,Female,5-10L,Weekly,15000.0,Yes,5+,Mobile,Fashion,25.0,60.0,5000.0,Groceries,No
1214,36-45,Female,5L-10L,Rarely,20000.0,No,3-5,Both,Home & Furniture,30.0,15.0,1000.0,Groceries,No
1215,26-35,Male,>20L,Weekly,12000.0,Yes,3-5,Mobile,Electronics,30.0,30.0,2000.0,Home & Furniture,No
1216,46-55,Male,>20L,Bi-weekly,12000.0,No,5+,Desktop,Fashion,20.0,30.0,2000.0,Home & Furniture,No
1218,46-55,Male,2-5L,Weekly,5000.0,Yes,<1,Mobile,Fashion,40.0,15.0,10000.0,Home & Furniture,No
1219,55+,Male,2-5L,Bi-weekly,10000.0,Yes,<1,Mobile,Fashion,30.0,30.0,1000.0,Groceries,No
1220,18-25,Male,2-5L,Quarterly,12000.0,No,5+,Desktop,Electronics,30.0,30.0,5000.0,Books,No
1221,18-25,Male,>20L,Rarely,10000.0,No,3-5,Mobile,Home & Furniture,40.0,15.0,5000.0,Electronics,Yes
1223,55+,Male,5-10L,Rarely,7000.0,Yes,<1,Desktop,Fashion,25.0,15.0,500.0,Fashion,Yes
1224,46-55,Male,10-20L,Bi-weekly,5000.0,No,3-5,Mobile,Groceries,30.0,30.0,1000.0,Fashion,Yes
1226,55+,Male,5-10L,Weekly,12000.0,No,3-5,Mobile,Fashion,20.0,30.0,1000.0,Fashion,No
1228,36-45,Male,5-10L,Monthly,5000.0,No,1-3,Desktop,Electronics,60.0,60.0,10000.0,Home & Furniture,Yes
1229,55+,Male,5-10L,Weekly,5000.0,Yes,3-5,Mobile,Home & Furniture,25.0,15.0,2000.0,Electronics,Yes
1230,18-25,Male,5-10L,Monthly,7000.0,Yes,3-5,Desktop,Electronics,30.0,30.0,5000.0,Groceries,No
1231,55+,Male,10-20L,Quarterly,5000.0,Yes,3-5,Both,Electronics,15.0,30.0,2000.0,Books,No
1232,46-55,Female,2-5L,Bi-weekly,5000.0,No,<1,Mobile,Electronics,40.0,7.0,500.0,Electronics,No
1233,26-35,Female,<2,Monthly,10000.0,No,3-5,Mobile,Fashion,30.0,7.0,2000.0,Fashion,Yes
1234,55+,Male,<2L,Weekly,5000.0,Yes,5+,Mobile,Electronics,20.0,30.0,1000.0,Books,Yes
1235,26-35,Female,>20L,Weekly,3000.0,Yes,1-3,Mobile,Fashion,20.0,15.0,2000.0,Home & Furniture,No
1236,18-25,Male,2-5L,Bi-weekly,12000.0,No,3-5,Mobile,Electronics,30.0,15.0,2000.0,Groceries,No
1238,36-45,Male,<2,Weekly,10000.0,No,3-5,Mobile,Books,15.0,7.0,5000.0,Home & Furniture,Yes
1239,26-35,Male,2-5L,Weekly,20000.0,Yes,5+,Desktop,Electronics,30.0,15.0,5000.0,Groceries,No
1240,18-25,Male,>20L,Weekly,10000.0,Yes,5+,Both,Electronics,50.0,30.0,2000.0,Electronics,No
1241,55+,Male,5-10L,Quarterly,15000.0,No,<1,Mobile,Electronics,40.0,7.0,1000.0,Fashion,Yes
1242,36-45,Female,5-10L,Weekly,5000.0,Yes,1-3,Desktop,Home & Furniture,60.0,30.0,2000.0,Fashion,Yes
1243,36-45,Male,<2,Bi-weekly,5000.0,No,<1,Desktop,Fashion,15.0,60.0,2000.0,Books,Yes
1244,18-25,Male,>20L,Quarterly,5000.0,No,1-3,Mobile,Groceries,30.0,30.0,1000.0,Groceries,No
1245,36-45,Female,>20L,Monthly,20000.0,Yes,5+,Mobile,Groceries,20.0,30.0,2000.0,Fashion,No
1247,46-55,Male,2-5L,Rarely,7000.0,No,5+,Desktop,Home & Furniture,30.0,7.0,500.0,Home & Furniture,Yes
1248,26-35,Male,5-10L,Weekly,15000.0,No,3-5,Both,Electronics,25.0,30.0,500.0,Groceries,No
1249,55+,Male,<2,Quarterly,5000.0,Yes,3-5,Mobile,Home & Furniture,30.0,15.0,5000.0,Fashion,Yes
1250,55+,Female,5-10L,Monthly,10000.0,No,5+,Mobile,Electronics,25.0,30.0,10000.0,Electronics,No
1251,18-25,Male,5-10L,Weekly,5000.0,No,<1,Mobile,Books,40.0,7.0,2000.0,Fashion,No
1252,18-25,Female,5-10L,Bi-weekly,10000.0,No,3-5,Desktop,Fashion,20.0,15.0,1000.0,Electronics,No
1253,18-25,Male,5-10L,Bi-weekly,5000.0,Yes,3-5,Mobile,Electronics,10.0,30.0,1000.0,Home & Furniture,Yes
1254,46-55,Female,<2L,Weekly,10000.0,No,<1,Mobile,Electronics,40.0,7.0,5000.0,Home & Furniture,No
1255,18-25,Female,<2L,Quarterly,7000.0,Yes,3-5,Both,Groceries,50.0,15.0,500.0,Fashion,Yes
1256,55+,Male,>20L,Monthly,10000.0,Yes,5+,Mobile,Home & Furniture,50.0,7.0,1000.0,Electronics,Yes
1257,55+,Male,>20L,Quarterly,5000.0,Yes,1-3,Mobile,Groceries,25.0,7.0,5000.0,Books,Yes
1258,55+,Male,<2L,Quarterly,10000.0,No,<1,Mobile,Electronics,30.0,30.0,2000.0,Electronics,No
1260,55+,Female,5L-10L,Weekly,5000.0,No,<1,Desktop,Books,30.0,30.0,1000.0,Groceries,Yes
1261,18-25,Male,5L-10L,Weekly,10000.0,Yes,3-5,Both,Electronics,10.0,7.0,10000.0,Home & Furniture,Yes
1262,36-45,Male,5L-10L,Weekly,5000.0,No,<1,Mobile,Electronics,40.0,30.0,2000.0,Fashion,No
1263,55+,Female,5L-10L,Rarely,7000.0,Yes,<1,Mobile,Fashion,30.0,7.0,1000.0,Books,No
1264,55+,Male,5L-10L,Weekly,5000.0,No,3-5,Desktop,Electronics,50.0,30.0,2000.0,Home & Furniture,No
1265,46-55,Male,<2L,Quarterly,10000.0,Yes,1-3,Mobile,Fashion,30.0,7.0,5000.0,Home & Furniture,No
1266,55+,Female,<2L,Weekly,10000.0,Yes,<1,Desktop,Groceries,20.0,15.0,1000.0,Groceries,Yes
1267,26-35,Female,<2,Monthly,5000.0,No,<1,Both,Groceries,50.0,30.0,1000.0,Electronics,No
1268,55+,Male,5-10L,Quarterly,5000.0,Yes,1-3,Desktop,Fashion,25.0,7.0,2000.0,Fashion,Yes
1269,36-45,Male,2-5L,Rarely,10000.0,No,3-5,Desktop,Electronics,30.0,30.0,10000.0,Electronics,No
1270,36-45,Female,10-20L,Rarely,15000.0,Yes,5+,Mobile,Books,20.0,15.0,2000.0,Fashion,No
1272,36-45,Male,5-10L,Bi-weekly,5000.0,No,3-5,Both,Electronics,30.0,30.0,10000.0,Fashion,No
1273,36-45,Male,>20L,Bi-weekly,12000.0,No,3-5,Mobile,Fashion,30.0,15.0,5000.0,Books,Yes
1274,46-55,Male,5-10L,Rarely,5000.0,Yes,<1,Mobile,Electronics,20.0,7.0,1000.0,Home & Furniture,No
1275,55+,Female,2-5L,Quarterly,5000.0,Yes,<1,Both,Home & Furniture,30.0,7.0,500.0,Groceries,No
1276,36-45,Female,>20L,Weekly,5000.0,Yes,5+,Mobile,Electronics,10.0,60.0,5000.0,Electronics,No
1277,26-35,Male,>20L,Weekly,20000.0,No,1-3,Mobile,Electronics,30.0,30.0,500.0,Fashion,Yes
1278,18-25,Male,>20L,Quarterly,10000.0,No,3-5,Desktop,Electronics,60.0,30.0,1000.0,Home & Furniture,Yes
1279,55+,Male,5-10L,Quarterly,5000.0,No,5+,Mobile,Electronics,30.0,60.0,10000.0,Groceries,No
1281,55+,Male,5-10L,Weekly,5000.0,Yes,1-3,Mobile,Fashion,30.0,30.0,2000.0,Fashion,Yes
1282,55+,Male,>20L,Quarterly,5000.0,Yes,1-3,Mobile,Groceries,15.0,60.0,1000.0,Electronics,No
1283,36-45,Male,<2L,Bi-weekly,20000.0,No,<1,Both,Groceries,25.0,7.0,2000.0,Groceries,No
1284,55+,Female,5-10L,Weekly,7000.0,No,3-5,Mobile,Fashion,50.0,15.0,1000.0,Groceries,No
1285,55+,Male,10-20L,Quarterly,10000.0,Yes,3-5,Mobile,Fashion,60.0,15.0,5000.0,Groceries,Yes
1286,55+,Male,<2L,Rarely,15000.0,No,3-5,Mobile,Books,20.0,30.0,5000.0,Groceries,Yes
1287,36-45,Female,2-5L,Weekly,5000.0,Yes,<1,Mobile,Electronics,40.0,15.0,1000.0,Electronics,Yes
1288,55+,Male,2-5L,Monthly,5000.0,Yes,1-3,Mobile,Books,30.0,15.0,10000.0,Fashion,No
1289,36-45,Male,5-10L,Weekly,5000.0,Yes,<1,Mobile,Electronics,60.0,30.0,1000.0,Electronics,No
1290,46-55,Male,5-10L,Weekly,10000.0,No,5+,Mobile,Home & Furniture,30.0,30.0,1000.0,Groceries,Yes
1291,36-45,Female,10-20L,Weekly,7000.0,Yes,3-5,Both,Fashion,20.0,15.0,500.0,Fashion,No
1292,46-55,Male,<2L,Weekly,10000.0,Yes,<1,Mobile,Home & Furniture,10.0,30.0,2000.0,Fashion,Yes
1293,46-55,Male,<2,Rarely,3000.0,No,<1,Mobile,Electronics,40.0,30.0,1000.0,Electronics,No
1294,36-45,Male,<2L,Quarterly,3000.0,Yes,3-5,Desktop,Home & Furniture,40.0,15.0,5000.0,Electronics,No
1295,36-45,Male,5L-10L,Weekly,7000.0,Yes,<1,Mobile,Fashion,60.0,7.0,2000.0,Fashion,No
1296,36-45,Female,5L-10L,Quarterly,5000.0,No,<1,Mobile,Books,10.0,15.0,1000.0,Home & Furniture,No
1298,26-35,Male,5-10L,Weekly,20000.0,No,1-3,Desktop,Electronics,20.0,30.0,500.0,Home & Furniture,No
1299,55+,Male,2-5L,Quarterly,15000.0,Yes,3-5,Mobile,Home & Furniture,30.0,7.0,1000.0,Electronics,No
1300,36-45,Male,2-5L,Rarely,7000.0,No,1-3,Mobile,Electronics,30.0,30.0,1000.0,Home & Furniture,No
1301,26-35,Male,>20L,Rarely,5000.0,No,5+,Mobile,Home & Furniture,10.0,15.0,1000.0,Home & Furniture,No
1302,46-55,Female,2-5L,Quarterly,10000.0,No,3-5,Mobile,Electronics,30.0,7.0,1000.0,Home & Furniture,Yes
1303,55+,Male,<2,Bi-weekly,5000.0,Yes,5+,Mobile,Books,25.0,7.0,1000.0,Electronics,Yes
1304,26-35,Male,5-10L,Rarely,20000.0,Yes,1-3,Mobile,Fashion,50.0,7.0,1000.0,Groceries,No
1305,55+,Male,<2,Bi-weekly,10000.0,No,3-5,Both,Electronics,30.0,60.0,2000.0,Books,No
1306,55+,Female,2-5L,Weekly,10000.0,No,1-3,Desktop,Electronics,10.0,30.0,2000.0,Fashion,Yes
1307,55+,Male,5-10L,Rarely,12000.0,No,1-3,Mobile,Electronics,30.0,7.0,500.0,Electronics,No
1309,18-25,Male,>20L,Weekly,12000.0,Yes,5+,Mobile,Electronics,50.0,30.0,5000.0,Books,Yes
1310,55+,Male,<2,Quarterly,7000.0,Yes,<1,Mobile,Electronics,40.0,30.0,500.0,Groceries,Yes
1312,55+,Male,5-10L,Monthly,20000.0,Yes,<1,Mobile,Groceries,40.0,15.0,5000.0,Books,Yes
1313,46-55,Female,2-5L,Monthly,5000.0,No,5+,Mobile,Groceries,15.0,30.0,1000.0,Home & Furniture,Yes
1314,18-25,Female,5-10L,Quarterly,10000.0,Yes,3-5,Desktop,Electronics,25.0,30.0,5000.0,Books,No
1316,55+,Male,10-20L,Quarterly,12000.0,No,<1,Mobile,Groceries,30.0,60.0,1000.0,Groceries,No
1317,46-55,Male,5L-10L,Rarely,10000.0,No,1-3,Mobile,Fashion,30.0,30.0,500.0,Home & Furniture,No
1318,18-25,Male,2-5L,Weekly,20000.0,No,5+,Both,Home & Furniture,40.0,60.0,2000.0,Electronics,No
1319,55+,Female,<2,Weekly,15000.0,Yes,<1,Mobile,Groceries,30.0,15.0,2000.0,Electronics,No
1320,55+,Female,5-10L,Quarterly,5000.0,Yes,1-3,Mobile,Electronics,10.0,30.0,500.0,Books,Yes
1321,36-45,Male,2-5L,Weekly,5000.0,Yes,3-5,Mobile,Fashion,60.0,30.0,1000.0,Groceries,No
1322,36-45,Male,5-10L,Monthly,10000.0,Yes,<1,Mobile,Electronics,50.0,7.0,2000.0,Electronics,No
1323,18-25,Female,5L-10L,Quarterly,5000.0,No,<1,Mobile,Home & Furniture,25.0,30.0,1000.0,Electronics,Yes
1324,55+,Male,<2,Monthly,5000.0,No,1-3,Mobile,Books,10.0,30.0,1000.0,Fashion,Yes
1325,36-45,Male,5-10L,Bi-weekly,10000.0,Yes,5+,Desktop,Books,20.0,30.0,500.0,Electronics,Yes
1326,55+,Male,>20L,Rarely,10000.0,No,5+,Desktop,Books,20.0,60.0,1000.0,Groceries,No
1327,36-45,Female,5-10L,Weekly,10000.0,No,1-3,Mobile,Electronics,40.0,15.0,500.0,Electronics,No
1328,46-55,Female,<2L,Rarely,5000.0,No,<1,Mobile,Books,30.0,15.0,10000.0,Books,Yes
1330,26-35,Male,2-5L,Bi-weekly,5000.0,Yes,5+,Mobile,Fashion,50.0,60.0,2000.0,Home & Furniture,Yes
1332,36-45,Male,>20L,Weekly,7000.0,Yes,1-3,Mobile,Electronics,30.0,7.0,2000.0,Fashion,No
1333,46-55,Male,<2,Quarterly,7000.0,Yes,1-3,Mobile,Books,60.0,15.0,2000.0,Home & Furniture,No
1334,55+,Female,<2L,Weekly,20000.0,Yes,<1,Mobile,Books,30.0,7.0,500.0,Groceries,Yes
1335,55+,Male,>20L,Weekly,15000.0,No,<1,Mobile,Fashion,30.0,7.0,2000.0,Home & Furniture,Yes
1336,55+,Male,2-5L,Monthly,3000.0,Yes,5+,Mobile,Groceries,50.0,30.0,5000.0,Electronics,Yes
1337,26-35,Male,5-10L,Weekly,10000.0,Yes,3-5,Mobile,Groceries,20.0,15.0,1000.0,Books,No
1338,46-55,Male,<2,Weekly,5000.0,No,1-3,Mobile,Electronics,40.0,30.0,2000.0,Home & Furniture,Yes
1339,55+,Female,<2L,Bi-weekly,10000.0,Yes,3-5,Mobile,Books,30.0,30.0,1000.0,Fashion,Yes
1340,36-45,Male,2-5L,Weekly,5000.0,Yes,<1,Desktop,Home & Furniture,30.0,30.0,1000.0,Home & Furniture,No
1341,18-25,Male,5-10L,Monthly,5000.0,No,<1,Desktop,Electronics,30.0,7.0,5000.0,Fashion,No
1342,55+,Female,5L-10L,Quarterly,20000.0,No,3-5,Mobile,Electronics,20.0,30.0,1000.0,Electronics,Yes
1344,46-55,Male,5-10L,Rarely,5000.0,Yes,5+,Desktop,Electronics,30.0,30.0,1000.0,Home & Furniture,No
1346,46-55,Male,5-10L,Quarterly,5000.0,No,<1,Mobile,Electronics,25.0,30.0,2000.0,Electronics,No
1348,36-45,Female,<2L,Rarely,7000.0,Yes,<1,Mobile,Home & Furniture,20.0,30.0,1000.0,Books,No
1349,36-45,Male,5-10L,Weekly,10000.0,Yes,<1,Mobile,Fashion,20.0,60.0,500.0,Home & Furniture,Yes
1350,18-25,Male,>20L,Weekly,10000.0,Yes,3-5,Mobile,Electronics,15.0,60.0,1000.0,Groceries,No
1351,55+,Female,2-5L,Rarely,7000.0,No,1-3,Mobile,Electronics,20.0,7.0,1000.0,Groceries,No
1352,55+,Male,>20L,Bi-weekly,10000.0,Yes,<1,Desktop,Fashion,25.0,60.0,1000.0,Fashion,Yes
1353,26-35,Male,2-5L,Quarterly,10000.0,No,<1,Both,Electronics,20.0,60.0,2000.0,Fashion,No
1354,26-35,Male,5L-10L,Rarely,5000.0,Yes,<1,Desktop,Electronics,30.0,7.0,500.0,Home & Furniture,No
1355,55+,Male,<2,Bi-weekly,5000.0,No,3-5,Mobile,Groceries,30.0,30.0,1000.0,Fashion,No
1356,18-25,Male,5L-10L,Rarely,5000.0,Yes,5+,Mobile,Electronics,20.0,60.0,500.0,Electronics,No
1357,46-55,Male,5-10L,Quarterly,10000.0,No,3-5,Mobile,Fashion,20.0,7.0,1000.0,Electronics,No
1358,36-45,Male,2-5L,Rarely,15000.0,No,1-3,Both,Electronics,20.0,15.0,500.0,Home & Furniture,Yes
1359,55+,Male,5L-10L,Rarely,7000.0,Yes,3-5,Both,Electronics,30.0,7.0,5000.0,Groceries,No
1360,26-35,Male,2-5L,Weekly,5000.0,Yes,<1,Desktop,Electronics,30.0,15.0,2000.0,Groceries,Yes
1361,46-55,Male,2-5L,Weekly,10000.0,No,3-5,Desktop,Groceries,40.0,30.0,2000.0,Books,No
1362,36-45,Male,10-20L,Rarely,3000.0,No,5+,Mobile,Fashion,30.0,7.0,500.0,Electronics,No
1363,46-55,Male,<2,Quarterly,10000.0,No,5+,Mobile,Fashion,20.0,7.0,2000.0,Groceries,No
1364,18-25,Male,5L-10L,Quarterly,7000.0,No,5+,Mobile,Fashion,30.0,7.0,1000.0,Fashion,No
1365,36-45,Male,>20L,Weekly,7000.0,No,3-5,Mobile,Fashion,50.0,60.0,2000.0,Home & Furniture,Yes
1366,46-55,Male,<2L,Weekly,3000.0,Yes,3-5,Mobile,Electronics,30.0,15.0,1000.0,Home & Furniture,Yes
1367,26-35,Male,>20L,Quarterly,20000.0,Yes,5+,Mobile,Electronics,15.0,15.0,1000.0,Books,No
1368,18-25,Male,>20L,Weekly,5000.0,Yes,<1,Both,Groceries,30.0,7.0,500.0,Electronics,No
1369,26-35,Male,5-10L,Quarterly,5000.0,No,3-5,Mobile,Books,30.0,30.0,2000.0,Groceries,No
1370,55+,Female,5L-10L,Quarterly,7000.0,No,<1,Mobile,Fashion,30.0,7.0,1000.0,Fashion,Yes
1371,18-25,Male,2-5L,Weekly,12000.0,Yes,5+,Mobile,Electronics,15.0,30.0,500.0,Home & Furniture,No
1372,55+,Male,<2L,Quarterly,12000.0,Yes,3-5,Desktop,Fashion,50.0,30.0,1000.0,Books,No
1373,36-45,Female,5L-10L,Weekly,10000.0,No,3-5,Both,Fashion,20.0,30.0,10000.0,Groceries,No
1374,55+,Male,<2,Quarterly,10000.0,No,1-3,Desktop,Electronics,25.0,15.0,5000.0,Electronics,No
1376,18-25,Female,<2L,Monthly,3000.0,Yes,<1,Mobile,Home & Furniture,20.0,15.0,2000.0,Fashion,No
1377,46-55,Male,>20L,Weekly,5000.0,No,<1,Mobile,Books,25.0,15.0,1000.0,Groceries,No
1380,36-45,Female,<2L,Quarterly,10000.0,Yes,1-3,Desktop,Electronics,30.0,30.0,2000.0,Books,No
1381,36-45,Male,<2,Weekly,20000.0,No,<1,Mobile,Books,40.0,15.0,1000.0,Home & Furniture,No
1382,18-25,Female,10-20L,Rarely,10000.0,Yes,<1,Desktop,Electronics,15.0,15.0,5000.0,Home & Furniture,Yes
1384,55+,Male,2-5L,Monthly,20000.0,No,1-3,Mobile,Electronics,40.0,7.0,2000.0,Fashion,No
1385,55+,Male,5-10L,Monthly,5000.0,No,1-3,Mobile,Electronics,30.0,7.0,2000.0,Home & Furniture,No
1387,55+,Male,5L-10L,Rarely,10000.0,No,5+,Mobile,Fashion,30.0,30.0,1000.0,Groceries,No
1388,26-35,Female,10-20L,Weekly,10000.0,Yes,1-3,Both,Books,15.0,60.0,500.0,Fashion,Yes
1389,55+,Male,>20L,Rarely,15000.0,Yes,<1,Mobile,Fashion,10.0,15.0,500.0,Home & Furniture,Yes
1390,18-25,Female,5-10L,Quarterly,10000.0,No,<1,Both,Fashion,30.0,30.0,2000.0,Electronics,No
1391,55+,Female,<2L,Weekly,15000.0,No,3-5,Mobile,Fashion,25.0,7.0,500.0,Electronics,No
1392,55+,Male,2-5L,Weekly,5000.0,Yes,1-3,Mobile,Books,40.0,7.0,2000.0,Groceries,Yes
1393,18-25,Male,2-5L,Quarterly,12000.0,Yes,3-5,Desktop,Home & Furniture,30.0,60.0,2000.0,Home & Furniture,No
1394,18-25,Male,5-10L,Weekly,5000.0,No,1-3,Mobile,Groceries,25.0,7.0,1000.0,Home & Furniture,No
1395,55+,Male,5-10L,Weekly,3000.0,No,5+,Desktop,Electronics,25.0,7.0,500.0,Home & Furniture,No
1396,18-25,Female,2-5L,Weekly,5000.0,No,<1,Mobile,Electronics,30.0,30.0,2000.0,Fashion,Yes
1397,46-55,Female,10-20L,Bi-weekly,10000.0,No,3-5,Both,Electronics,30.0,30.0,10000.0,Home & Furniture,No
1398,55+,Female,<2,Weekly,5000.0,No,5+,Both,Fashion,20.0,7.0,5000.0,Fashion,No
1399,46-55,Male,<2,Bi-weekly,10000.0,No,1-3,Desktop,Electronics,30.0,7.0,5000.0,Home & Furniture,No
1400,55+,Male,2-5L,Quarterly,10000.0,Yes,3-5,Mobile,Home & Furniture,50.0,60.0,500.0,Home & Furniture,Yes
1402,18-25,Female,>20L,Quarterly,7000.0,No,3-5,Both,Fashion,40.0,30.0,10000.0,Books,Yes
1403,55+,Male,5-10L,Weekly,10000.0,No,<1,Desktop,Electronics,25.0,7.0,5000.0,Home & Furniture,Yes
1404,36-45,Male,2-5L,Quarterly,15000.0,No,<1,Mobile,Electronics,30.0,7.0,1000.0,Home & Furniture,Yes
1406,26-35,Male,5L-10L,Weekly,10000.0,Yes,3-5,Mobile,Electronics,60.0,15.0,1000.0,Fashion,Yes
1407,55+,Male,5L-10L,Quarterly,15000.0,Yes,1-3,Desktop,Electronics,20.0,60.0,2000.0,Books,Yes
1408,18-25,Male,2-5L,Weekly,15000.0,No,1-3,Mobile,Fashion,40.0,30.0,2000.0,Fashion,Yes
1409,55+,Female,<2L,Rarely,5000.0,No,5+,Mobile,Electronics,30.0,15.0,10000.0,Home & Furniture,No
1411,55+,Male,5-10L,Quarterly,5000.0,No,3-5,Mobile,Fashion,40.0,15.0,1000.0,Electronics,No
1412,55+,Female,<2L,Quarterly,10000.0,No,5+,Both,Books,20.0,30.0,1000.0,Home & Furniture,Yes
1413,55+,Male,<2,Weekly,20000.0,Yes,5+,Desktop,Fashion,30.0,60.0,2000.0,Fashion,Yes
1414,55+,Female,<2,Weekly,3000.0,No,1-3,Mobile,Home & Furniture,50.0,30.0,5000.0,Electronics,No
1415,18-25,Male,5-10L,Weekly,10000.0,No,<1,Mobile,Electronics,25.0,60.0,500.0,Home & Furniture,No
1416,55+,Male,>20L,Weekly,5000.0,No,5+,Mobile,Home & Furniture,50.0,60.0,2000.0,Groceries,No
1417,46-55,Male,5-10L,Weekly,10000.0,No,1-3,Both,Fashion,25.0,7.0,5000.0,Home & Furniture,Yes
1418,46-55,Male,5-10L,Weekly,15000.0,No,3-5,Mobile,Fashion,25.0,7.0,500.0,Groceries,No
1419,55+,Male,5-10L,Weekly,12000.0,No,5+,Desktop,Electronics,30.0,30.0,1000.0,Home & Furniture,No
1420,55+,Female,5-10L,Weekly,20000.0,Yes,<1,Both,Fashion,40.0,15.0,1000.0,Electronics,No
1421,55+,Male,5-10L,Weekly,10000.0,No,3-5,Mobile,Home & Furniture,30.0,30.0,1000.0,Home & Furniture,Yes
1422,36-45,Male,2-5L,Rarely,10000.0,No,1-3,Desktop,Fashion,15.0,7.0,1000.0,Home & Furniture,Yes
1423,36-45,Male,<2,Weekly,15000.0,No,1-3,Mobile,Home & Furniture,10.0,15.0,500.0,Home & Furniture,No
1425,36-45,Male,5-10L,Weekly,20000.0,No,3-5,Desktop,Books,30.0,15.0,5000.0,Home & Furniture,No
1426,36-45,Male,10-20L,Weekly,5000.0,Yes,<1,Both,Electronics,10.0,60.0,5000.0,Electronics,No
1427,18-25,Male,5L-10L,Quarterly,10000.0,No,1-3,Mobile,Home & Furniture,10.0,60.0,500.0,Groceries,Yes
1428,55+,Male,5-10L,Quarterly,5000.0,No,1-3,Desktop,Electronics,30.0,7.0,2000.0,Home & Furniture,Yes
1429,55+,Male,2-5L,Weekly,15000.0,Yes,5+,Desktop,Books,30.0,30.0,5000.0,Electronics,Yes
1430,36-45,Male,5-10L,Weekly,10000.0,No,3-5,Both,Electronics,30.0,7.0,1000.0,Books,No
1431,55+,Male,10-20L,Weekly,12000.0,No,<1,Desktop,Fashion,40.0,60.0,500.0,Electronics,No
1432,46-55,Male,2-5L,Quarterly,7000.0,No,<1,Desktop,Fashion,30.0,7.0,1000.0,Home & Furniture,No
1433,18-25,Female,5-10L,Rarely,10000.0,Yes,<1,Desktop,Fashion,40.0,7.0,5000.0,Fashion,Yes
1434,18-25,Male,<2,Rarely,10000.0,Yes,3-5,Mobile,Books,60.0,30.0,1000.0,Books,Yes
1435,26-35,Male,<2,Rarely,7000.0,Yes,<1,Mobile,Home & Furniture,50.0,30.0,2000.0,Fashion,No
1436,55+,Female,2-5L,Weekly,5000.0,Yes,1-3,Both,Electronics,25.0,15.0,500.0,Groceries,No
1437,26-35,Female,2-5L,Weekly,10000.0,Yes,1-3,Both,Home & Furniture,40.0,15.0,500.0,Books,No
1438,46-55,Male,>20L,Weekly,10000.0,Yes,3-5,Mobile,Fashion,15.0,30.0,5000.0,Fashion,Yes
1439,55+,Male,2-5L,Weekly,3000.0,Yes,5+,Desktop,Electronics,40.0,30.0,1000.0,Books,Yes
1440,55+,Male,2-5L,Quarterly,5000.0,No,3-5,Mobile,Electronics,20.0,7.0,1000.0,Fashion,Yes
1441,26-35,Male,5L-10L,Weekly,15000.0,No,3-5,Desktop,Electronics,25.0,30.0,5000.0,Home & Furniture,No
1442,18-25,Male,<2,Weekly,3000.0,Yes,3-5,Mobile,Books,30.0,15.0,2000.0,Home & Furniture,No
1443,18-25,Female,<2,Rarely,3000.0,Yes,<1,Both,Electronics,30.0,60.0,1000.0,Groceries,No
1444,18-25,Female,<2,Bi-weekly,15000.0,No,5+,Desktop,Fashion,30.0,60.0,2000.0,Home & Furniture,No
1445,26-35,Female,>20L,Quarterly,12000.0,No,5+,Desktop,Fashion,40.0,15.0,1000.0,Electronics,No
1446,46-55,Male,2-5L,Quarterly,5000.0,No,<1,Mobile,Electronics,20.0,30.0,1000.0,Home & Furniture,Yes
1447,55+,Female,<2,Rarely,10000.0,No,<1,Mobile,Books,50.0,15.0,2000.0,Fashion,Yes
1448,46-55,Female,5-10L,Quarterly,10000.0,No,3-5,Mobile,Electronics,10.0,15.0,2000.0,Fashion,Yes
1449,46-55,Male,5-10L,Weekly,5000.0,No,<1,Mobile,Electronics,15.0,30.0,2000.0,Fashion,No
1451,55+,Male,<2,Weekly,15000.0,No,3-5,Both,Home & Furniture,40.0,7.0,1000.0,Groceries,Yes
1452,46-55,Male,<2L,Weekly,10000.0,No,5+,Mobile,Electronics,15.0,30.0,2000.0,Home & Furniture,No
1453,55+,Male,>20L,Weekly,10000.0,Yes,1-3,Mobile,Electronics,25.0,7.0,2000.0,Home & Furniture,No
1454,55+,Male,>20L,Bi-weekly,10000.0,Yes,5+,Both,Fashion,10.0,7.0,1000.0,Home & Furniture,Yes
1455,36-45,Male,5L-10L,Quarterly,5000.0,No,<1,Desktop,Electronics,30.0,7.0,1000.0,Fashion,No
1457,26-35,Male,2-5L,Weekly,5000.0,No,1-3,Desktop,Electronics,30.0,15.0,5000.0,Electronics,Yes
1458,36-45,Male,<2,Quarterly,12000.0,Yes,5+,Mobile,Fashion,30.0,30.0,2000.0,Groceries,No
1461,55+,Male,2-5L,Monthly,3000.0,No,1-3,Mobile,Electronics,30.0,7.0,500.0,Electronics,Yes
1462,46-55,Male,10-20L,Quarterly,15000.0,Yes,3-5,Both,Electronics,20.0,15.0,1000.0,Home & Furniture,Yes
1463,26-35,Female,>20L,Weekly,7000.0,No,1-3,Both,Fashion,30.0,30.0,5000.0,Groceries,No
1464,36-45,Male,5L-10L,Weekly,7000.0,Yes,5+,Mobile,Books,40.0,30.0,5000.0,Electronics,Yes
1465,55+,Female,<2,Bi-weekly,10000.0,Yes,3-5,Both,Electronics,30.0,60.0,5000.0,Electronics,No
1466,46-55,Female,5L-10L,Rarely,10000.0,No,<1,Desktop,Groceries,25.0,15.0,5000.0,Electronics,Yes
1467,36-45,Male,5-10L,Rarely,15000.0,Yes,1-3,Mobile,Home & Furniture,20.0,15.0,500.0,Fashion,Yes
1468,26-35,Male,>20L,Weekly,5000.0,Yes,<1,Mobile,Fashion,20.0,7.0,500.0,Fashion,No
1469,55+,Male,2-5L,Quarterly,5000.0,Yes,1-3,Mobile,Fashion,60.0,30.0,1000.0,Home & Furniture,Yes
1471,55+,Male,2-5L,Quarterly,10000.0,No,3-5,Mobile,Fashion,30.0,15.0,500.0,Fashion,No
1472,55+,Female,2-5L,Weekly,10000.0,No,3-5,Mobile,Groceries,40.0,15.0,1000.0,Home & Furniture,No
1473,18-25,Male,>20L,Weekly,5000.0,Yes,1-3,Mobile,Home & Furniture,30.0,7.0,2000.0,Groceries,No
1474,36-45,Male,<2L,Weekly,15000.0,No,<1,Mobile,Fashion,20.0,30.0,2000.0,Home & Furniture,No
1475,46-55,Male,2-5L,Weekly,20000.0,No,<1,Mobile,Electronics,20.0,15.0,5000.0,Books,Yes
1476,46-55,Male,2-5L,Weekly,7000.0,No,3-5,Mobile,Groceries,30.0,60.0,1000.0,Groceries,Yes
1477,36-45,Male,2-5L,Quarterly,3000.0,No,5+,Mobile,Fashion,20.0,7.0,500.0,Fashion,No
1481,36-45,Male,2-5L,Monthly,7000.0,Yes,3-5,Mobile,Home & Furniture,10.0,60.0,1000.0,Home & Furniture,No
1482,55+,Male,<2L,Quarterly,10000.0,No,5+,Mobile,Home & Furniture,10.0,7.0,1000.0,Home & Furniture,No
1483,46-55,Female,<2,Quarterly,5000.0,No,3-5,Mobile,Electronics,50.0,30.0,1000.0,Groceries,No
1485,46-55,Male,<2L,Weekly,20000.0,No,<1,Mobile,Groceries,30.0,30.0,1000.0,Home & Furniture,Yes
1486,18-25,Male,10-20L,Monthly,5000.0,No,3-5,Desktop,Fashion,10.0,15.0,500.0,Home & Furniture,No
1487,55+,Female,5-10L,Weekly,20000.0,Yes,<1,Desktop,Electronics,30.0,15.0,2000.0,Fashion,No
1488,36-45,Male,2-5L,Monthly,10000.0,Yes,1-3,Desktop,Books,50.0,7.0,1000.0,Electronics,No
1490,36-45,Female,5-10L,Weekly,10000.0,Yes,1-3,Both,Fashion,30.0,15.0,2000.0,Home & Furniture,No
1491,18-25,Male,<2L,Bi-weekly,20000.0,No,3-5,Mobile,Electronics,15.0,30.0,1000.0,Groceries,Yes
1492,55+,Female,2-5L,Quarterly,15000.0,Yes,5+,Mobile,Electronics,25.0,15.0,5000.0,Home & Furniture,Yes
1494,55+,Male,5L-10L,Weekly,5000.0,Yes,1-3,Mobile,Electronics,50.0,15.0,5000.0,Home & Furniture,Yes
1495,36-45,Male,<2,Quarterly,7000.0,Yes,<1,Desktop,Fashion,40.0,30.0,1000.0,Groceries,Yes
1496,46-55,Female,5-10L,Rarely,5000.0,Yes,1-3,Mobile,Home & Furniture,20.0,7.0,10000.0,Fashion,No
1497,55+,Female,5-10L,Quarterly,5000.0,Yes,1-3,Mobile,Home & Furniture,20.0,60.0,500.0,Home & Furniture,No
1498,46-55,Male,<2,Weekly,15000.0,No,<1,Mobile,Electronics,25.0,15.0,500.0,Home & Furniture,Yes
1500,46-55,Male,10-20L,Weekly,12000.0,Yes,1-3,Mobile,Electronics,25.0,7.0,5000.0,Groceries,Yes
1501,46-55,Male,5-10L,Quarterly,10000.0,No,3-5,Mobile,Home & Furniture,50.0,30.0,5000.0,Home & Furniture,No
1502,55+,Female,2-5L,Monthly,5000.0,Yes,<1,Desktop,Fashion,20.0,60.0,2000.0,Fashion,No
1503,36-45,Male,2-5L,Weekly,5000.0,No,5+,Mobile,Electronics,20.0,15.0,1000.0,Home & Furniture,No
1505,55+,Male,2-5L,Weekly,7000.0,No,1-3,Mobile,Books,60.0,60.0,2000.0,Home & Furniture,No
1506,46-55,Male,5-10L,Quarterly,10000.0,Yes,3-5,Mobile,Home & Furniture,15.0,15.0,10000.0,Home & Furniture,Yes
1507,55+,Male,2-5L,Weekly,5000.0,No,<1,Mobile,Electronics,30.0,7.0,1000.0,Home & Furniture,Yes
1508,36-45,Male,2-5L,Quarterly,5000.0,No,3-5,Mobile,Groceries,30.0,7.0,5000.0,Electronics,No
1509,26-35,Male,5L-10L,Weekly,5000.0,No,3-5,Mobile,Books,50.0,60.0,5000.0,Fashion,No
1510,55+,Female,2-5L,Rarely,5000.0,Yes,3-5,Mobile,Electronics,30.0,15.0,1000.0,Home & Furniture,Yes
1511,18-25,Male,>20L,Weekly,15000.0,No,<1,Mobile,Home & Furniture,40.0,15.0,1000.0,Fashion,No
1512,26-35,Female,<2L,Monthly,10000.0,No,3-5,Mobile,Fashion,40.0,15.0,1000.0,Fashion,No
1513,46-55,Male,5-10L,Weekly,15000.0,No,1-3,Mobile,Fashion,15.0,30.0,500.0,Groceries,Yes
1514,55+,Male,>20L,Rarely,15000.0,Yes,3-5,Both,Fashion,10.0,30.0,2000.0,Home & Furniture,Yes
1515,55+,Female,5L-10L,Weekly,10000.0,No,<1,Mobile,Electronics,30.0,7.0,5000.0,Home & Furniture,No
1518,55+,Male,5L-10L,Rarely,3000.0,No,3-5,Mobile,Fashion,30.0,7.0,5000.0,Fashion,No
1519,18-25,Male,10-20L,Weekly,15000.0,No,3-5,Mobile,Fashion,10.0,30.0,2000.0,Groceries,No
1520,26-35,Female,5L-10L,Weekly,12000.0,Yes,1-3,Mobile,Fashion,40.0,7.0,500.0,Electronics,No
1521,26-35,Male,>20L,Weekly,10000.0,No,1-3,Desktop,Electronics,30.0,7.0,1000.0,Home & Furniture,No
1523,55+,Male,>20L,Rarely,5000.0,No,5+,Desktop,Fashion,60.0,15.0,1000.0,Fashion,No
1524,55+,Male,2-5L,Bi-weekly,3000.0,Yes,<1,Mobile,Electronics,30.0,60.0,2000.0,Home & Furniture,No
1525,55+,Female,>20L,Quarterly,5000.0,No,1-3,Desktop,Home & Furniture,30.0,30.0,1000.0,Fashion,Yes
1526,26-35,Male,5L-10L,Weekly,20000.0,Yes,1-3,Mobile,Electronics,25.0,60.0,500.0,Electronics,No
1528,36-45,Male,5-10L,Rarely,20000.0,No,3-5,Mobile,Books,30.0,30.0,500.0,Electronics,Yes
1529,18-25,Male,10-20L,Bi-weekly,10000.0,No,1-3,Desktop,Electronics,30.0,30.0,500.0,Electronics,Yes
1530,26-35,Male,2-5L,Rarely,7000.0,No,<1,Both,Groceries,25.0,60.0,2000.0,Electronics,Yes
1531,26-35,Male,5-10L,Weekly,5000.0,No,<1,Mobile,Fashion,20.0,60.0,5000.0,Home & Furniture,Yes
1532,18-25,Female,10-20L,Quarterly,3000.0,Yes,3-5,Desktop,Electronics,15.0,30.0,500.0,Home & Furniture,Yes
1533,46-55,Male,5-10L,Quarterly,10000.0,No,1-3,Both,Electronics,40.0,15.0,1000.0,Electronics,No
1534,55+,Male,<2,Rarely,10000.0,Yes,1-3,Desktop,Electronics,25.0,7.0,1000.0,Fashion,No
1535,18-25,Female,5-10L,Weekly,7000.0,No,3-5,Mobile,Electronics,40.0,60.0,1000.0,Electronics,Yes
1537,55+,Male,2-5L,Quarterly,3000.0,Yes,5+,Mobile,Groceries,30.0,15.0,5000.0,Home & Furniture,Yes
1539,55+,Male,10-20L,Quarterly,10000.0,No,<1,Both,Electronics,60.0,30.0,2000.0,Books,No
1540,36-45,Female,5-10L,Quarterly,10000.0,No,5+,Mobile,Home & Furniture,30.0,15.0,500.0,Home & Furniture,Yes
1541,55+,Male,5-10L,Weekly,5000.0,No,<1,Desktop,Fashion,40.0,7.0,2000.0,Fashion,No
1542,55+,Male,<2,Rarely,12000.0,Yes,3-5,Desktop,Electronics,30.0,30.0,500.0,Groceries,No
1543,36-45,Male,10-20L,Monthly,5000.0,No,3-5,Desktop,Fashion,30.0,30.0,2000.0,Groceries,No
1544,55+,Male,2-5L,Weekly,12000.0,Yes,1-3,Mobile,Fashion,40.0,15.0,2000.0,Electronics,Yes
1545,36-45,Male,<2,Quarterly,10000.0,No,3-5,Desktop,Electronics,25.0,60.0,1000.0,Fashion,No
1546,36-45,Male,5-10L,Monthly,10000.0,Yes,3-5,Both,Electronics,15.0,15.0,500.0,Books,No
1548,55+,Male,<2,Rarely,12000.0,No,3-5,Mobile,Fashion,60.0,30.0,2000.0,Books,No
1549,36-45,Male,5L-10L,Weekly,10000.0,Yes,3-5,Both,Electronics,40.0,30.0,1000.0,Fashion,No
1551,18-25,Male,10-20L,Weekly,10000.0,No,5+,Mobile,Home & Furniture,25.0,7.0,10000.0,Home & Furniture,No
1553,26-35,Male,<2,Weekly,7000.0,No,1-3,Mobile,Books,20.0,60.0,1000.0,Books,Yes
1554,55+,Female,<2,Quarterly,10000.0,Yes,1-3,Mobile,Fashion,30.0,30.0,500.0,Electronics,Yes
1555,26-35,Male,2-5L,Weekly,10000.0,No,3-5,Mobile,Home & Furniture,60.0,60.0,2000.0,Fashion,Yes
1556,55+,Male,10-20L,Weekly,5000.0,Yes,1-3,Both,Electronics,40.0,15.0,2000.0,Electronics,No
1557,55+,Male,<2,Rarely,12000.0,No,1-3,Desktop,Books,10.0,7.0,2000.0,Electronics,No
1558,36-45,Female,5L-10L,Weekly,5000.0,No,1-3,Mobile,Electronics,20.0,7.0,1000.0,Home & Furniture,No
1559,46-55,Male,2-5L,Quarterly,5000.0,No,1-3,Desktop,Fashion,40.0,30.0,1000.0,Home & Furniture,Yes
1560,55+,Male,5L-10L,Weekly,5000.0,Yes,<1,Mobile,Electronics,50.0,30.0,1000.0,Electronics,Yes
1561,55+,Male,2-5L,Monthly,15000.0,Yes,1-3,Mobile,Books,15.0,7.0,1000.0,Electronics,No
1562,46-55,Male,10-20L,Weekly,5000.0,Yes,1-3,Mobile,Electronics,20.0,7.0,2000.0,Groceries,No
1564,55+,Male,5-10L,Weekly,10000.0,No,<1,Both,Home & Furniture,50.0,7.0,1000.0,Fashion,Yes
1565,55+,Male,5-10L,Weekly,5000.0,Yes,3-5,Mobile,Groceries,30.0,7.0,2000.0,Home & Furniture,No
1566,36-45,Male,<2,Weekly,5000.0,No,<1,Desktop,Electronics,20.0,15.0,500.0,Fashion,Yes
1567,18-25,Female,2-5L,Bi-weekly,10000.0,No,1-3,Mobile,Electronics,30.0,30.0,5000.0,Fashion,No
1568,18-25,Male,5-10L,Quarterly,5000.0,No,<1,Mobile,Groceries,30.0,7.0,5000.0,Electronics,No
1569,36-45,Male,5L-10L,Quarterly,15000.0,Yes,1-3,Desktop,Electronics,25.0,7.0,1000.0,Fashion,No
1570,36-45,Female,2-5L,Weekly,12000.0,No,5+,Mobile,Fashion,60.0,60.0,1000.0,Electronics,No
1571,36-45,Male,5L-10L,Quarterly,15000.0,No,3-5,Mobile,Books,50.0,60.0,1000.0,Groceries,No
1573,46-55,Male,>20L,Quarterly,3000.0,No,<1,Mobile,Home & Furniture,25.0,15.0,500.0,Home & Furniture,No
1574,55+,Male,2-5L,Weekly,12000.0,No,3-5,Both,Groceries,10.0,30.0,1000.0,Home & Furniture,Yes
1575,18-25,Male,5-10L,Weekly,10000.0,No,1-3,Mobile,Electronics,10.0,7.0,5000.0,Home & Furniture,No
1576,26-35,Male,5-10L,Monthly,12000.0,Yes,<1,Mobile,Electronics,30.0,30.0,2000.0,Electronics,Yes
1577,55+,Male,>20L,Weekly,20000.0,Yes,1-3,Mobile,Electronics,60.0,30.0,2000.0,Electronics,No
1578,55+,Male,>20L,Rarely,5000.0,Yes,1-3,Desktop,Electronics,15.0,30.0,500.0,Books,Yes
1579,55+,Male,>20L,Weekly,10000.0,Yes,<1,Desktop,Fashion,15.0,15.0,1000.0,Groceries,No
1580,55+,Male,10-20L,Quarterly,5000.0,Yes,3-5,Mobile,Home & Furniture,40.0,30.0,5000.0,Home & Furniture,Yes
1581,55+,Male,5-10L,Weekly,15000.0,Yes,5+,Mobile,Groceries,30.0,60.0,2000.0,Groceries,No
1582,55+,Male,5L-10L,Quarterly,5000.0,Yes,5+,Mobile,Fashion,25.0,7.0,1000.0,Home & Furniture,Yes
1583,36-45,Male,5L-10L,Weekly,5000.0,No,3-5,Both,Fashion,20.0,30.0,1000.0,Fashion,No
1584,26-35,Male,<2,Weekly,15000.0,No,5+,Mobile,Home & Furniture,20.0,15.0,1000.0,Home & Furniture,Yes
1585,46-55,Male,>20L,Rarely,5000.0,No,5+,Mobile,Groceries,20.0,15.0,500.0,Home & Furniture,Yes
1586,55+,Female,5-10L,Rarely,10000.0,Yes,3-5,Mobile,Electronics,20.0,15.0,1000.0,Fashion,Yes
1587,36-45,Male,5L-10L,Monthly,10000.0,No,<1,Desktop,Groceries,25.0,15.0,1000.0,Home & Furniture,No
1588,46-55,Male,<2,Quarterly,10000.0,No,3-5,Mobile,Home & Furniture,30.0,15.0,1000.0,Fashion,No
1590,26-35,Male,2-5L,Quarterly,3000.0,No,<1,Mobile,Electronics,10.0,30.0,10000.0,Electronics,Yes
1591,26-35,Male,<2L,Weekly,7000.0,No,3-5,Mobile,Fashion,40.0,60.0,1000.0,Electronics,Yes
1592,18-25,Male,>20L,Bi-weekly,7000.0,No,1-3,Both,Home & Furniture,30.0,7.0,1000.0,Electronics,No
1593,55+,Male,<2L,Weekly,10000.0,Yes,3-5,Desktop,Home & Furniture,30.0,15.0,1000.0,Fashion,No
1594,55+,Male,<2,Monthly,12000.0,Yes,<1,Both,Books,20.0,30.0,1000.0,Electronics,Yes
1595,55+,Female,5-10L,Rarely,10000.0,Yes,5+,Mobile,Groceries,10.0,30.0,1000.0,Fashion,Yes
1596,55+,Male,5-10L,Monthly,5000.0,No,1-3,Desktop,Electronics,15.0,7.0,10000.0,Electronics,No
1597,26-35,Male,5-10L,Quarterly,15000.0,No,1-3,Mobile,Fashion,20.0,7.0,500.0,Home & Furniture,Yes
1598,26-35,Male,5-10L,Rarely,5000.0,Yes,3-5,Mobile,Electronics,20.0,7.0,1000.0,Groceries,No
1599,55+,Male,2-5L,Quarterly,20000.0,Yes,3-5,Mobile,Electronics,20.0,15.0,500.0,Fashion,No
1600,26-35,Female,5-10L,Quarterly,20000.0,No,<1,Mobile,Electronics,20.0,15.0,5000.0,Electronics,Yes
1601,55+,Male,2-5L,Weekly,20000.0,No,<1,Mobile,Groceries,20.0,15.0,5000.0,Home & Furniture,No
1603,55+,Female,<2,Quarterly,5000.0,Yes,<1,Mobile,Electronics,40.0,7.0,1000.0,Groceries,No
1604,55+,Male,2-5L,Weekly,10000.0,No,<1,Mobile,Electronics,20.0,15.0,5000.0,Electronics,No
1605,26-35,Male,5-10L,Weekly,7000.0,No,3-5,Mobile,Electronics,30.0,30.0,2000.0,Electronics,Yes
1606,26-35,Male,<2,Weekly,7000.0,No,3-5,Desktop,Books,25.0,30.0,10000.0,Home & Furniture,Yes
1607,55+,Male,2-5L,Weekly,10000.0,Yes,3-5,Mobile,Groceries,30.0,15.0,2000.0,Groceries,Yes
1608,55+,Male,2-5L,Weekly,10000.0,No,3-5,Mobile,Electronics,25.0,15.0,5000.0,Fashion,No
1610,36-45,Male,10-20L,Weekly,5000.0,No,5+,Mobile,Fashion,30.0,7.0,1000.0,Fashion,No
1611,26-35,Male,2-5L,Weekly,10000.0,Yes,3-5,Mobile,Home & Furniture,25.0,15.0,1000.0,Books,No
1612,55+,Male,10-20L,Quarterly,3000.0,Yes,<1,Mobile,Books,30.0,60.0,1000.0,Home & Furniture,No
1614,36-45,Male,5-10L,Weekly,12000.0,No,1-3,Mobile,Electronics,30.0,15.0,2000.0,Home & Furniture,Yes
1615,55+,Female,5-10L,Rarely,15000.0,No,<1,Desktop,Home & Furniture,25.0,30.0,1000.0,Electronics,No
1616,26-35,Male,<2,Weekly,12000.0,Yes,5+,Mobile,Books,25.0,7.0,500.0,Home & Furniture,No
1617,18-25,Male,>20L,Bi-weekly,10000.0,Yes,3-5,Desktop,Electronics,30.0,60.0,500.0,Home & Furniture,No
1618,46-55,Male,<2L,Weekly,15000.0,No,<1,Desktop,Fashion,30.0,15.0,2000.0,Fashion,Yes
1619,55+,Male,10-20L,Monthly,10000.0,Yes,3-5,Both,Electronics,50.0,30.0,1000.0,Electronics,No
1620,18-25,Male,>20L,Rarely,12000.0,Yes,<1,Both,Books,30.0,7.0,1000.0,Groceries,No
1621,26-35,Female,5-10L,Quarterly,3000.0,No,3-5,Both,Books,50.0,30.0,500.0,Home & Furniture,No
1622,46-55,Male,<2,Weekly,10000.0,No,3-5,Mobile,Home & Furniture,40.0,7.0,500.0,Electronics,Yes
1623,55+,Female,5-10L,Weekly,5000.0,Yes,5+,Mobile,Fashion,30.0,30.0,2000.0,Fashion,No
1624,18-25,Female,<2L,Quarterly,3000.0,No,1-3,Desktop,Home & Furniture,40.0,30.0,2000.0,Home & Furniture,No
1625,36-45,Male,5L-10L,Weekly,10000.0,No,3-5,Mobile,Home & Furniture,15.0,60.0,1000.0,Home & Furniture,No
1626,55+,Male,>20L,Quarterly,5000.0,Yes,3-5,Mobile,Fashion,40.0,30.0,1000.0,Electronics,No
1627,36-45,Female,2-5L,Monthly,5000.0,Yes,3-5,Mobile,Books,10.0,7.0,500.0,Books,No
1628,26-35,Female,<2L,Weekly,12000.0,Yes,5+,Desktop,Fashion,20.0,30.0,2000.0,Fashion,Yes
1629,26-35,Male,5-10L,Quarterly,10000.0,Yes,<1,Desktop,Fashion,60.0,30.0,2000.0,Books,Yes
1631,36-45,Male,>20L,Monthly,12000.0,Yes,5+,Mobile,Books,15.0,7.0,10000.0,Fashion,No
1632,55+,Female,2-5L,Quarterly,10000.0,No,1-3,Desktop,Home & Furniture,25.0,60.0,500.0,Books,No
1634,55+,Female,<2L,Monthly,5000.0,No,3-5,Both,Electronics,10.0,30.0,5000.0,Electronics,No
1635,55+,Male,2-5L,Weekly,5000.0,No,3-5,Mobile,Books,60.0,30.0,2000.0,Groceries,Yes
1637,36-45,Female,10-20L,Weekly,12000.0,No,1-3,Both,Groceries,50.0,30.0,2000.0,Home & Furniture,No
1638,55+,Male,5-10L,Bi-weekly,5000.0,No,5+,Mobile,Books,30.0,30.0,10000.0,Fashion,No
1639,55+,Female,5-10L,Quarterly,7000.0,Yes,1-3,Mobile,Electronics,30.0,60.0,500.0,Groceries,No
1640,55+,Male,5L-10L,Rarely,10000.0,Yes,3-5,Mobile,Books,60.0,15.0,2000.0,Home & Furniture,No
1641,55+,Female,5-10L,Weekly,12000.0,No,3-5,Mobile,Electronics,15.0,15.0,1000.0,Fashion,No
1642,18-25,Male,10-20L,Monthly,15000.0,Yes,3-5,Desktop,Home & Furniture,15.0,60.0,10000.0,Groceries,No
1643,36-45,Male,<2L,Weekly,5000.0,Yes,5+,Both,Electronics,40.0,7.0,1000.0,Electronics,No
1644,26-35,Male,5-10L,Monthly,5000.0,No,3-5,Both,Groceries,10.0,30.0,500.0,Home & Furniture,No
1645,26-35,Male,2-5L,Bi-weekly,10000.0,No,<1,Both,Fashion,30.0,7.0,2000.0,Electronics,No
1646,36-45,Male,2-5L,Quarterly,15000.0,Yes,5+,Mobile,Fashion,30.0,15.0,10000.0,Groceries,Yes
1647,26-35,Female,5-10L,Weekly,5000.0,No,5+,Mobile,Fashion,30.0,15.0,2000.0,Fashion,No
1648,55+,Male,5-10L,Quarterly,10000.0,No,3-5,Mobile,Home & Furniture,20.0,30.0,500.0,Home & Furniture,No
1649,55+,Male,5-10L,Weekly,5000.0,Yes,5+,Mobile,Electronics,60.0,7.0,1000.0,Electronics,Yes
1650,55+,Male,5L-10L,Weekly,5000.0,Yes,<1,Desktop,Electronics,40.0,15.0,10000.0,Fashion,No
1651,26-35,Female,<2,Rarely,5000.0,Yes,5+,Desktop,Home & Furniture,20.0,30.0,2000.0,Groceries,Yes
1652,26-35,Female,5-10L,Weekly,10000.0,Yes,3-5,Mobile,Electronics,30.0,60.0,500.0,Fashion,Yes
1654,18-25,Female,<2,Weekly,7000.0,No,1-3,Mobile,Fashion,30.0,30.0,1000.0,Fashion,No
1655,55+,Male,5-10L,Weekly,10000.0,No,<1,Mobile,Books,30.0,15.0,1000.0,Fashion,Yes
1657,26-35,Male,5-10L,Quarterly,5000.0,Yes,<1,Both,Groceries,50.0,30.0,2000.0,Books,No
1660,18-25,Male,2-5L,Quarterly,15000.0,Yes,1-3,Mobile,Books,30.0,30.0,1000.0,Home & Furniture,No
1661,26-35,Female,<2,Weekly,12000.0,No,3-5,Both,Electronics,30.0,30.0,1000.0,Home & Furniture,No
1662,46-55,Male,5-10L,Bi-weekly,10000.0,No,1-3,Mobile,Books,25.0,30.0,1000.0,Electronics,Yes
1663,55+,Female,5-10L,Weekly,10000.0,No,3-5,Desktop,Books,30.0,15.0,2000.0,Home & Furniture,Yes
1664,26-35,Female,5-10L,Rarely,15000.0,Yes,3-5,Mobile,Groceries,30.0,30.0,2000.0,Books,No
1665,55+,Male,5L-10L,Monthly,3000.0,Yes,3-5,Mobile,Electronics,15.0,7.0,500.0,Fashion,No
1666,55+,Male,5-10L,Rarely,10000.0,No,3-5,Mobile,Fashion,50.0,7.0,10000.0,Books,Yes
1667,55+,Male,<2L,Quarterly,5000.0,No,<1,Desktop,Groceries,50.0,15.0,5000.0,Electronics,Yes
1668,26-35,Male,<2L,Weekly,10000.0,Yes,1-3,Both,Electronics,40.0,60.0,1000.0,Fashion,Yes
1669,55+,Female,>20L,Quarterly,10000.0,No,<1,Mobile,Fashion,30.0,60.0,1000.0,Electronics,No
1670,55+,Male,2-5L,Quarterly,5000.0,No,3-5,Both,Electronics,30.0,15.0,1000.0,Fashion,No
1671,26-35,Male,2-5L,Weekly,5000.0,No,<1,Desktop,Books,30.0,7.0,1000.0,Home & Furniture,No
1672,46-55,Male,10-20L,Weekly,10000.0,Yes,3-5,Desktop,Home & Furniture,60.0,30.0,1000.0,Fashion,Yes
1673,55+,Male,<2,Rarely,20000.0,No,5+,Both,Home & Furniture,25.0,60.0,5000.0,Home & Furniture,Yes
1674,18-25,Male,10-20L,Weekly,10000.0,No,1-3,Mobile,Electronics,60.0,30.0,1000.0,Home & Furniture,Yes
1675,55+,Male,<2,Monthly,10000.0,No,<1,Mobile,Home & Furniture,20.0,7.0,500.0,Electronics,Yes
1676,55+,Male,5L-10L,Quarterly,20000.0,No,<1,Mobile,Fashion,25.0,15.0,2000.0,Home & Furniture,Yes
1677,55+,Female,10-20L,Monthly,15000.0,Yes,<1,Mobile,Fashion,25.0,30.0,5000.0,Electronics,No
1678,36-45,Male,>20L,Weekly,12000.0,Yes,1-3,Both,Electronics,20.0,7.0,1000.0,Home & Furniture,Yes
1680,46-55,Male,5-10L,Weekly,10000.0,Yes,5+,Mobile,Groceries,50.0,30.0,1000.0,Electronics,No
1682,55+,Male,>20L,Quarterly,15000.0,No,<1,Mobile,Electronics,60.0,60.0,1000.0,Groceries,No
1683,55+,Female,>20L,Quarterly,10000.0,Yes,3-5,Mobile,Electronics,20.0,15.0,1000.0,Groceries,No
1684,26-35,Male,5-10L,Weekly,10000.0,No,5+,Mobile,Electronics,30.0,30.0,500.0,Groceries,No
1686,26-35,Male,>20L,Weekly,10000.0,Yes,1-3,Mobile,Fashion,40.0,7.0,5000.0,Home & Furniture,No
1687,36-45,Male,5L-10L,Bi-weekly,5000.0,Yes,5+,Mobile,Books,10.0,60.0,1000.0,Electronics,Yes
1688,46-55,Male,2-5L,Bi-weekly,3000.0,Yes,1-3,Mobile,Books,30.0,7.0,2000.0,Fashion,Yes
1690,36-45,Female,<2,Weekly,5000.0,Yes,3-5,Mobile,Electronics,40.0,30.0,500.0,Fashion,Yes
1691,55+,Male,<2L,Weekly,3000.0,Yes,5+,Desktop,Electronics,20.0,7.0,1000.0,Books,Yes
1692,55+,Female,5L-10L,Weekly,10000.0,No,1-3,Mobile,Electronics,60.0,7.0,2000.0,Books,No
1693,26-35,Male,2-5L,Weekly,10000.0,Yes,3-5,Mobile,Electronics,15.0,30.0,1000.0,Groceries,Yes
1696,55+,Male,5-10L,Quarterly,10000.0,No,3-5,Desktop,Groceries,20.0,60.0,2000.0,Home & Furniture,No
1697,55+,Male,<2L,Weekly,7000.0,Yes,3-5,Mobile,Books,40.0,60.0,5000.0,Electronics,Yes
1698,55+,Male,2-5L,Quarterly,7000.0,Yes,3-5,Mobile,Groceries,25.0,7.0,1000.0,Groceries,Yes
1699,55+,Male,>20L,Weekly,15000.0,Yes,3-5,Mobile,Electronics,30.0,60.0,1000.0,Groceries,Yes
1700,55+,Male,5L-10L,Weekly,3000.0,No,3-5,Mobile,Home & Furniture,30.0,7.0,2000.0,Home & Furniture,No
1701,55+,Female,>20L,Weekly,10000.0,Yes,<1,Both,Fashion,40.0,15.0,1000.0,Electronics,Yes
1702,55+,Male,5-10L,Rarely,5000.0,Yes,<1,Desktop,Books,40.0,15.0,5000.0,Fashion,No
1703,36-45,Female,<2,Quarterly,5000.0,Yes,<1,Mobile,Fashion,30.0,60.0,1000.0,Groceries,Yes
1705,36-45,Male,2-5L,Weekly,10000.0,No,3-5,Mobile,Electronics,15.0,30.0,1000.0,Home & Furniture,No
1706,55+,Male,>20L,Weekly,10000.0,Yes,5+,Mobile,Home & Furniture,20.0,15.0,500.0,Groceries,No
1707,18-25,Male,>20L,Rarely,15000.0,Yes,5+,Mobile,Home & Furniture,20.0,30.0,1000.0,Books,No
1708,36-45,Male,<2L,Bi-weekly,12000.0,No,5+,Mobile,Groceries,25.0,30.0,5000.0,Books,No
1710,26-35,Male,2-5L,Weekly,10000.0,No,5+,Mobile,Electronics,20.0,7.0,2000.0,Home & Furniture,Yes
1711,55+,Male,2-5L,Weekly,10000.0,Yes,1-3,Mobile,Books,60.0,30.0,10000.0,Home & Furniture,Yes
1712,36-45,Female,5L-10L,Rarely,10000.0,No,3-5,Mobile,Fashion,30.0,30.0,500.0,Fashion,No
1713,55+,Male,5-10L,Bi-weekly,7000.0,Yes,5+,Mobile,Electronics,10.0,7.0,1000.0,Home & Furniture,No
1715,26-35,Male,2-5L,Monthly,7000.0,Yes,1-3,Mobile,Books,30.0,60.0,500.0,Groceries,No
1716,55+,Male,2-5L,Weekly,12000.0,No,3-5,Both,Fashion,40.0,30.0,1000.0,Fashion,No
1717,36-45,Male,5-10L,Weekly,10000.0,No,3-5,Mobile,Books,15.0,60.0,2000.0,Electronics,No
1718,46-55,Male,2-5L,Weekly,12000.0,No,5+,Desktop,Electronics,10.0,30.0,500.0,Home & Furniture,No
1719,46-55,Male,<2L,Weekly,10000.0,No,1-3,Desktop,Fashion,50.0,60.0,500.0,Fashion,No
1720,55+,Male,5L-10L,Quarterly,3000.0,Yes,3-5,Both,Electronics,40.0,15.0,2000.0,Fashion,No
1721,18-25,Male,5L-10L,Weekly,10000.0,No,<1,Mobile,Fashion,30.0,30.0,2000.0,Fashion,Yes
1722,55+,Male,>20L,Weekly,10000.0,No,5+,Desktop,Fashion,40.0,30.0,2000.0,Fashion,Yes
1723,55+,Male,<2,Rarely,5000.0,Yes,<1,Mobile,Electronics,30.0,7.0,500.0,Fashion,Yes
1724,55+,Female,2-5L,Quarterly,10000.0,Yes,<1,Mobile,Home & Furniture,30.0,60.0,2000.0,Home & Furniture,No
1726,18-25,Male,5-10L,Weekly,15000.0,No,3-5,Desktop,Books,15.0,30.0,5000.0,Home & Furniture,No
1727,36-45,Female,5-10L,Weekly,5000.0,Yes,1-3,Mobile,Fashion,20.0,30.0,1000.0,Groceries,No
1728,55+,Male,>20L,Bi-weekly,7000.0,No,<1,Mobile,Electronics,30.0,30.0,2000.0,Home & Furniture,Yes
1731,55+,Male,5-10L,Weekly,10000.0,Yes,<1,Mobile,Fashion,40.0,7.0,5000.0,Groceries,No
1732,18-25,Male,5-10L,Monthly,3000.0,No,3-5,Mobile,Electronics,30.0,15.0,5000.0,Groceries,Yes
1734,26-35,Male,>20L,Weekly,7000.0,No,3-5,Desktop,Fashion,30.0,15.0,500.0,Electronics,No
1735,55+,Male,10-20L,Weekly,12000.0,Yes,5+,Both,Electronics,30.0,30.0,500.0,Home & Furniture,No
1736,55+,Male,2-5L,Rarely,5000.0,No,1-3,Mobile,Books,15.0,60.0,500.0,Fashion,Yes
1737,55+,Female,5-10L,Monthly,10000.0,Yes,5+,Mobile,Fashion,30.0,30.0,5000.0,Home & Furniture,No
1738,26-35,Male,5-10L,Monthly,5000.0,No,<1,Desktop,Electronics,20.0,7.0,1000.0,Groceries,No
1739,46-55,Male,>20L,Weekly,3000.0,No,3-5,Desktop,Electronics,50.0,30.0,1000.0,Groceries,No
1740,55+,Male,5-10L,Rarely,10000.0,No,5+,Both,Home & Furniture,30.0,15.0,2000.0,Groceries,No
1741,26-35,Male,<2,Weekly,10000.0,No,5+,Mobile,Home & Furniture,30.0,30.0,500.0,Home & Furniture,Yes
1742,26-35,Male,5-10L,Weekly,5000.0,No,<1,Mobile,Home & Furniture,15.0,30.0,2000.0,Fashion,No
1743,55+,Male,10-20L,Quarterly,5000.0,No,3-5,Mobile,Home & Furniture,20.0,7.0,5000.0,Home & Furniture,Yes
1744,55+,Male,>20L,Rarely,5000.0,Yes,<1,Mobile,Fashion,20.0,7.0,1000.0,Fashion,No
1745,55+,Male,<2,Quarterly,15000.0,No,<1,Both,Electronics,40.0,60.0,2000.0,Books,No
1746,46-55,Male,5-10L,Bi-weekly,15000.0,No,5+,Desktop,Electronics,15.0,30.0,500.0,Home & Furniture,No
1747,55+,Male,5-10L,Weekly,10000.0,No,<1,Mobile,Electronics,20.0,30.0,2000.0,Groceries,Yes
1748,46-55,Male,2-5L,Weekly,20000.0,No,<1,Mobile,Electronics,40.0,30.0,2000.0,Books,No
1749,36-45,Female,>20L,Weekly,10000.0,Yes,3-5,Mobile,Fashion,30.0,30.0,2000.0,Groceries,No
1750,36-45,Male,<2L,Quarterly,5000.0,No,1-3,Mobile,Books,50.0,60.0,2000.0,Home & Furniture,Yes
1751,46-55,Male,2-5L,Weekly,10000.0,Yes,1-3,Mobile,Electronics,50.0,7.0,5000.0,Electronics,No
1752,26-35,Male,2-5L,Quarterly,15000.0,No,3-5,Desktop,Electronics,50.0,30.0,500.0,Groceries,Yes
1754,55+,Male,2-5L,Quarterly,20000.0,Yes,<1,Mobile,Home & Furniture,15.0,60.0,1000.0,Home & Furniture,No
1756,46-55,Male,2-5L,Bi-weekly,15000.0,Yes,3-5,Mobile,Groceries,15.0,30.0,1000.0,Home & Furniture,No
1757,18-25,Male,2-5L,Rarely,12000.0,No,3-5,Mobile,Groceries,30.0,60.0,2000.0,Groceries,No
1758,55+,Female,>20L,Quarterly,15000.0,Yes,3-5,Mobile,Groceries,40.0,30.0,1000.0,Books,No
1759,55+,Male,<2L,Rarely,20000.0,Yes,3-5,Desktop,Fashion,30.0,60.0,2000.0,Home & Furniture,No
1760,55+,Male,<2L,Quarterly,5000.0,No,5+,Desktop,Electronics,25.0,7.0,2000.0,Electronics,No
1762,26-35,Female,5-10L,Weekly,5000.0,Yes,<1,Desktop,Electronics,20.0,60.0,1000.0,Home & Furniture,Yes
1763,26-35,Male,5-10L,Rarely,15000.0,No,3-5,Mobile,Fashion,20.0,30.0,2000.0,Home & Furniture,No
1765,18-25,Female,2-5L,Weekly,5000.0,No,<1,Desktop,Fashion,30.0,7.0,1000.0,Books,Yes
1766,18-25,Female,2-5L,Bi-weekly,7000.0,No,3-5,Mobile,Electronics,25.0,7.0,2000.0,Fashion,No
1767,55+,Female,>20L,Weekly,5000.0,No,1-3,Mobile,Electronics,20.0,7.0,2000.0,Home & Furniture,Yes
1769,55+,Female,5-10L,Weekly,3000.0,No,3-5,Desktop,Groceries,25.0,30.0,2000.0,Electronics,No
1771,46-55,Female,2-5L,Quarterly,10000.0,Yes,<1,Mobile,Home & Furniture,15.0,7.0,1000.0,Fashion,No
1772,55+,Female,10-20L,Quarterly,20000.0,Yes,3-5,Desktop,Home & Furniture,30.0,30.0,5000.0,Home & Furniture,No
1773,46-55,Male,2-5L,Weekly,5000.0,Yes,3-5,Mobile,Groceries,30.0,30.0,10000.0,Groceries,No
1774,55+,Male,<2,Weekly,7000.0,No,3-5,Both,Electronics,25.0,60.0,2000.0,Home & Furniture,No
1775,46-55,Male,2-5L,Weekly,20000.0,No,1-3,Mobile,Fashion,10.0,7.0,2000.0,Groceries,Yes
1776,46-55,Female,5L-10L,Quarterly,10000.0,Yes,3-5,Mobile,Electronics,30.0,30.0,1000.0,Fashion,No
1777,55+,Male,>20L,Weekly,3000.0,Yes,<1,Desktop,Fashion,10.0,7.0,2000.0,Books,Yes
1778,55+,Female,5L-10L,Quarterly,15000.0,Yes,1-3,Mobile,Books,20.0,60.0,2000.0,Electronics,No
1779,55+,Male,5-10L,Bi-weekly,5000.0,Yes,<1,Mobile,Groceries,60.0,15.0,1000.0,Fashion,No
1780,36-45,Male,<2L,Rarely,5000.0,No,3-5,Mobile,Home & Furniture,25.0,30.0,2000.0,Home & Furniture,No
1781,26-35,Male,2-5L,Quarterly,12000.0,No,5+,Mobile,Fashion,25.0,7.0,1000.0,Home & Furniture,No
1782,55+,Female,2-5L,Quarterly,10000.0,No,3-5,Both,Electronics,30.0,7.0,1000.0,Fashion,Yes
1783,26-35,Male,10-20L,Weekly,10000.0,No,1-3,Mobile,Groceries,30.0,7.0,2000.0,Home & Furniture,Yes
1784,18-25,Male,10-20L,Weekly,3000.0,Yes,3-5,Both,Fashion,20.0,15.0,5000.0,Groceries,Yes
1785,26-35,Male,5-10L,Weekly,5000.0,No,1-3,Mobile,Groceries,60.0,60.0,2000.0,Fashion,No
1786,55+,Female,5-10L,Quarterly,5000.0,Yes,<1,Desktop,Electronics,40.0,30.0,500.0,Home & Furniture,Yes
1787,36-45,Female,5-10L,Rarely,7000.0,Yes,5+,Desktop,Electronics,15.0,7.0,1000.0,Fashion,No
1788,55+,Male,5-10L,Weekly,3000.0,Yes,3-5,Mobile,Books,40.0,7.0,10000.0,Books,No
1789,55+,Male,2-5L,Quarterly,10000.0,Yes,<1,Both,Books,40.0,15.0,1000.0,Home & Furniture,Yes
1790,18-25,Male,5L-10L,Weekly,15000.0,No,1-3,Desktop,Electronics,30.0,60.0,5000.0,Books,Yes
1792,26-35,Female,5L-10L,Weekly,12000.0,Yes,1-3,Mobile,Home & Furniture,30.0,30.0,5000.0,Home & Furniture,Yes
1793,26-35,Male,10-20L,Quarterly,5000.0,No,1-3,Mobile,Books,50.0,60.0,2000.0,Fashion,No
1794,55+,Male,2-5L,Quarterly,10000.0,Yes,5+,Mobile,Electronics,10.0,30.0,5000.0,Electronics,Yes
1795,55+,Female,>20L,Rarely,15000.0,No,<1,Mobile,Electronics,25.0,30.0,2000.0,Home & Furniture,No
1796,26-35,Male,>20L,Weekly,3000.0,Yes,<1,Mobile,Electronics,30.0,15.0,1000.0,Groceries,No
1798,26-35,Male,<2,Rarely,5000.0,Yes,3-5,Mobile,Fashion,30.0,30.0,1000.0,Home & Furniture,Yes
1799,46-55,Male,<2L,Weekly,10000.0,Yes,<1,Mobile,Electronics,20.0,7.0,5000.0,Electronics,No
1801,55+,Male,5L-10L,Quarterly,10000.0,Yes,3-5,Mobile,Fashion,30.0,60.0,2000.0,Books,No
1802,46-55,Male,2-5L,Monthly,10000.0,Yes,3-5,Both,Electronics,50.0,7.0,1000.0,Home & Furniture,Yes
1804,55+,Male,10-20L,Quarterly,15000.0,Yes,1-3,Desktop,Electronics,30.0,30.0,1000.0,Home & Furniture,No
1805,55+,Male,5-10L,Quarterly,5000.0,Yes,3-5,Mobile,Groceries,30.0,60.0,1000.0,Electronics,No
1806,55+,Male,5-10L,Quarterly,10000.0,No,5+,Mobile,Fashion,30.0,30.0,500.0,Home & Furniture,Yes
1807,18-25,Male,5-10L,Weekly,15000.0,No,5+,Mobile,Home & Furniture,40.0,7.0,500.0,Books,No
1808,36-45,Male,2-5L,Weekly,20000.0,Yes,1-3,Both,Fashion,30.0,30.0,2000.0,Home & Furniture,Yes
1809,36-45,Male,>20L,Bi-weekly,7000.0,Yes,3-5,Mobile,Electronics,20.0,30.0,10000.0,Fashion,Yes
1812,36-45,Male,<2L,Quarterly,15000.0,Yes,3-5,Mobile,Fashion,50.0,60.0,2000.0,Home & Furniture,No
1813,55+,Female,5-10L,Bi-weekly,10000.0,No,<1,Both,Home & Furniture,30.0,7.0,1000.0,Electronics,No
1814,26-35,Male,2-5L,Quarterly,5000.0,No,3-5,Mobile,Fashion,40.0,15.0,500.0,Home & Furniture,No
1815,55+,Male,10-20L,Bi-weekly,5000.0,No,5+,Mobile,Electronics,10.0,30.0,500.0,Groceries,No
1816,46-55,Male,<2,Quarterly,10000.0,No,1-3,Mobile,Electronics,30.0,30.0,500.0,Fashion,No
1817,55+,Male,<2,Quarterly,5000.0,Yes,1-3,Both,Electronics,30.0,60.0,1000.0,Fashion,No
1819,36-45,Female,>20L,Quarterly,12000.0,Yes,<1,Mobile,Electronics,20.0,7.0,1000.0,Home & Furniture,No
1820,55+,Female,5L-10L,Quarterly,5000.0,No,5+,Both,Groceries,20.0,30.0,500.0,Books,No
1821,55+,Male,5L-10L,Rarely,20000.0,No,1-3,Mobile,Groceries,20.0,30.0,500.0,Electronics,No
1822,36-45,Male,<2,Weekly,7000.0,Yes,3-5,Both,Fashion,10.0,30.0,2000.0,Groceries,No
1823,55+,Male,>20L,Weekly,7000.0,Yes,1-3,Mobile,Groceries,60.0,15.0,2000.0,Groceries,Yes
1824,55+,Male,5-10L,Rarely,20000.0,No,3-5,Mobile,Home & Furniture,25.0,60.0,5000.0,Home & Furniture,No
1826,18-25,Male,5-10L,Quarterly,5000.0,No,3-5,Mobile,Electronics,25.0,60.0,1000.0,Groceries,No
1827,46-55,Male,2-5L,Quarterly,7000.0,No,3-5,Mobile,Fashion,30.0,30.0,2000.0,Fashion,No
1828,36-45,Female,5-10L,Rarely,10000.0,Yes,3-5,Desktop,Electronics,40.0,15.0,1000.0,Home & Furniture,Yes
1829,55+,Male,>20L,Monthly,10000.0,No,1-3,Mobile,Groceries,30.0,60.0,2000.0,Fashion,No
1830,36-45,Male,<2L,Weekly,20000.0,No,1-3,Mobile,Electronics,30.0,15.0,2000.0,Home & Furniture,No
1831,55+,Male,<2L,Weekly,20000.0,Yes,1-3,Both,Home & Furniture,30.0,15.0,500.0,Fashion,Yes
1832,55+,Female,<2L,Weekly,3000.0,No,1-3,Mobile,Electronics,50.0,30.0,1000.0,Home & Furniture,No
1834,26-35,Male,>20L,Weekly,10000.0,No,3-5,Desktop,Books,10.0,30.0,1000.0,Home & Furniture,No
1835,26-35,Male,10-20L,Weekly,20000.0,Yes,<1,Mobile,Books,25.0,7.0,5000.0,Fashion,No
1838,36-45,Female,2-5L,Rarely,5000.0,No,1-3,Both,Home & Furniture,30.0,15.0,500.0,Electronics,No
1840,55+,Female,>20L,Weekly,5000.0,Yes,<1,Mobile,Books,20.0,7.0,1000.0,Electronics,No
1841,18-25,Male,<2,Quarterly,10000.0,No,1-3,Mobile,Groceries,20.0,60.0,2000.0,Home & Furniture,No
1842,46-55,Female,5L-10L,Weekly,10000.0,Yes,<1,Mobile,Electronics,40.0,30.0,1000.0,Home & Furniture,No
1843,55+,Male,>20L,Rarely,10000.0,No,1-3,Mobile,Home & Furniture,10.0,30.0,1000.0,Fashion,No
1844,55+,Male,<2,Weekly,7000.0,No,<1,Mobile,Home & Furniture,30.0,30.0,5000.0,Fashion,No
1845,26-35,Male,5L-10L,Quarterly,10000.0,No,<1,Mobile,Electronics,60.0,60.0,5000.0,Home & Furniture,Yes
1847,36-45,Male,5-10L,Weekly,5000.0,No,1-3,Both,Fashion,30.0,30.0,2000.0,Electronics,No
1848,46-55,Female,5-10L,Weekly,10000.0,Yes,1-3,Mobile,Fashion,25.0,7.0,500.0,Books,No
1849,36-45,Female,5L-10L,Quarterly,15000.0,Yes,<1,Mobile,Fashion,30.0,30.0,5000.0,Electronics,No
1850,55+,Male,<2,Weekly,10000.0,No,3-5,Mobile,Electronics,30.0,30.0,2000.0,Fashion,Yes
1851,26-35,Male,10-20L,Quarterly,5000.0,No,<1,Both,Groceries,50.0,7.0,2000.0,Groceries,No
1852,55+,Male,5-10L,Weekly,5000.0,Yes,3-5,Mobile,Electronics,20.0,7.0,1000.0,Fashion,Yes
1853,36-45,Male,5-10L,Rarely,7000.0,No,1-3,Mobile,Electronics,20.0,30.0,10000.0,Home & Furniture,No
1854,55+,Male,5L-10L,Weekly,10000.0,No,1-3,Mobile,Groceries,20.0,7.0,5000.0,Groceries,Yes
1855,55+,Male,5L-10L,Bi-weekly,15000.0,No,3-5,Desktop,Books,30.0,60.0,1000.0,Electronics,No
1856,55+,Male,<2,Weekly,5000.0,No,<1,Mobile,Electronics,25.0,7.0,1000.0,Groceries,Yes
1857,26-35,Female,5-10L,Weekly,10000.0,Yes,5+,Mobile,Fashion,60.0,30.0,2000.0,Groceries,No
1858,26-35,Male,<2L,Weekly,10000.0,No,3-5,Mobile,Fashion,25.0,30.0,5000.0,Groceries,Yes
1859,26-35,Male,<2L,Weekly,15000.0,No,<1,Both,Electronics,40.0,60.0,500.0,Groceries,No
1860,26-35,Female,2-5L,Rarely,12000.0,Yes,3-5,Desktop,Electronics,50.0,60.0,2000.0,Fashion,Yes
1861,46-55,Male,5-10L,Bi-weekly,3000.0,Yes,<1,Mobile,Fashion,30.0,7.0,1000.0,Fashion,No
1862,55+,Male,5L-10L,Weekly,5000.0,Yes,<1,Mobile,Electronics,20.0,7.0,500.0,Fashion,No
1863,55+,Male,5-10L,Quarterly,7000.0,No,<1,Mobile,Books,40.0,30.0,5000.0,Home & Furniture,No
1865,46-55,Male,<2L,Monthly,7000.0,No,<1,Both,Groceries,30.0,7.0,500.0,Fashion,No
1866,55+,Male,10-20L,Quarterly,20000.0,Yes,3-5,Mobile,Electronics,30.0,15.0,2000.0,Electronics,No
1867,55+,Male,<2L,Weekly,5000.0,Yes,1-3,Mobile,Electronics,30.0,30.0,5000.0,Home & Furniture,Yes
1869,46-55,Male,5-10L,Weekly,5000.0,Yes,1-3,Mobile,Electronics,10.0,30.0,2000.0,Electronics,No
1871,55+,Female,2-5L,Weekly,5000.0,Yes,3-5,Mobile,Fashion,30.0,30.0,1000.0,Books,Yes
1872,36-45,Male,5L-10L,Weekly,5000.0,No,3-5,Mobile,Books,40.0,15.0,1000.0,Books,No
1873,55+,Male,2-5L,Quarterly,5000.0,No,5+,Mobile,Books,60.0,30.0,1000.0,Books,Yes
1874,55+,Female,5-10L,Rarely,20000.0,No,3-5,Both,Fashion,30.0,30.0,5000.0,Fashion,No
1875,55+,Male,5L-10L,Rarely,10000.0,Yes,3-5,Both,Electronics,30.0,7.0,1000.0,Home & Furniture,Yes
1876,55+,Male,5-10L,Quarterly,10000.0,Yes,<1,Mobile,Fashion,20.0,7.0,500.0,Fashion,Yes
1878,36-45,Male,>20L,Weekly,20000.0,Yes,1-3,Mobile,Groceries,30.0,30.0,1000.0,Groceries,Yes
1879,46-55,Female,5-10L,Weekly,5000.0,No,5+,Desktop,Electronics,30.0,30.0,2000.0,Home & Furniture,Yes
1880,46-55,Male,5-10L,Weekly,5000.0,No,3-5,Desktop,Home & Furniture,30.0,7.0,2000.0,Fashion,No
1881,46-55,Male,10-20L,Monthly,15000.0,Yes,<1,Mobile,Home & Furniture,30.0,60.0,5000.0,Books,No
1882,46-55,Female,5L-10L,Quarterly,10000.0,No,5+,Both,Books,40.0,60.0,5000.0,Fashion,No
1883,36-45,Female,<2,Weekly,5000.0,Yes,3-5,Desktop,Electronics,50.0,30.0,1000.0,Fashion,No
1884,55+,Male,<2L,Rarely,10000.0,No,1-3,Mobile,Electronics,30.0,60.0,5000.0,Electronics,No
1885,36-45,Male,5-10L,Rarely,5000.0,Yes,3-5,Both,Books,50.0,7.0,1000.0,Electronics,No
1887,18-25,Male,>20L,Weekly,5000.0,No,1-3,Both,Electronics,25.0,30.0,1000.0,Home & Furniture,Yes
1888,26-35,Male,5-10L,Quarterly,15000.0,No,3-5,Both,Fashion,25.0,15.0,1000.0,Groceries,No
1889,55+,Male,2-5L,Weekly,10000.0,No,1-3,Mobile,Home & Furniture,40.0,7.0,5000.0,Fashion,No
1890,36-45,Female,>20L,Monthly,3000.0,Yes,1-3,Mobile,Fashion,30.0,7.0,500.0,Fashion,No
1891,26-35,Male,5-10L,Monthly,10000.0,No,<1,Mobile,Books,40.0,7.0,5000.0,Groceries,No
1892,55+,Male,2-5L,Weekly,5000.0,No,3-5,Mobile,Books,30.0,30.0,5000.0,Electronics,Yes
1893,46-55,Female,2-5L,Rarely,15000.0,Yes,3-5,Mobile,Electronics,10.0,7.0,5000.0,Groceries,Yes
1894,18-25,Male,>20L,Weekly,5000.0,No,1-3,Mobile,Groceries,30.0,30.0,1000.0,Groceries,No
1896,55+,Male,<2L,Quarterly,12000.0,No,1-3,Mobile,Electronics,40.0,60.0,10000.0,Home & Furniture,No
1898,26-35,Male,<2L,Monthly,5000.0,Yes,1-3,Desktop,Fashion,15.0,60.0,1000.0,Groceries,Yes
1899,18-25,Male,2-5L,Monthly,12000.0,No,<1,Mobile,Electronics,30.0,15.0,5000.0,Home & Furniture,No
1900,55+,Male,2-5L,Weekly,10000.0,No,1-3,Mobile,Books,40.0,15.0,2000.0,Fashion,No
1902,18-25,Female,<2L,Weekly,7000.0,No,<1,Mobile,Electronics,30.0,30.0,2000.0,Electronics,No
1903,55+,Male,5-10L,Weekly,10000.0,Yes,3-5,Mobile,Books,10.0,15.0,1000.0,Home & Furniture,No
1904,18-25,Male,>20L,Weekly,15000.0,No,1-3,Mobile,Fashion,10.0,60.0,5000.0,Fashion,No
1905,46-55,Female,5-10L,Rarely,10000.0,Yes,5+,Mobile,Fashion,25.0,60.0,2000.0,Home & Furniture,No
1906,36-45,Male,5-10L,Rarely,10000.0,Yes,<1,Mobile,Fashion,40.0,30.0,2000.0,Fashion,No
1907,36-45,Male,5-10L,Weekly,15000.0,No,1-3,Mobile,Home & Furniture,60.0,15.0,1000.0,Electronics,Yes
1908,18-25,Female,>20L,Rarely,5000.0,Yes,3-5,Both,Fashion,25.0,60.0,2000.0,Home & Furniture,Yes
1909,55+,Male,5L-10L,Weekly,7000.0,No,1-3,Mobile,Groceries,30.0,15.0,10000.0,Home & Furniture,No
1910,55+,Male,>20L,Quarterly,10000.0,No,5+,Both,Groceries,40.0,30.0,1000.0,Electronics,Yes
1911,18-25,Male,10-20L,Quarterly,7000.0,Yes,5+,Both,Electronics,10.0,60.0,1000.0,Groceries,No
1912,26-35,Male,<2L,Weekly,10000.0,No,5+,Mobile,Fashion,30.0,7.0,1000.0,Groceries,No
1913,55+,Male,<2L,Bi-weekly,10000.0,Yes,<1,Both,Fashion,10.0,7.0,10000.0,Fashion,No
1914,46-55,Male,2-5L,Quarterly,10000.0,Yes,3-5,Mobile,Home & Furniture,30.0,7.0,1000.0,Books,Yes
1915,18-25,Female,<2L,Quarterly,10000.0,Yes,3-5,Mobile,Groceries,50.0,60.0,1000.0,Home & Furniture,No
1916,55+,Female,5-10L,Rarely,15000.0,Yes,<1,Mobile,Books,50.0,30.0,10000.0,Home & Furniture,No
1917,46-55,Female,>20L,Weekly,5000.0,Yes,3-5,Both,Electronics,40.0,15.0,2000.0,Books,No
1918,55+,Male,2-5L,Weekly,15000.0,Yes,5+,Mobile,Electronics,30.0,30.0,5000.0,Books,No
1919,46-55,Male,<2L,Rarely,5000.0,No,5+,Both,Electronics,20.0,15.0,5000.0,Fashion,Yes
1921,36-45,Male,10-20L,Rarely,10000.0,Yes,1-3,Mobile,Electronics,20.0,15.0,5000.0,Fashion,Yes
1922,26-35,Male,2-5L,Quarterly,7000.0,No,<1,Mobile,Electronics,25.0,7.0,5000.0,Home & Furniture,Yes
1923,36-45,Female,5L-10L,Weekly,15000.0,Yes,3-5,Mobile,Home & Furniture,30.0,30.0,500.0,Groceries,No
1924,55+,Male,5L-10L,Weekly,7000.0,No,<1,Mobile,Home & Furniture,40.0,7.0,2000.0,Home & Furniture,Yes
1925,26-35,Male,5L-10L,Weekly,3000.0,Yes,3-5,Mobile,Electronics,15.0,60.0,2000.0,Fashion,No
1926,18-25,Male,<2,Quarterly,10000.0,No,5+,Both,Fashion,50.0,30.0,1000.0,Fashion,No
1927,36-45,Male,2-5L,Weekly,10000.0,No,5+,Desktop,Home & Furniture,20.0,30.0,1000.0,Fashion,No
1928,55+,Male,5L-10L,Rarely,12000.0,Yes,<1,Mobile,Home & Furniture,20.0,15.0,1000.0,Fashion,No
1929,18-25,Male,<2L,Quarterly,5000.0,Yes,1-3,Mobile,Home & Furniture,25.0,30.0,5000.0,Home & Furniture,Yes
1930,36-45,Female,<2,Weekly,3000.0,Yes,1-3,Mobile,Home & Furniture,25.0,30.0,500.0,Fashion,No
1931,46-55,Male,5-10L,Quarterly,5000.0,No,5+,Mobile,Groceries,30.0,60.0,5000.0,Fashion,No
1932,55+,Male,5-10L,Quarterly,10000.0,No,<1,Mobile,Electronics,40.0,30.0,1000.0,Home & Furniture,No
1933,55+,Female,2-5L,Quarterly,10000.0,Yes,<1,Mobile,Home & Furniture,40.0,60.0,5000.0,Home & Furniture,Yes
1934,55+,Female,>20L,Rarely,15000.0,No,1-3,Mobile,Groceries,30.0,30.0,5000.0,Home & Furniture,No
1936,18-25,Male,5-10L,Weekly,10000.0,Yes,3-5,Mobile,Fashion,20.0,30.0,1000.0,Fashion,Yes
1937,36-45,Female,5-10L,Monthly,20000.0,No,1-3,Both,Electronics,60.0,15.0,500.0,Fashion,No
1938,55+,Female,5-10L,Rarely,5000.0,Yes,3-5,Desktop,Electronics,30.0,15.0,5000.0,Fashion,No
1939,26-35,Male,2-5L,Rarely,7000.0,No,3-5,Both,Books,30.0,30.0,1000.0,Electronics,Yes
1941,26-35,Male,>20L,Weekly,10000.0,No,1-3,Desktop,Fashion,30.0,7.0,500.0,Electronics,Yes
1942,55+,Male,<2,Weekly,10000.0,No,5+,Mobile,Electronics,60.0,30.0,1000.0,Groceries,Yes
1944,26-35,Male,5-10L,Bi-weekly,3000.0,No,1-3,Mobile,Home & Furniture,50.0,30.0,2000.0,Home & Furniture,Yes
1945,55+,Female,2-5L,Weekly,12000.0,No,<1,Desktop,Electronics,25.0,7.0,1000.0,Fashion,No
1946,55+,Male,<2,Weekly,5000.0,No,3-5,Mobile,Electronics,50.0,7.0,2000.0,Electronics,No
1947,26-35,Female,2-5L,Quarterly,15000.0,No,<1,Mobile,Electronics,40.0,15.0,1000.0,Fashion,No
1948,55+,Male,<2,Weekly,7000.0,Yes,3-5,Desktop,Fashion,50.0,15.0,5000.0,Fashion,Yes
1949,55+,Female,<2L,Quarterly,5000.0,Yes,<1,Desktop,Home & Furniture,20.0,60.0,1000.0,Fashion,No
1951,55+,Male,5-10L,Bi-weekly,15000.0,No,3-5,Mobile,Electronics,30.0,7.0,1000.0,Books,Yes
1952,18-25,Male,10-20L,Rarely,5000.0,Yes,<1,Mobile,Electronics,30.0,7.0,500.0,Home & Furniture,Yes
1954,55+,Male,5-10L,Weekly,5000.0,No,<1,Both,Electronics,50.0,15.0,500.0,Books,No
1955,55+,Male,>20L,Rarely,10000.0,Yes,3-5,Desktop,Electronics,50.0,30.0,1000.0,Fashion,Yes
1956,55+,Female,2-5L,Quarterly,5000.0,Yes,5+,Desktop,Home & Furniture,10.0,15.0,2000.0,Fashion,Yes
1960,46-55,Male,2-5L,Weekly,7000.0,Yes,<1,Mobile,Electronics,20.0,30.0,1000.0,Home & Furniture,Yes
1961,46-55,Male,5-10L,Quarterly,5000.0,No,5+,Both,Electronics,30.0,30.0,1000.0,Groceries,Yes
1962,36-45,Male,<2L,Quarterly,12000.0,Yes,1-3,Both,Electronics,20.0,7.0,1000.0,Fashion,No
1963,46-55,Male,5L-10L,Rarely,15000.0,Yes,1-3,Mobile,Electronics,20.0,15.0,2000.0,Home & Furniture,Yes
1964,18-25,Male,<2L,Quarterly,10000.0,No,3-5,Mobile,Electronics,15.0,30.0,1000.0,Fashion,Yes
1966,18-25,Female,5-10L,Bi-weekly,12000.0,Yes,5+,Mobile,Electronics,60.0,7.0,5000.0,Fashion,Yes
1967,55+,Male,<2,Weekly,5000.0,Yes,<1,Desktop,Electronics,20.0,60.0,5000.0,Home & Furniture,Yes
1969,36-45,Male,>20L,Monthly,10000.0,No,<1,Mobile,Electronics,30.0,30.0,5000.0,Home & Furniture,Yes
1970,46-55,Female,<2L,Quarterly,20000.0,Yes,1-3,Mobile,Home & Furniture,30.0,15.0,1000.0,Fashion,Yes
1971,36-45,Male,10-20L,Weekly,15000.0,No,<1,Mobile,Fashion,30.0,30.0,1000.0,Groceries,Yes
1972,55+,Male,<2,Weekly,10000.0,No,<1,Mobile,Electronics,20.0,30.0,1000.0,Books,No
1973,55+,Male,<2L,Weekly,5000.0,Yes,3-5,Desktop,Fashion,40.0,30.0,2000.0,Fashion,Yes
1974,36-45,Male,>20L,Rarely,12000.0,Yes,<1,Mobile,Fashion,10.0,60.0,500.0,Fashion,Yes
1975,26-35,Male,5-10L,Quarterly,10000.0,No,5+,Desktop,Fashion,30.0,7.0,10000.0,Home & Furniture,Yes
1976,26-35,Male,>20L,Monthly,20000.0,No,<1,Mobile,Fashion,25.0,30.0,1000.0,Fashion,Yes
1978,55+,Male,<2,Bi-weekly,5000.0,Yes,3-5,Both,Electronics,50.0,15.0,2000.0,Fashion,No
1979,55+,Male,<2L,Quarterly,10000.0,Yes,1-3,Mobile,Electronics,30.0,15.0,1000.0,Groceries,Yes
1981,55+,Female,2-5L,Quarterly,7000.0,No,<1,Mobile,Electronics,30.0,60.0,1000.0,Home & Furniture,No
1982,36-45,Male,5-10L,Weekly,10000.0,Yes,1-3,Both,Fashion,30.0,7.0,1000.0,Books,No
1983,55+,Male,<2,Rarely,15000.0,Yes,<1,Both,Groceries,30.0,7.0,500.0,Books,No
1984,26-35,Male,10-20L,Rarely,12000.0,No,1-3,Desktop,Books,30.0,7.0,1000.0,Groceries,No
1985,46-55,Male,>20L,Monthly,3000.0,Yes,1-3,Mobile,Books,15.0,30.0,1000.0,Home & Furniture,No
1986,55+,Female,<2L,Weekly,5000.0,No,3-5,Both,Books,30.0,60.0,2000.0,Electronics,Yes
1987,26-35,Male,<2,Weekly,5000.0,No,<1,Mobile,Books,25.0,30.0,2000.0,Fashion,No
1988,55+,Male,5-10L,Weekly,10000.0,No,3-5,Desktop,Home & Furniture,30.0,60.0,1000.0,Groceries,Yes
1989,55+,Male,5-10L,Rarely,10000.0,No,3-5,Mobile,Electronics,40.0,7.0,1000.0,Home & Furniture,No
1990,18-25,Female,5-10L,Monthly,10000.0,Yes,<1,Mobile,Electronics,30.0,60.0,2000.0,Groceries,No
1991,18-25,Male,10-20L,Weekly,7000.0,Yes,1-3,Mobile,Home & Furniture,30.0,30.0,10000.0,Home & Furniture,No
1992,55+,Male,5-10L,Weekly,12000.0,Yes,1-3,Mobile,Fashion,20.0,60.0,1000.0,Books,No
1993,36-45,Male,>20L,Weekly,5000.0,No,5+,Mobile,Groceries,25.0,7.0,5000.0,Home & Furniture,Yes
1994,18-25,Female,2-5L,Weekly,10000.0,Yes,<1,Mobile,Fashion,25.0,7.0,10000.0,Home & Furniture,No
1995,36-45,Female,<2L,Rarely,12000.0,Yes,3-5,Mobile,Electronics,15.0,30.0,1000.0,Groceries,No
1996,55+,Male,2-5L,Quarterly,5000.0,No,1-3,Both,Electronics,15.0,60.0,1000.0,Groceries,No
1997,26-35,Female,10-20L,Monthly,5000.0,No,3-5,Mobile,Fashion,50.0,15.0,2000.0,Groceries,No
1998,36-45,Male,2-5L,Quarterly,10000.0,Yes,3-5,Mobile,Fashion,60.0,7.0,2000.0,Home & Furniture,Yes
1999,55+,Male,10-20L,Quarterly,10000.0,No,<1,Mobile,Electronics,15.0,7.0,1000.0,Fashion,No
2000,46-55,Male,<2L,Quarterly,10000.0,Yes,3-5,Mobile,Groceries,10.0,15.0,1000.0,Groceries,No
2001,55+,Male,>20L,Weekly,15000.0,No,<1,Mobile,Books,20.0,60.0,1000.0,Home & Furniture,Yes
2002,36-45,Male,<2,Weekly,3000.0,No,<1,Mobile,Groceries,50.0,15.0,5000.0,Fashion,No
2003,55+,Male,<2L,Monthly,15000.0,Yes,3-5,Desktop,Electronics,30.0,7.0,10000.0,Home & Furniture,No
2006,55+,Male,<2L,Weekly,10000.0,No,1-3,Mobile,Electronics,20.0,7.0,1000.0,Groceries,No
2007,36-45,Male,<2L,Weekly,10000.0,No,1-3,Desktop,Fashion,20.0,15.0,5000.0,Home & Furniture,Yes
2008,18-25,Male,<2,Weekly,20000.0,No,3-5,Mobile,Home & Furniture,15.0,7.0,10000.0,Fashion,No
2009,18-25,Male,<2L,Weekly,5000.0,Yes,<1,Desktop,Electronics,30.0,7.0,2000.0,Books,No
2010,55+,Male,2-5L,Rarely,15000.0,No,5+,Mobile,Groceries,50.0,7.0,5000.0,Home & Furniture,Yes
2011,18-25,Female,2-5L,Quarterly,10000.0,No,<1,Desktop,Home & Furniture,40.0,60.0,1000.0,Groceries,Yes
2012,26-35,Male,2-5L,Weekly,20000.0,No,3-5,Mobile,Groceries,20.0,15.0,1000.0,Fashion,No
2013,18-25,Male,5-10L,Bi-weekly,10000.0,Yes,1-3,Mobile,Fashion,30.0,30.0,500.0,Books,No
2014,36-45,Female,2-5L,Quarterly,10000.0,No,<1,Desktop,Electronics,50.0,30.0,500.0,Fashion,No
2016,46-55,Male,<2,Weekly,10000.0,Yes,3-5,Mobile,Fashion,20.0,7.0,500.0,Fashion,Yes
2017,26-35,Male,5-10L,Quarterly,15000.0,No,3-5,Mobile,Electronics,40.0,15.0,500.0,Home & Furniture,No
2018,18-25,Male,5-10L,Bi-weekly,5000.0,No,1-3,Mobile,Fashion,25.0,15.0,5000.0,Fashion,Yes
2019,46-55,Male,5L-10L,Quarterly,5000.0,Yes,<1,Mobile,Electronics,10.0,15.0,2000.0,Fashion,No
2020,36-45,Male,<2,Weekly,10000.0,No,<1,Mobile,Home & Furniture,50.0,30.0,1000.0,Groceries,Yes
2021,46-55,Male,5-10L,Monthly,5000.0,Yes,5+,Both,Electronics,60.0,60.0,500.0,Groceries,No
2022,18-25,Male,2-5L,Quarterly,7000.0,Yes,3-5,Mobile,Electronics,50.0,60.0,1000.0,Fashion,Yes
2023,18-25,Male,<2L,Quarterly,15000.0,Yes,1-3,Mobile,Fashion,30.0,15.0,500.0,Fashion,Yes
2024,55+,Male,10-20L,Weekly,10000.0,No,5+,Mobile,Electronics,40.0,30.0,500.0,Fashion,Yes
2025,36-45,Male,2-5L,Quarterly,20000.0,No,<1,Desktop,Electronics,40.0,7.0,1000.0,Fashion,Yes
2026,36-45,Female,5-10L,Quarterly,5000.0,No,1-3,Mobile,Groceries,25.0,30.0,10000.0,Fashion,No
2027,55+,Male,5-10L,Rarely,5000.0,No,1-3,Mobile,Groceries,25.0,60.0,2000.0,Fashion,No
2028,36-45,Female,5L-10L,Quarterly,5000.0,Yes,<1,Mobile,Fashion,60.0,7.0,5000.0,Electronics,Yes
2029,46-55,Male,2-5L,Rarely,20000.0,No,5+,Desktop,Electronics,25.0,30.0,1000.0,Fashion,Yes
2030,55+,Female,>20L,Bi-weekly,7000.0,Yes,3-5,Both,Fashion,15.0,7.0,10000.0,Home & Furniture,No
2031,18-25,Male,>20L,Weekly,10000.0,Yes,<1,Mobile,Groceries,30.0,60.0,1000.0,Home & Furniture,No
2032,46-55,Male,10-20L,Weekly,5000.0,No,1-3,Mobile,Electronics,25.0,15.0,5000.0,Fashion,Yes
2033,36-45,Male,2-5L,Quarterly,5000.0,Yes,1-3,Mobile,Books,25.0,30.0,500.0,Groceries,No
2035,55+,Male,10-20L,Weekly,10000.0,No,1-3,Mobile,Fashion,25.0,7.0,10000.0,Electronics,No
2036,55+,Male,5-10L,Weekly,10000.0,Yes,1-3,Desktop,Groceries,20.0,30.0,1000.0,Fashion,No
2037,55+,Male,<2L,Quarterly,7000.0,No,3-5,Mobile,Electronics,30.0,7.0,10000.0,Fashion,Yes
2038,18-25,Male,5-10L,Weekly,7000.0,Yes,<1,Mobile,Home & Furniture,30.0,30.0,10000.0,Groceries,No
2039,46-55,Male,2-5L,Quarterly,15000.0,No,3-5,Mobile,Electronics,25.0,60.0,1000.0,Books,Yes
2040,55+,Female,5-10L,Rarely,5000.0,Yes,1-3,Mobile,Books,40.0,7.0,500.0,Fashion,Yes
2041,26-35,Male,2-5L,Weekly,3000.0,No,5+,Both,Electronics,60.0,60.0,1000.0,Fashion,No
2042,55+,Male,5-10L,Weekly,3000.0,No,<1,Desktop,Books,10.0,30.0,2000.0,Groceries,Yes
2043,46-55,Male,5L-10L,Rarely,10000.0,Yes,3-5,Mobile,Fashion,40.0,30.0,1000.0,Electronics,No
2044,55+,Female,>20L,Weekly,15000.0,Yes,5+,Both,Fashion,25.0,60.0,1000.0,Groceries,Yes
2045,55+,Male,>20L,Rarely,10000.0,No,<1,Both,Books,30.0,15.0,1000.0,Groceries,Yes
2046,18-25,Male,<2,Quarterly,20000.0,Yes,1-3,Desktop,Home & Furniture,30.0,7.0,500.0,Groceries,No
2047,36-45,Male,10-20L,Weekly,10000.0,No,<1,Mobile,Electronics,15.0,15.0,1000.0,Groceries,Yes
2048,46-55,Male,2-5L,Quarterly,10000.0,Yes,1-3,Mobile,Electronics,40.0,30.0,1000.0,Fashion,No
2049,18-25,Male,5-10L,Weekly,10000.0,No,<1,Both,Groceries,20.0,60.0,10000.0,Home & Furniture,Yes
2050,36-45,Male,5-10L,Weekly,15000.0,No,1-3,Mobile,Groceries,50.0,15.0,5000.0,Groceries,No
2051,55+,Male,5L-10L,Rarely,3000.0,No,<1,Mobile,Electronics,20.0,7.0,1000.0,Groceries,Yes
2052,18-25,Female,5L-10L,Weekly,7000.0,No,3-5,Mobile,Fashion,25.0,60.0,1000.0,Fashion,Yes
2053,36-45,Male,>20L,Quarterly,7000.0,Yes,1-3,Both,Electronics,50.0,30.0,1000.0,Electronics,Yes
2055,36-45,Male,>20L,Quarterly,10000.0,Yes,5+,Desktop,Home & Furniture,30.0,30.0,1000.0,Home & Furniture,No
2056,36-45,Male,<2L,Weekly,3000.0,No,3-5,Mobile,Electronics,10.0,15.0,1000.0,Books,No
2057,55+,Male,2-5L,Quarterly,10000.0,Yes,<1,Desktop,Groceries,10.0,30.0,500.0,Home & Furniture,Yes
2058,36-45,Male,5-10L,Rarely,10000.0,Yes,3-5,Both,Home & Furniture,60.0,7.0,5000.0,Electronics,Yes
2059,18-25,Male,2-5L,Rarely,10000.0,Yes,5+,Mobile,Electronics,10.0,30.0,1000.0,Fashion,Yes
2060,18-25,Male,<2,Monthly,10000.0,Yes,3-5,Mobile,Books,20.0,30.0,5000.0,Electronics,Yes
2061,55+,Male,10-20L,Weekly,10000.0,No,1-3,Mobile,Home & Furniture,50.0,60.0,10000.0,Fashion,No
2064,55+,Male,>20L,Quarterly,5000.0,Yes,1-3,Mobile,Electronics,20.0,60.0,1000.0,Home & Furniture,Yes
2065,36-45,Male,<2L,Weekly,12000.0,No,<1,Mobile,Electronics,20.0,30.0,1000.0,Fashion,No
2066,55+,Male,5L-10L,Weekly,7000.0,No,<1,Desktop,Home & Furniture,20.0,30.0,1000.0,Groceries,No
2067,36-45,Male,<2L,Weekly,10000.0,No,3-5,Mobile,Home & Furniture,20.0,7.0,5000.0,Home & Furniture,Yes
2068,55+,Female,5-10L,Bi-weekly,7000.0,Yes,3-5,Mobile,Electronics,30.0,60.0,1000.0,Electronics,Yes
2069,26-35,Male,2-5L,Weekly,5000.0,Yes,3-5,Both,Books,25.0,30.0,1000.0,Groceries,Yes
2070,36-45,Male,5L-10L,Bi-weekly,10000.0,No,5+,Mobile,Electronics,40.0,30.0,10000.0,Fashion,No
2071,55+,Female,<2L,Monthly,7000.0,Yes,<1,Mobile,Fashion,30.0,60.0,2000.0,Home & Furniture,Yes
2072,36-45,Female,2-5L,Monthly,5000.0,No,3-5,Desktop,Books,30.0,7.0,2000.0,Home & Furniture,No
2073,26-35,Male,<2L,Rarely,20000.0,Yes,3-5,Mobile,Books,10.0,30.0,2000.0,Fashion,No
2074,55+,Male,5-10L,Rarely,15000.0,Yes,3-5,Mobile,Fashion,30.0,15.0,1000.0,Home & Furniture,No
2075,36-45,Female,2-5L,Weekly,10000.0,Yes,3-5,Mobile,Electronics,25.0,30.0,2000.0,Fashion,Yes
2076,46-55,Male,5L-10L,Weekly,10000.0,No,1-3,Both,Electronics,20.0,7.0,1000.0,Groceries,Yes
2079,26-35,Male,>20L,Weekly,5000.0,No,5+,Desktop,Electronics,20.0,30.0,2000.0,Fashion,No
2080,18-25,Female,10-20L,Bi-weekly,10000.0,Yes,3-5,Mobile,Electronics,15.0,7.0,2000.0,Groceries,Yes
2082,26-35,Male,5-10L,Monthly,10000.0,No,1-3,Mobile,Groceries,20.0,15.0,1000.0,Groceries,No
2084,26-35,Male,5-10L,Quarterly,10000.0,Yes,<1,Both,Books,15.0,30.0,1000.0,Home & Furniture,Yes
2085,55+,Male,5-10L,Rarely,5000.0,Yes,<1,Both,Fashion,40.0,30.0,1000.0,Groceries,No
2086,26-35,Male,5-10L,Weekly,7000.0,No,<1,Both,Fashion,60.0,15.0,500.0,Home & Furniture,No
2088,36-45,Male,<2L,Quarterly,3000.0,No,1-3,Mobile,Electronics,30.0,30.0,2000.0,Books,Yes
2089,55+,Male,5-10L,Quarterly,5000.0,No,3-5,Desktop,Fashion,15.0,15.0,10000.0,Electronics,Yes
2090,36-45,Male,2-5L,Monthly,12000.0,No,5+,Mobile,Electronics,50.0,30.0,1000.0,Electronics,No
2091,36-45,Male,<2,Weekly,10000.0,Yes,5+,Mobile,Fashion,30.0,30.0,1000.0,Electronics,Yes
2092,55+,Male,5-10L,Weekly,5000.0,No,<1,Mobile,Electronics,20.0,60.0,500.0,Electronics,Yes
2093,46-55,Female,5-10L,Quarterly,10000.0,No,5+,Mobile,Fashion,30.0,30.0,1000.0,Fashion,Yes
2094,26-35,Male,10-20L,Bi-weekly,15000.0,Yes,<1,Both,Electronics,20.0,60.0,1000.0,Books,Yes
2095,55+,Male,<2L,Bi-weekly,10000.0,Yes,3-5,Mobile,Electronics,40.0,15.0,500.0,Books,Yes
2096,36-45,Male,<2L,Quarterly,12000.0,No,5+,Desktop,Electronics,40.0,15.0,1000.0,Groceries,Yes
2097,18-25,Male,>20L,Weekly,10000.0,Yes,<1,Mobile,Home & Furniture,25.0,7.0,5000.0,Electronics,Yes
2098,36-45,Female,10-20L,Bi-weekly,7000.0,No,3-5,Mobile,Electronics,10.0,30.0,500.0,Electronics,No
2100,26-35,Male,5-10L,Weekly,20000.0,No,1-3,Desktop,Electronics,20.0,30.0,500.0,Electronics,No
2101,55+,Male,5L-10L,Rarely,5000.0,Yes,3-5,Mobile,Books,30.0,30.0,2000.0,Groceries,No
2103,55+,Male,<2L,Weekly,7000.0,Yes,5+,Mobile,Electronics,10.0,15.0,2000.0,Groceries,Yes
2104,55+,Male,5-10L,Weekly,10000.0,No,3-5,Mobile,Electronics,25.0,30.0,1000.0,Books,No
2105,46-55,Male,2-5L,Rarely,10000.0,No,5+,Mobile,Electronics,30.0,7.0,500.0,Groceries,Yes
2106,55+,Male,<2L,Rarely,5000.0,Yes,3-5,Mobile,Electronics,30.0,30.0,1000.0,Electronics,No
2108,55+,Male,<2L,Weekly,5000.0,No,5+,Mobile,Electronics,40.0,15.0,1000.0,Fashion,Yes
2110,26-35,Female,2-5L,Weekly,10000.0,No,3-5,Desktop,Electronics,20.0,30.0,2000.0,Home & Furniture,No
2111,46-55,Female,5-10L,Bi-weekly,20000.0,Yes,1-3,Desktop,Electronics,50.0,15.0,2000.0,Fashion,No
2112,55+,Male,5-10L,Weekly,5000.0,Yes,5+,Mobile,Books,50.0,15.0,500.0,Fashion,No
2113,26-35,Male,<2L,Quarterly,12000.0,No,<1,Desktop,Fashion,30.0,7.0,1000.0,Fashion,Yes
2114,46-55,Male,>20L,Rarely,5000.0,No,3-5,Mobile,Fashion,20.0,7.0,2000.0,Fashion,Yes
2115,18-25,Male,2-5L,Quarterly,10000.0,Yes,5+,Mobile,Books,60.0,15.0,5000.0,Groceries,Yes
2116,55+,Male,2-5L,Quarterly,5000.0,Yes,3-5,Desktop,Books,20.0,7.0,1000.0,Fashion,No
2117,26-35,Female,5L-10L,Quarterly,20000.0,No,5+,Both,Books,30.0,15.0,1000.0,Fashion,Yes
2118,18-25,Male,2-5L,Weekly,10000.0,No,3-5,Mobile,Electronics,60.0,60.0,1000.0,Home & Furniture,No
2119,18-25,Male,5-10L,Weekly,7000.0,Yes,<1,Desktop,Home & Furniture,40.0,7.0,2000.0,Electronics,No
2120,26-35,Male,10-20L,Quarterly,5000.0,Yes,1-3,Mobile,Electronics,30.0,60.0,500.0,Home & Furniture,No
2121,26-35,Female,5-10L,Weekly,7000.0,Yes,5+,Mobile,Fashion,30.0,30.0,5000.0,Fashion,No
2122,18-25,Male,<2,Weekly,5000.0,Yes,<1,Both,Books,20.0,60.0,5000.0,Groceries,No
2123,26-35,Male,5-10L,Weekly,10000.0,No,1-3,Both,Home & Furniture,50.0,15.0,1000.0,Home & Furniture,No
2124,26-35,Male,2-5L,Weekly,10000.0,Yes,<1,Mobile,Electronics,60.0,15.0,1000.0,Home & Furniture,Yes
2125,36-45,Female,>20L,Weekly,5000.0,Yes,3-5,Desktop,Electronics,50.0,60.0,1000.0,Fashion,No
2126,36-45,Male,5-10L,Weekly,10000.0,Yes,1-3,Mobile,Groceries,25.0,30.0,1000.0,Home & Furniture,No
2129,18-25,Male,>20L,Weekly,10000.0,No,3-5,Mobile,Electronics,20.0,15.0,1000.0,Fashion,No
2130,18-25,Female,<2,Weekly,5000.0,No,3-5,Mobile,Home & Furniture,50.0,15.0,5000.0,Groceries,No
2133,55+,Male,2-5L,Weekly,10000.0,Yes,1-3,Mobile,Electronics,30.0,30.0,5000.0,Electronics,Yes
2134,55+,Male,5-10L,Bi-weekly,10000.0,Yes,3-5,Mobile,Books,60.0,30.0,1000.0,Fashion,No
2135,36-45,Female,10-20L,Weekly,5000.0,No,3-5,Mobile,Groceries,30.0,30.0,10000.0,Groceries,No
2136,46-55,Male,<2L,Bi-weekly,7000.0,No,<1,Desktop,Electronics,40.0,60.0,2000.0,Home & Furniture,No
2137,55+,Male,<2L,Weekly,10000.0,No,1-3,Mobile,Fashion,30.0,30.0,2000.0,Groceries,No
2138,55+,Female,>20L,Rarely,5000.0,Yes,3-5,Mobile,Electronics,30.0,7.0,5000.0,Fashion,Yes
2139,55+,Male,2-5L,Weekly,10000.0,No,3-5,Desktop,Electronics,20.0,15.0,1000.0,Fashion,Yes
2140,55+,Female,5-10L,Bi-weekly,10000.0,Yes,<1,Mobile,Electronics,30.0,30.0,500.0,Home & Furniture,No
2141,55+,Male,5-10L,Weekly,10000.0,No,<1,Mobile,Home & Furniture,50.0,30.0,1000.0,Home & Furniture,No
2143,55+,Male,2-5L,Quarterly,10000.0,No,3-5,Both,Books,30.0,30.0,500.0,Electronics,No
2144,55+,Male,5-10L,Rarely,5000.0,No,<1,Both,Fashion,25.0,7.0,500.0,Books,Yes
2145,36-45,Male,>20L,Weekly,3000.0,Yes,<1,Mobile,Electronics,25.0,7.0,5000.0,Groceries,Yes
2146,55+,Male,>20L,Weekly,15000.0,No,<1,Mobile,Home & Furniture,60.0,7.0,1000.0,Groceries,Yes
2147,55+,Female,>20L,Rarely,15000.0,Yes,<1,Mobile,Electronics,10.0,15.0,1000.0,Electronics,No
2148,55+,Male,<2,Weekly,20000.0,No,1-3,Mobile,Electronics,30.0,7.0,5000.0,Fashion,Yes
2149,55+,Female,<2L,Weekly,7000.0,Yes,3-5,Mobile,Fashion,15.0,60.0,1000.0,Home & Furniture,Yes
2150,18-25,Male,5-10L,Weekly,20000.0,No,3-5,Both,Electronics,30.0,60.0,500.0,Groceries,Yes
2151,46-55,Male,5-10L,Weekly,10000.0,Yes,<1,Mobile,Electronics,25.0,30.0,2000.0,Home & Furniture,No
2152,18-25,Male,>20L,Weekly,7000.0,Yes,3-5,Mobile,Books,30.0,7.0,500.0,Groceries,Yes
2153,55+,Male,>20L,Weekly,15000.0,Yes,1-3,Both,Fashion,10.0,15.0,5000.0,Books,No
2154,55+,Male,5L-10L,Rarely,10000.0,Yes,1-3,Mobile,Fashion,50.0,7.0,5000.0,Fashion,Yes
2155,46-55,Female,5-10L,Quarterly,10000.0,Yes,3-5,Mobile,Fashion,10.0,15.0,500.0,Home & Furniture,Yes
2157,18-25,Male,2-5L,Rarely,12000.0,Yes,3-5,Both,Electronics,30.0,30.0,1000.0,Home & Furniture,Yes
2159,36-45,Male,>20L,Monthly,7000.0,Yes,3-5,Mobile,Fashion,25.0,60.0,500.0,Books,No
2160,18-25,Male,2-5L,Weekly,5000.0,Yes,<1,Both,Electronics,50.0,7.0,1000.0,Home & Furniture,No
2161,36-45,Male,5-10L,Quarterly,20000.0,Yes,1-3,Both,Electronics,30.0,60.0,1000.0,Electronics,Yes
2163,36-45,Female,2-5L,Weekly,10000.0,Yes,3-5,Both,Books,30.0,30.0,2000.0,Home & Furniture,Yes
2164,36-45,Male,5-10L,Weekly,5000.0,No,1-3,Mobile,Home & Furniture,60.0,15.0,1000.0,Home & Furniture,No
2165,55+,Male,5-10L,Weekly,7000.0,No,<1,Mobile,Home & Furniture,60.0,60.0,1000.0,Groceries,Yes
2166,26-35,Male,2-5L,Weekly,5000.0,Yes,3-5,Mobile,Home & Furniture,40.0,30.0,2000.0,Electronics,Yes
2169,36-45,Male,5-10L,Weekly,10000.0,No,3-5,Mobile,Electronics,40.0,15.0,5000.0,Home & Furniture,Yes
2171,36-45,Female,5-10L,Quarterly,15000.0,No,3-5,Desktop,Electronics,30.0,7.0,2000.0,Electronics,No
2172,26-35,Male,2-5L,Quarterly,10000.0,No,<1,Both,Home & Furniture,30.0,15.0,1000.0,Home & Furniture,Yes
2174,18-25,Male,<2L,Monthly,5000.0,No,3-5,Desktop,Fashion,10.0,30.0,10000.0,Fashion,Yes
2175,36-45,Female,10-20L,Rarely,20000.0,Yes,1-3,Both,Books,60.0,30.0,1000.0,Fashion,No
2176,46-55,Male,<2,Monthly,10000.0,No,1-3,Desktop,Home & Furniture,60.0,30.0,1000.0,Groceries,Yes
2177,36-45,Male,<2,Bi-weekly,15000.0,No,3-5,Mobile,Home & Furniture,15.0,7.0,2000.0,Electronics,Yes
2178,55+,Female,5-10L,Rarely,20000.0,No,3-5,Desktop,Home & Furniture,10.0,7.0,1000.0,Books,No
2179,26-35,Male,2-5L,Weekly,5000.0,No,3-5,Desktop,Fashion,30.0,30.0,2000.0,Groceries,No
2180,55+,Male,<2L,Quarterly,15000.0,Yes,<1,Mobile,Electronics,10.0,30.0,500.0,Electronics,No
2181,55+,Male,>20L,Weekly,12000.0,Yes,1-3,Both,Home & Furniture,40.0,30.0,5000.0,Electronics,No
2182,55+,Female,<2,Rarely,7000.0,No,3-5,Mobile,Home & Furniture,25.0,15.0,1000.0,Books,Yes
2183,55+,Female,5-10L,Rarely,20000.0,Yes,1-3,Both,Groceries,20.0,7.0,2000.0,Home & Furniture,Yes
2184,18-25,Male,5-10L,Quarterly,10000.0,No,<1,Mobile,Electronics,20.0,7.0,5000.0,Home & Furniture,No
2185,46-55,Male,>20L,Bi-weekly,7000.0,Yes,3-5,Mobile,Electronics,30.0,15.0,500.0,Groceries,No
2187,55+,Female,5L-10L,Weekly,10000.0,Yes,3-5,Mobile,Groceries,15.0,15.0,500.0,Home & Furniture,Yes
2188,46-55,Male,5L-10L,Bi-weekly,12000.0,Yes,3-5,Desktop,Electronics,15.0,7.0,1000.0,Home & Furniture,Yes
2189,26-35,Male,<2L,Monthly,5000.0,Yes,<1,Mobile,Home & Furniture,40.0,30.0,5000.0,Groceries,Yes
2190,55+,Female,10-20L,Weekly,5000.0,No,<1,Mobile,Groceries,60.0,30.0,5000.0,Home & Furniture,No
2191,18-25,Male,2-5L,Weekly,3000.0,No,1-3,Mobile,Books,30.0,15.0,1000.0,Fashion,No
2192,55+,Male,5-10L,Rarely,10000.0,Yes,3-5,Mobile,Electronics,50.0,7.0,500.0,Books,Yes
2193,55+,Male,5-10L,Rarely,10000.0,No,3-5,Mobile,Books,25.0,30.0,2000.0,Home & Furniture,Yes
2194,18-25,Female,>20L,Weekly,15000.0,No,3-5,Desktop,Fashion,10.0,60.0,2000.0,Groceries,No
2196,55+,Male,>20L,Monthly,5000.0,No,3-5,Mobile,Fashion,10.0,30.0,500.0,Books,No
2197,18-25,Male,5-10L,Weekly,3000.0,No,5+,Desktop,Books,30.0,7.0,1000.0,Fashion,No
2198,46-55,Male,2-5L,Quarterly,20000.0,Yes,5+,Desktop,Groceries,20.0,7.0,5000.0,Fashion,No
2199,26-35,Male,<2,Rarely,10000.0,No,5+,Mobile,Electronics,30.0,7.0,5000.0,Home & Furniture,No
2200,46-55,Male,5-10L,Rarely,5000.0,Yes,5+,Desktop,Home & Furniture,30.0,60.0,2000.0,Electronics,Yes
2201,18-25,Male,>20L,Quarterly,3000.0,No,<1,Mobile,Electronics,50.0,15.0,500.0,Electronics,Yes
2202,55+,Female,5-10L,Weekly,5000.0,Yes,1-3,Mobile,Electronics,60.0,30.0,2000.0,Fashion,No
2203,55+,Male,>20L,Weekly,10000.0,Yes,3-5,Mobile,Home & Furniture,25.0,60.0,5000.0,Electronics,Yes
2204,26-35,Female,>20L,Rarely,10000.0,No,3-5,Mobile,Fashion,15.0,7.0,1000.0,Electronics,Yes
2205,36-45,Male,<2L,Monthly,12000.0,Yes,3-5,Desktop,Electronics,10.0,30.0,1000.0,Home & Furniture,No
2206,46-55,Male,>20L,Weekly,10000.0,Yes,1-3,Desktop,Electronics,50.0,30.0,5000.0,Fashion,No
2208,36-45,Male,5L-10L,Rarely,10000.0,No,1-3,Mobile,Electronics,30.0,15.0,500.0,Fashion,No
2209,18-25,Male,2-5L,Quarterly,5000.0,Yes,1-3,Mobile,Books,30.0,30.0,2000.0,Groceries,No
2210,18-25,Male,5-10L,Bi-weekly,5000.0,Yes,<1,Desktop,Fashion,30.0,30.0,5000.0,Fashion,Yes
2212,36-45,Male,5-10L,Weekly,10000.0,Yes,<1,Mobile,Electronics,15.0,7.0,1000.0,Electronics,No
2214,36-45,Male,5L-10L,Quarterly,7000.0,Yes,3-5,Both,Books,20.0,30.0,1000.0,Books,Yes
2215,55+,Male,10-20L,Quarterly,10000.0,Yes,<1,Desktop,Fashion,30.0,7.0,1000.0,Home & Furniture,No
2216,18-25,Male,2-5L,Quarterly,5000.0,No,<1,Mobile,Groceries,30.0,7.0,2000.0,Electronics,No
2218,55+,Male,5L-10L,Quarterly,12000.0,No,1-3,Desktop,Fashion,10.0,30.0,1000.0,Books,Yes
2219,55+,Male,2-5L,Weekly,10000.0,Yes,3-5,Desktop,Electronics,30.0,15.0,500.0,Fashion,Yes
2222,36-45,Male,10-20L,Quarterly,7000.0,Yes,<1,Mobile,Electronics,20.0,60.0,1000.0,Groceries,Yes
2223,55+,Female,<2,Weekly,10000.0,Yes,<1,Mobile,Fashion,40.0,7.0,10000.0,Home & Furniture,Yes
2224,26-35,Male,2-5L,Monthly,12000.0,No,5+,Mobile,Home & Furniture,50.0,60.0,2000.0,Fashion,No
2225,55+,Male,2-5L,Quarterly,10000.0,Yes,1-3,Mobile,Home & Furniture,30.0,15.0,5000.0,Fashion,No
2226,26-35,Male,10-20L,Weekly,10000.0,No,5+,Mobile,Home & Furniture,25.0,7.0,500.0,Electronics,Yes
2227,55+,Male,2-5L,Weekly,20000.0,Yes,1-3,Both,Fashion,15.0,30.0,10000.0,Electronics,No
2228,18-25,Male,>20L,Rarely,20000.0,No,5+,Mobile,Fashion,15.0,60.0,500.0,Home & Furniture,No
2229,18-25,Female,2-5L,Weekly,12000.0,Yes,3-5,Mobile,Electronics,30.0,60.0,500.0,Electronics,No
2230,46-55,Male,>20L,Weekly,5000.0,No,1-3,Mobile,Electronics,10.0,60.0,5000.0,Electronics,Yes
2231,36-45,Male,5-10L,Quarterly,10000.0,Yes,3-5,Mobile,Electronics,30.0,7.0,5000.0,Home & Furniture,Yes
2232,46-55,Female,5L-10L,Bi-weekly,7000.0,No,3-5,Mobile,Electronics,30.0,15.0,1000.0,Electronics,Yes
2233,55+,Male,>20L,Quarterly,5000.0,Yes,3-5,Mobile,Home & Furniture,40.0,60.0,5000.0,Fashion,No
2234,55+,Male,>20L,Weekly,3000.0,No,1-3,Mobile,Fashion,15.0,30.0,5000.0,Groceries,No
2235,55+,Male,2-5L,Weekly,15000.0,Yes,1-3,Mobile,Electronics,30.0,15.0,500.0,Electronics,No
2236,55+,Male,5-10L,Weekly,10000.0,Yes,<1,Mobile,Home & Furniture,30.0,7.0,500.0,Electronics,No
2237,18-25,Male,<2,Weekly,5000.0,No,5+,Both,Fashion,50.0,7.0,2000.0,Home & Furniture,Yes
2239,55+,Male,5-10L,Rarely,10000.0,No,1-3,Desktop,Fashion,40.0,15.0,2000.0,Groceries,No
2240,46-55,Male,>20L,Rarely,12000.0,No,1-3,Mobile,Groceries,30.0,30.0,1000.0,Home & Furniture,Yes
2241,26-35,Female,5L-10L,Quarterly,5000.0,No,1-3,Mobile,Home & Furniture,20.0,30.0,2000.0,Electronics,No
2242,55+,Female,>20L,Monthly,12000.0,Yes,<1,Mobile,Electronics,30.0,7.0,5000.0,Books,Yes
2243,36-45,Male,<2L,Weekly,5000.0,No,<1,Mobile,Electronics,40.0,7.0,2000.0,Home & Furniture,No
2244,26-35,Male,<2L,Weekly,5000.0,Yes,3-5,Desktop,Electronics,60.0,15.0,1000.0,Groceries,No
2245,36-45,Male,2-5L,Weekly,5000.0,Yes,5+,Desktop,Electronics,20.0,7.0,5000.0,Fashion,No
2246,26-35,Female,>20L,Bi-weekly,7000.0,No,1-3,Mobile,Home & Furniture,10.0,60.0,1000.0,Electronics,No
2247,26-35,Male,<2,Bi-weekly,20000.0,Yes,<1,Both,Electronics,40.0,7.0,1000.0,Home & Furniture,Yes
2248,46-55,Female,2-5L,Weekly,12000.0,No,3-5,Both,Fashion,15.0,60.0,10000.0,Fashion,No
2250,36-45,Male,5-10L,Weekly,20000.0,No,3-5,Mobile,Electronics,30.0,30.0,2000.0,Home & Furniture,No
2251,46-55,Male,<2L,Monthly,10000.0,Yes,1-3,Both,Electronics,60.0,15.0,10000.0,Home & Furniture,No
2252,55+,Male,5L-10L,Bi-weekly,7000.0,No,1-3,Both,Groceries,50.0,7.0,10000.0,Home & Furniture,Yes
2253,36-45,Male,5-10L,Quarterly,15000.0,No,1-3,Mobile,Electronics,30.0,15.0,500.0,Electronics,No
2254,55+,Male,2-5L,Rarely,12000.0,No,1-3,Desktop,Electronics,15.0,30.0,5000.0,Groceries,Yes
2255,55+,Male,<2L,Quarterly,10000.0,Yes,5+,Both,Electronics,30.0,30.0,1000.0,Fashion,Yes
2256,46-55,Male,5-10L,Weekly,10000.0,No,3-5,Both,Electronics,10.0,30.0,5000.0,Fashion,Yes
2257,55+,Male,5-10L,Weekly,5000.0,No,<1,Desktop,Electronics,30.0,7.0,500.0,Home & Furniture,No
2258,55+,Male,<2,Weekly,10000.0,Yes,1-3,Mobile,Fashion,40.0,7.0,500.0,Home & Furniture,No
2259,18-25,Male,5-10L,Weekly,10000.0,Yes,5+,Mobile,Books,30.0,7.0,1000.0,Books,Yes
2261,55+,Female,5-10L,Rarely,10000.0,Yes,3-5,Mobile,Electronics,25.0,30.0,10000.0,Fashion,No
2263,36-45,Male,2-5L,Weekly,5000.0,Yes,3-5,Mobile,Books,40.0,7.0,500.0,Home & Furniture,Yes
2264,18-25,Male,10-20L,Quarterly,5000.0,Yes,3-5,Mobile,Electronics,30.0,30.0,500.0,Home & Furniture,No
2265,46-55,Male,>20L,Weekly,5000.0,Yes,3-5,Desktop,Electronics,20.0,7.0,1000.0,Books,No
2267,55+,Male,>20L,Weekly,10000.0,Yes,5+,Mobile,Books,50.0,15.0,1000.0,Books,No
2269,55+,Male,<2L,Weekly,5000.0,Yes,3-5,Mobile,Electronics,30.0,30.0,500.0,Books,No
2270,55+,Male,2-5L,Bi-weekly,10000.0,No,<1,Mobile,Electronics,60.0,30.0,2000.0,Fashion,No
2271,46-55,Male,5-10L,Weekly,5000.0,No,3-5,Desktop,Home & Furniture,30.0,60.0,5000.0,Home & Furniture,No
2272,46-55,Male,>20L,Quarterly,10000.0,Yes,3-5,Desktop,Electronics,60.0,30.0,2000.0,Groceries,No
2273,55+,Male,<2L,Bi-weekly,10000.0,No,<1,Desktop,Electronics,40.0,15.0,1000.0,Groceries,Yes
2275,55+,Male,<2L,Weekly,10000.0,No,3-5,Desktop,Fashion,25.0,7.0,500.0,Fashion,Yes
2276,18-25,Male,<2,Monthly,10000.0,No,1-3,Mobile,Electronics,20.0,30.0,500.0,Home & Furniture,No
2277,46-55,Female,>20L,Weekly,7000.0,No,<1,Mobile,Books,30.0,7.0,1000.0,Fashion,No
2278,26-35,Male,<2L,Monthly,10000.0,Yes,3-5,Mobile,Electronics,15.0,7.0,500.0,Fashion,Yes
2279,55+,Male,<2L,Rarely,3000.0,No,3-5,Mobile,Groceries,40.0,30.0,1000.0,Groceries,Yes
2280,46-55,Female,2-5L,Weekly,12000.0,No,3-5,Mobile,Home & Furniture,30.0,30.0,1000.0,Groceries,No
2281,36-45,Male,10-20L,Bi-weekly,20000.0,Yes,3-5,Mobile,Electronics,30.0,30.0,500.0,Electronics,No
2282,26-35,Female,2-5L,Monthly,5000.0,Yes,<1,Mobile,Books,20.0,15.0,500.0,Electronics,No
2283,36-45,Male,<2L,Quarterly,5000.0,Yes,3-5,Both,Fashion,20.0,7.0,500.0,Electronics,No
2284,55+,Male,<2L,Weekly,15000.0,Yes,3-5,Both,Fashion,30.0,60.0,1000.0,Electronics,Yes
2286,18-25,Male,5-10L,Rarely,5000.0,Yes,3-5,Desktop,Electronics,15.0,60.0,500.0,Fashion,No
2288,55+,Male,5-10L,Weekly,15000.0,No,1-3,Mobile,Electronics,40.0,7.0,500.0,Electronics,No
2289,26-35,Male,5-10L,Bi-weekly,5000.0,Yes,<1,Desktop,Fashion,30.0,60.0,2000.0,Home & Furniture,No
2290,26-35,Male,5L-10L,Weekly,10000.0,No,5+,Both,Electronics,20.0,7.0,1000.0,Fashion,No
2291,55+,Female,2-5L,Weekly,15000.0,No,3-5,Mobile,Electronics,40.0,7.0,500.0,Books,No
2292,55+,Male,<2L,Rarely,5000.0,No,1-3,Mobile,Fashion,25.0,7.0,2000.0,Home & Furniture,Yes
2293,46-55,Male,>20L,Quarterly,10000.0,No,<1,Both,Groceries,10.0,30.0,1000.0,Groceries,No
2294,26-35,Male,10-20L,Quarterly,20000.0,Yes,<1,Desktop,Home & Furniture,40.0,30.0,1000.0,Home & Furniture,No
2295,26-35,Male,<2,Weekly,12000.0,Yes,<1,Mobile,Electronics,20.0,7.0,1000.0,Fashion,No
2296,55+,Male,2-5L,Quarterly,10000.0,No,3-5,Mobile,Home & Furniture,30.0,15.0,1000.0,Fashion,No
2298,18-25,Male,2-5L,Quarterly,10000.0,No,3-5,Mobile,Fashion,30.0,30.0,2000.0,Home & Furniture,No
2299,55+,Male,<2L,Weekly,5000.0,Yes,5+,Mobile,Electronics,25.0,30.0,500.0,Home & Furniture,Yes
2300,55+,Male,<2,Rarely,5000.0,No,3-5,Mobile,Fashion,10.0,15.0,10000.0,Home & Furniture,No
2301,55+,Male,<2,Quarterly,10000.0,No,<1,Mobile,Electronics,25.0,15.0,500.0,Fashion,No
2302,55+,Male,<2L,Quarterly,10000.0,Yes,<1,Mobile,Electronics,25.0,30.0,10000.0,Fashion,No
2304,36-45,Female,<2L,Weekly,15000.0,No,3-5,Both,Home & Furniture,15.0,15.0,10000.0,Electronics,Yes
2305,36-45,Male,10-20L,Weekly,10000.0,Yes,<1,Mobile,Groceries,30.0,7.0,5000.0,Electronics,Yes
2307,46-55,Female,2-5L,Quarterly,10000.0,No,<1,Desktop,Home & Furniture,50.0,30.0,1000.0,Home & Furniture,No
2308,36-45,Male,5-10L,Monthly,10000.0,Yes,<1,Mobile,Groceries,50.0,30.0,1000.0,Home & Furniture,No
2309,46-55,Female,2-5L,Rarely,10000.0,No,3-5,Desktop,Fashion,20.0,60.0,1000.0,Electronics,No
2310,55+,Male,>20L,Monthly,5000.0,Yes,5+,Mobile,Electronics,30.0,60.0,1000.0,Groceries,No
2311,55+,Male,<2,Bi-weekly,3000.0,No,5+,Mobile,Electronics,15.0,30.0,500.0,Electronics,Yes
2312,18-25,Male,>20L,Weekly,5000.0,Yes,3-5,Mobile,Home & Furniture,30.0,60.0,500.0,Electronics,No
2313,36-45,Male,5-10L,Quarterly,20000.0,Yes,1-3,Both,Home & Furniture,40.0,15.0,5000.0,Home & Furniture,No
2314,26-35,Female,5-10L,Weekly,20000.0,No,3-5,Mobile,Fashion,20.0,30.0,1000.0,Groceries,No
2315,36-45,Male,2-5L,Rarely,10000.0,No,5+,Mobile,Groceries,50.0,15.0,10000.0,Home & Furniture,Yes
2316,26-35,Female,2-5L,Quarterly,10000.0,No,3-5,Desktop,Electronics,40.0,15.0,2000.0,Electronics,No
2317,26-35,Male,5-10L,Weekly,10000.0,No,<1,Mobile,Fashion,30.0,30.0,1000.0,Fashion,No
2318,55+,Female,5L-10L,Quarterly,7000.0,No,5+,Mobile,Books,50.0,30.0,1000.0,Electronics,No
2319,36-45,Female,2-5L,Bi-weekly,5000.0,No,3-5,Mobile,Electronics,20.0,7.0,1000.0,Groceries,Yes
2320,55+,Male,5L-10L,Weekly,3000.0,Yes,5+,Mobile,Electronics,30.0,15.0,1000.0,Groceries,No
2321,18-25,Female,10-20L,Weekly,3000.0,Yes,1-3,Mobile,Fashion,25.0,60.0,1000.0,Home & Furniture,No
2322,18-25,Female,2-5L,Weekly,20000.0,No,<1,Mobile,Fashion,25.0,30.0,500.0,Home & Furniture,No
2323,36-45,Male,10-20L,Rarely,12000.0,No,3-5,Mobile,Home & Furniture,30.0,60.0,500.0,Electronics,Yes
2324,18-25,Male,5-10L,Monthly,10000.0,No,1-3,Desktop,Groceries,50.0,15.0,2000.0,Books,Yes
2325,26-35,Male,<2L,Weekly,15000.0,No,1-3,Mobile,Books,40.0,15.0,2000.0,Books,No
2326,55+,Male,10-20L,Weekly,10000.0,No,<1,Desktop,Books,25.0,30.0,500.0,Fashion,No
2327,55+,Male,5L-10L,Rarely,10000.0,No,<1,Desktop,Books,50.0,60.0,1000.0,Home & Furniture,Yes
2328,26-35,Male,2-5L,Monthly,12000.0,No,1-3,Mobile,Home & Furniture,40.0,7.0,1000.0,Fashion,No
2329,46-55,Male,2-5L,Monthly,5000.0,No,<1,Mobile,Books,25.0,15.0,2000.0,Groceries,Yes
2330,36-45,Male,2-5L,Bi-weekly,5000.0,No,3-5,Mobile,Fashion,25.0,30.0,2000.0,Books,Yes
2331,46-55,Male,10-20L,Weekly,10000.0,Yes,3-5,Mobile,Groceries,30.0,15.0,2000.0,Fashion,No
2332,36-45,Male,2-5L,Weekly,5000.0,Yes,3-5,Both,Groceries,50.0,7.0,2000.0,Groceries,No
2335,36-45,Female,2-5L,Rarely,15000.0,Yes,5+,Mobile,Home & Furniture,40.0,30.0,1000.0,Home & Furniture,No
2336,55+,Male,>20L,Weekly,5000.0,No,5+,Desktop,Home & Furniture,30.0,30.0,1000.0,Fashion,No
2337,55+,Male,2-5L,Quarterly,5000.0,Yes,5+,Mobile,Fashion,15.0,7.0,2000.0,Fashion,No
2338,36-45,Female,<2L,Weekly,20000.0,No,<1,Desktop,Books,30.0,7.0,2000.0,Fashion,No
2340,18-25,Male,>20L,Weekly,5000.0,Yes,3-5,Mobile,Electronics,20.0,7.0,1000.0,Electronics,Yes
2341,26-35,Male,>20L,Rarely,15000.0,No,5+,Mobile,Electronics,20.0,30.0,10000.0,Home & Furniture,Yes
2342,18-25,Male,2-5L,Weekly,15000.0,No,1-3,Mobile,Fashion,30.0,7.0,1000.0,Electronics,No
2343,55+,Male,<2,Rarely,5000.0,Yes,3-5,Desktop,Fashion,30.0,30.0,2000.0,Home & Furniture,No
2344,26-35,Male,>20L,Weekly,5000.0,No,3-5,Both,Electronics,20.0,15.0,1000.0,Books,Yes
2345,55+,Female,>20L,Weekly,20000.0,Yes,5+,Mobile,Books,60.0,7.0,500.0,Fashion,No
2346,18-25,Male,5-10L,Weekly,12000.0,No,<1,Mobile,Groceries,30.0,60.0,1000.0,Electronics,Yes
2347,55+,Male,5-10L,Rarely,10000.0,Yes,3-5,Mobile,Groceries,30.0,30.0,1000.0,Home & Furniture,No
2348,55+,Male,5L-10L,Weekly,20000.0,No,3-5,Desktop,Groceries,20.0,7.0,500.0,Home & Furniture,Yes
2350,18-25,Female,2-5L,Weekly,3000.0,No,<1,Both,Electronics,30.0,7.0,5000.0,Fashion,Yes
2351,18-25,Male,2-5L,Weekly,10000.0,Yes,3-5,Mobile,Electronics,40.0,30.0,2000.0,Home & Furniture,Yes
2353,26-35,Male,<2,Weekly,10000.0,No,<1,Both,Fashion,25.0,30.0,1000.0,Groceries,No
2354,46-55,Female,5-10L,Weekly,3000.0,Yes,3-5,Mobile,Electronics,10.0,15.0,1000.0,Electronics,Yes
2355,36-45,Female,10-20L,Quarterly,15000.0,Yes,5+,Mobile,Electronics,30.0,7.0,500.0,Fashion,No
2356,55+,Male,5-10L,Rarely,12000.0,Yes,1-3,Desktop,Electronics,10.0,30.0,2000.0,Fashion,No
2357,36-45,Male,10-20L,Bi-weekly,5000.0,Yes,3-5,Both,Electronics,25.0,30.0,500.0,Fashion,Yes
2358,36-45,Female,5-10L,Quarterly,5000.0,No,3-5,Desktop,Books,20.0,7.0,500.0,Home & Furniture,No
2360,18-25,Male,2-5L,Rarely,5000.0,No,<1,Mobile,Home & Furniture,10.0,15.0,5000.0,Groceries,Yes
2361,55+,Male,2-5L,Rarely,5000.0,No,1-3,Mobile,Electronics,50.0,30.0,1000.0,Home & Furniture,Yes
2362,18-25,Male,10-20L,Monthly,15000.0,No,3-5,Mobile,Electronics,30.0,30.0,1000.0,Home & Furniture,No
2363,36-45,Male,>20L,Weekly,12000.0,No,1-3,Mobile,Fashion,30.0,30.0,1000.0,Fashion,No
2364,55+,Male,5-10L,Rarely,7000.0,Yes,<1,Mobile,Fashion,10.0,60.0,500.0,Electronics,Yes
2365,46-55,Male,10-20L,Weekly,10000.0,No,3-5,Mobile,Electronics,30.0,30.0,2000.0,Home & Furniture,No
2366,55+,Male,2-5L,Weekly,7000.0,No,3-5,Desktop,Books,40.0,60.0,2000.0,Home & Furniture,No
2367,55+,Male,5-10L,Weekly,5000.0,Yes,3-5,Mobile,Fashion,30.0,30.0,5000.0,Fashion,No
2368,36-45,Male,5-10L,Quarterly,20000.0,No,<1,Mobile,Fashion,20.0,7.0,5000.0,Home & Furniture,No
2369,36-45,Female,>20L,Weekly,10000.0,No,3-5,Mobile,Groceries,25.0,7.0,1000.0,Books,Yes
2370,55+,Male,10-20L,Quarterly,10000.0,No,3-5,Mobile,Groceries,50.0,15.0,500.0,Books,No
2371,36-45,Male,5-10L,Quarterly,7000.0,No,3-5,Both,Fashion,30.0,60.0,1000.0,Fashion,No
2372,36-45,Male,<2,Weekly,10000.0,No,5+,Mobile,Electronics,40.0,60.0,2000.0,Electronics,No
2373,26-35,Male,2-5L,Quarterly,5000.0,Yes,3-5,Desktop,Electronics,40.0,15.0,1000.0,Fashion,Yes
2374,26-35,Male,2-5L,Quarterly,7000.0,Yes,1-3,Desktop,Electronics,60.0,7.0,10000.0,Home & Furniture,Yes
2375,36-45,Male,<2,Rarely,10000.0,Yes,5+,Both,Electronics,30.0,15.0,2000.0,Home & Furniture,No
2376,18-25,Male,<2,Rarely,15000.0,Yes,5+,Mobile,Books,20.0,30.0,10000.0,Fashion,No
2377,55+,Female,<2L,Bi-weekly,12000.0,Yes,5+,Both,Fashion,10.0,15.0,5000.0,Fashion,No
2378,46-55,Female,5-10L,Bi-weekly,10000.0,No,1-3,Desktop,Books,50.0,7.0,2000.0,Home & Furniture,No
2379,18-25,Female,5-10L,Monthly,10000.0,No,3-5,Both,Electronics,30.0,60.0,5000.0,Fashion,Yes
2380,55+,Male,<2,Weekly,5000.0,Yes,<1,Desktop,Electronics,30.0,30.0,1000.0,Books,Yes
2381,55+,Female,<2L,Weekly,10000.0,No,<1,Mobile,Electronics,30.0,60.0,5000.0,Fashion,No
2382,26-35,Female,>20L,Quarterly,15000.0,Yes,1-3,Mobile,Electronics,40.0,7.0,2000.0,Fashion,No
2383,18-25,Female,5-10L,Bi-weekly,12000.0,Yes,<1,Mobile,Home & Furniture,15.0,30.0,5000.0,Electronics,Yes
2386,55+,Female,<2L,Rarely,5000.0,Yes,<1,Desktop,Groceries,20.0,60.0,1000.0,Electronics,No
2387,55+,Male,<2,Quarterly,5000.0,Yes,5+,Mobile,Groceries,20.0,7.0,5000.0,Fashion,Yes
2388,18-25,Male,2-5L,Quarterly,5000.0,No,1-3,Mobile,Groceries,60.0,30.0,1000.0,Books,No
2389,55+,Male,>20L,Rarely,7000.0,Yes,<1,Mobile,Books,40.0,30.0,1000.0,Groceries,No
2390,18-25,Male,>20L,Quarterly,10000.0,No,5+,Mobile,Groceries,50.0,30.0,5000.0,Groceries,No
2391,55+,Male,<2L,Weekly,7000.0,Yes,3-5,Both,Electronics,25.0,15.0,2000.0,Books,No
2392,55+,Male,5L-10L,Weekly,10000.0,No,5+,Mobile,Electronics,60.0,7.0,5000.0,Home & Furniture,Yes
2393,36-45,Male,>20L,Weekly,5000.0,Yes,5+,Mobile,Groceries,30.0,15.0,10000.0,Electronics,No
2394,18-25,Male,5-10L,Monthly,10000.0,Yes,1-3,Mobile,Electronics,30.0,30.0,1000.0,Home & Furniture,No
2395,46-55,Female,2-5L,Weekly,5000.0,No,5+,Mobile,Electronics,20.0,30.0,500.0,Home & Furniture,No
2396,55+,Male,<2L,Weekly,5000.0,Yes,<1,Desktop,Fashion,10.0,60.0,2000.0,Home & Furniture,No
2397,26-35,Male,2-5L,Rarely,10000.0,No,1-3,Mobile,Electronics,30.0,15.0,10000.0,Home & Furniture,No
2399,18-25,Male,5-10L,Bi-weekly,7000.0,No,5+,Mobile,Electronics,25.0,30.0,500.0,Home & Furniture,No
2400,46-55,Male,5-10L,Weekly,12000.0,Yes,1-3,Mobile,Electronics,30.0,30.0,2000.0,Home & Furniture,No
2401,46-55,Male,2-5L,Quarterly,5000.0,No,3-5,Mobile,Fashion,10.0,30.0,5000.0,Groceries,Yes
2402,55+,Male,5L-10L,Weekly,12000.0,No,1-3,Mobile,Groceries,20.0,30.0,1000.0,Home & Furniture,No
2403,55+,Male,<2L,Weekly,5000.0,No,3-5,Mobile,Fashion,20.0,7.0,5000.0,Home & Furniture,Yes
2404,55+,Male,>20L,Weekly,12000.0,No,<1,Mobile,Fashion,25.0,30.0,500.0,Home & Furniture,No
2405,55+,Male,2-5L,Weekly,5000.0,Yes,1-3,Mobile,Books,30.0,7.0,2000.0,Groceries,Yes
2406,26-35,Female,10-20L,Weekly,10000.0,No,<1,Mobile,Electronics,50.0,7.0,10000.0,Fashion,Yes
2407,46-55,Female,5L-10L,Weekly,5000.0,No,1-3,Mobile,Books,30.0,15.0,500.0,Groceries,No
2408,55+,Male,2-5L,Weekly,10000.0,Yes,1-3,Mobile,Electronics,30.0,15.0,2000.0,Home & Furniture,Yes
2409,36-45,Female,<2,Quarterly,5000.0,No,5+,Mobile,Fashion,10.0,60.0,500.0,Books,Yes
2410,55+,Female,10-20L,Quarterly,10000.0,No,5+,Desktop,Books,40.0,30.0,1000.0,Home & Furniture,Yes
2411,55+,Female,2-5L,Rarely,5000.0,Yes,3-5,Mobile,Fashion,40.0,7.0,2000.0,Electronics,No
2412,55+,Male,2-5L,Quarterly,5000.0,Yes,<1,Mobile,Electronics,10.0,30.0,5000.0,Books,Yes
2413,36-45,Male,>20L,Quarterly,3000.0,Yes,3-5,Mobile,Books,15.0,15.0,5000.0,Home & Furniture,No
2414,46-55,Male,>20L,Quarterly,5000.0,No,<1,Mobile,Home & Furniture,50.0,30.0,5000.0,Home & Furniture,No
2416,18-25,Male,>20L,Rarely,10000.0,No,<1,Desktop,Electronics,30.0,30.0,1000.0,Books,Yes
2417,26-35,Male,2-5L,Bi-weekly,7000.0,Yes,5+,Mobile,Home & Furniture,15.0,7.0,5000.0,Fashion,No
2418,46-55,Male,2-5L,Quarterly,10000.0,No,1-3,Mobile,Electronics,20.0,15.0,5000.0,Groceries,No
2419,18-25,Female,<2L,Weekly,5000.0,No,1-3,Mobile,Fashion,40.0,15.0,2000.0,Fashion,No
2421,18-25,Male,2-5L,Weekly,12000.0,Yes,3-5,Mobile,Home & Furniture,30.0,30.0,1000.0,Books,No
2422,26-35,Female,5-10L,Weekly,5000.0,No,3-5,Mobile,Books,50.0,30.0,1000.0,Fashion,No
2423,55+,Female,5L-10L,Weekly,12000.0,Yes,3-5,Mobile,Books,40.0,15.0,2000.0,Books,Yes
2424,18-25,Female,5-10L,Quarterly,5000.0,No,1-3,Mobile,Electronics,20.0,7.0,500.0,Groceries,Yes
2425,55+,Male,5-10L,Weekly,7000.0,Yes,5+,Mobile,Books,60.0,30.0,1000.0,Groceries,No
2426,55+,Male,<2,Bi-weekly,10000.0,No,5+,Mobile,Fashion,30.0,30.0,1000.0,Electronics,No
2427,18-25,Female,5-10L,Rarely,10000.0,No,5+,Mobile,Home & Furniture,15.0,7.0,500.0,Groceries,Yes
2428,55+,Male,<2,Weekly,10000.0,Yes,3-5,Mobile,Fashion,30.0,30.0,1000.0,Fashion,Yes
2430,55+,Male,5L-10L,Weekly,10000.0,No,3-5,Desktop,Electronics,50.0,15.0,10000.0,Groceries,No
2432,55+,Male,5-10L,Bi-weekly,20000.0,Yes,3-5,Mobile,Fashion,20.0,30.0,5000.0,Electronics,No
2433,46-55,Male,2-5L,Rarely,15000.0,Yes,1-3,Mobile,Fashion,30.0,15.0,1000.0,Home & Furniture,Yes
2434,36-45,Male,10-20L,Weekly,5000.0,Yes,3-5,Mobile,Groceries,30.0,30.0,5000.0,Groceries,No
2435,55+,Male,5L-10L,Quarterly,7000.0,Yes,5+,Mobile,Fashion,60.0,15.0,2000.0,Electronics,No
2437,46-55,Male,5-10L,Bi-weekly,10000.0,Yes,1-3,Mobile,Electronics,40.0,7.0,1000.0,Fashion,Yes
2439,55+,Male,2-5L,Monthly,15000.0,No,1-3,Mobile,Books,30.0,7.0,1000.0,Home & Furniture,Yes
2441,55+,Male,5L-10L,Weekly,3000.0,Yes,3-5,Mobile,Home & Furniture,30.0,7.0,2000.0,Home & Furniture,Yes
2443,55+,Male,5L-10L,Bi-weekly,10000.0,No,3-5,Desktop,Fashion,30.0,15.0,1000.0,Fashion,No
2444,46-55,Female,5-10L,Monthly,12000.0,Yes,<1,Mobile,Electronics,25.0,15.0,2000.0,Electronics,No
2445,36-45,Male,5L-10L,Weekly,5000.0,No,3-5,Desktop,Electronics,15.0,60.0,2000.0,Fashion,No
2446,46-55,Male,>20L,Rarely,5000.0,Yes,3-5,Mobile,Books,60.0,7.0,500.0,Electronics,No
2447,18-25,Male,5-10L,Weekly,5000.0,Yes,5+,Both,Electronics,30.0,15.0,5000.0,Groceries,No
2448,36-45,Male,5L-10L,Quarterly,7000.0,No,3-5,Mobile,Home & Furniture,50.0,7.0,2000.0,Books,Yes
2450,46-55,Male,5L-10L,Bi-weekly,5000.0,No,<1,Desktop,Books,20.0,30.0,2000.0,Electronics,No
2452,55+,Male,5-10L,Weekly,5000.0,No,<1,Mobile,Electronics,30.0,15.0,1000.0,Groceries,No
2453,46-55,Female,5L-10L,Bi-weekly,12000.0,Yes,1-3,Desktop,Electronics,25.0,60.0,2000.0,Home & Furniture,Yes
2454,55+,Female,2-5L,Rarely,15000.0,No,3-5,Mobile,Fashion,40.0,7.0,500.0,Fashion,Yes
2455,46-55,Male,>20L,Quarterly,10000.0,No,3-5,Mobile,Fashion,10.0,15.0,2000.0,Electronics,No
2456,46-55,Male,<2,Quarterly,15000.0,No,5+,Mobile,Home & Furniture,40.0,15.0,5000.0,Groceries,No
2457,46-55,Male,2-5L,Weekly,10000.0,No,1-3,Mobile,Home & Furniture,15.0,7.0,500.0,Groceries,Yes
2458,18-25,Female,>20L,Bi-weekly,15000.0,No,<1,Mobile,Electronics,10.0,30.0,10000.0,Electronics,Yes
2460,46-55,Male,<2L,Weekly,15000.0,Yes,5+,Mobile,Electronics,20.0,30.0,1000.0,Electronics,No
2461,55+,Female,2-5L,Weekly,7000.0,No,5+,Mobile,Electronics,60.0,60.0,1000.0,Fashion,No
2462,55+,Female,5-10L,Weekly,5000.0,Yes,1-3,Mobile,Home & Furniture,30.0,15.0,500.0,Home & Furniture,No
2463,18-25,Male,10-20L,Bi-weekly,20000.0,Yes,3-5,Desktop,Groceries,15.0,60.0,1000.0,Fashion,Yes
2465,26-35,Male,2-5L,Quarterly,5000.0,No,<1,Desktop,Home & Furniture,20.0,15.0,10000.0,Groceries,No
2466,55+,Female,5-10L,Bi-weekly,10000.0,No,3-5,Mobile,Electronics,10.0,30.0,2000.0,Home & Furniture,No
2467,55+,Male,<2,Rarely,20000.0,No,3-5,Desktop,Electronics,20.0,30.0,1000.0,Electronics,No
2468,46-55,Male,2-5L,Rarely,10000.0,No,3-5,Mobile,Fashion,30.0,30.0,1000.0,Home & Furniture,No
2470,36-45,Male,<2,Weekly,10000.0,Yes,1-3,Desktop,Fashion,25.0,7.0,10000.0,Home & Furniture,No
2471,36-45,Male,2-5L,Quarterly,7000.0,Yes,1-3,Mobile,Electronics,20.0,60.0,500.0,Electronics,No
2472,55+,Female,2-5L,Monthly,10000.0,Yes,5+,Both,Electronics,30.0,30.0,10000.0,Electronics,Yes
2473,55+,Male,5-10L,Quarterly,10000.0,Yes,5+,Desktop,Electronics,25.0,60.0,500.0,Home & Furniture,No
2474,46-55,Male,2-5L,Quarterly,7000.0,No,1-3,Mobile,Electronics,50.0,60.0,1000.0,Home & Furniture,No
2475,36-45,Female,<2L,Bi-weekly,10000.0,Yes,3-5,Mobile,Electronics,15.0,7.0,5000.0,Home & Furniture,No
2476,18-25,Male,5-10L,Weekly,5000.0,No,3-5,Mobile,Electronics,15.0,15.0,10000.0,Fashion,Yes
2477,18-25,Male,10-20L,Weekly,12000.0,Yes,3-5,Mobile,Home & Furniture,30.0,30.0,500.0,Fashion,No
2478,26-35,Female,<2,Weekly,3000.0,No,3-5,Desktop,Electronics,30.0,7.0,5000.0,Electronics,No
2479,36-45,Male,5-10L,Quarterly,10000.0,Yes,3-5,Mobile,Groceries,20.0,7.0,1000.0,Home & Furniture,No
2480,55+,Female,>20L,Weekly,15000.0,Yes,1-3,Mobile,Fashion,20.0,30.0,5000.0,Electronics,No
2481,46-55,Male,2-5L,Weekly,12000.0,Yes,3-5,Mobile,Home & Furniture,50.0,30.0,10000.0,Books,Yes
2482,26-35,Male,2-5L,Monthly,5000.0,Yes,3-5,Desktop,Home & Furniture,20.0,30.0,1000.0,Fashion,Yes
2483,18-25,Male,<2L,Weekly,15000.0,Yes,1-3,Mobile,Groceries,30.0,30.0,10000.0,Home & Furniture,Yes
2484,36-45,Male,5-10L,Weekly,3000.0,No,<1,Mobile,Books,40.0,60.0,2000.0,Groceries,No
2485,55+,Male,2-5L,Weekly,3000.0,Yes,5+,Mobile,Fashion,30.0,60.0,1000.0,Home & Furniture,No
2486,36-45,Male,5-10L,Rarely,15000.0,No,3-5,Mobile,Electronics,25.0,15.0,1000.0,Books,Yes
2487,55+,Male,5-10L,Weekly,10000.0,No,3-5,Mobile,Electronics,50.0,7.0,500.0,Home & Furniture,No
2488,55+,Male,<2L,Quarterly,7000.0,No,1-3,Mobile,Electronics,25.0,15.0,2000.0,Books,Yes
2489,18-25,Female,10-20L,Weekly,10000.0,No,<1,Mobile,Home & Furniture,15.0,30.0,1000.0,Home & Furniture,No
2490,46-55,Male,<2L,Rarely,5000.0,No,5+,Mobile,Fashion,10.0,30.0,2000.0,Fashion,No
2491,55+,Male,10-20L,Rarely,12000.0,No,<1,Desktop,Electronics,60.0,30.0,10000.0,Home & Furniture,No
2492,36-45,Male,<2L,Weekly,10000.0,Yes,3-5,Both,Fashion,50.0,60.0,2000.0,Home & Furniture,Yes
2493,18-25,Male,5-10L,Weekly,7000.0,Yes,<1,Desktop,Electronics,50.0,7.0,1000.0,Fashion,Yes
2494,55+,Male,5L-10L,Weekly,7000.0,No,5+,Mobile,Books,30.0,7.0,2000.0,Home & Furniture,Yes
2495,55+,Male,5-10L,Rarely,7000.0,Yes,3-5,Desktop,Fashion,20.0,15.0,2000.0,Electronics,No
2496,46-55,Male,5-10L,Weekly,10000.0,Yes,3-5,Mobile,Fashion,30.0,30.0,2000.0,Fashion,No
2497,55+,Male,10-20L,Bi-weekly,15000.0,No,5+,Mobile,Electronics,60.0,30.0,1000.0,Fashion,No
2498,26-35,Male,5-10L,Weekly,5000.0,No,5+,Mobile,Fashion,50.0,30.0,1000.0,Electronics,No
2499,55+,Female,10-20L,Weekly,10000.0,Yes,5+,Mobile,Electronics,20.0,15.0,2000.0,Home & Furniture,Yes
2501,18-25,Male,<2,Rarely,12000.0,Yes,1-3,Both,Fashion,25.0,60.0,500.0,Electronics,No
2502,55+,Male,2-5L,Weekly,3000.0,Yes,3-5,Desktop,Home & Furniture,20.0,30.0,1000.0,Groceries,No
2503,55+,Female,2-5L,Quarterly,5000.0,No,1-3,Mobile,Electronics,15.0,30.0,1000.0,Electronics,Yes
2504,55+,Male,5L-10L,Weekly,5000.0,No,3-5,Mobile,Electronics,30.0,30.0,2000.0,Home & Furniture,Yes
2505,26-35,Male,>20L,Quarterly,10000.0,Yes,<1,Both,Fashion,10.0,30.0,5000.0,Fashion,No
2506,18-25,Male,<2L,Weekly,5000.0,No,5+,Desktop,Electronics,30.0,30.0,2000.0,Fashion,No
2507,55+,Male,5L-10L,Monthly,10000.0,No,3-5,Mobile,Books,10.0,30.0,1000.0,Fashion,Yes
2508,55+,Male,5L-10L,Rarely,20000.0,No,3-5,Mobile,Electronics,30.0,7.0,2000.0,Fashion,Yes
2509,46-55,Male,5-10L,Weekly,3000.0,Yes,1-3,Mobile,Books,50.0,60.0,5000.0,Fashion,Yes
2510,46-55,Female,5-10L,Quarterly,10000.0,Yes,1-3,Both,Electronics,60.0,30.0,1000.0,Groceries,No
2511,36-45,Female,10-20L,Weekly,5000.0,Yes,<1,Mobile,Electronics,30.0,30.0,2000.0,Books,No
2512,36-45,Male,<2L,Weekly,10000.0,No,1-3,Mobile,Electronics,30.0,30.0,500.0,Home & Furniture,No
2513,18-25,Male,5-10L,Quarterly,5000.0,Yes,5+,Mobile,Electronics,60.0,30.0,1000.0,Groceries,No
2514,18-25,Male,5-10L,Quarterly,15000.0,Yes,1-3,Mobile,Electronics,30.0,15.0,2000.0,Fashion,No
2515,26-35,Male,5-10L,Weekly,5000.0,No,<1,Mobile,Fashion,10.0,60.0,2000.0,Groceries,Yes
2516,55+,Male,10-20L,Weekly,20000.0,Yes,1-3,Mobile,Electronics,25.0,30.0,10000.0,Fashion,No
2518,55+,Male,<2,Quarterly,15000.0,No,3-5,Mobile,Electronics,30.0,30.0,5000.0,Groceries,No
2519,46-55,Male,2-5L,Quarterly,5000.0,No,3-5,Both,Books,20.0,30.0,10000.0,Home & Furniture,No
2520,26-35,Male,2-5L,Quarterly,5000.0,Yes,<1,Desktop,Home & Furniture,30.0,60.0,1000.0,Groceries,No
2522,46-55,Male,5-10L,Weekly,5000.0,Yes,3-5,Mobile,Home & Furniture,30.0,15.0,10000.0,Books,No
2523,36-45,Female,2-5L,Weekly,10000.0,Yes,<1,Mobile,Groceries,20.0,15.0,500.0,Books,No
2524,46-55,Female,2-5L,Quarterly,12000.0,Yes,5+,Mobile,Home & Furniture,30.0,60.0,1000.0,Electronics,Yes
2525,55+,Male,>20L,Quarterly,10000.0,Yes,3-5,Desktop,Electronics,30.0,15.0,500.0,Fashion,No
2526,18-25,Male,5-10L,Weekly,5000.0,Yes,5+,Both,Groceries,30.0,30.0,10000.0,Home & Furniture,No
2527,55+,Male,2-5L,Weekly,15000.0,Yes,3-5,Mobile,Electronics,15.0,7.0,500.0,Electronics,No
2528,55+,Male,<2L,Weekly,10000.0,No,<1,Both,Home & Furniture,10.0,7.0,500.0,Electronics,Yes
2529,55+,Male,5-10L,Quarterly,15000.0,No,5+,Both,Fashion,50.0,30.0,1000.0,Groceries,Yes
2530,46-55,Male,<2L,Weekly,12000.0,Yes,3-5,Mobile,Electronics,20.0,15.0,5000.0,Home & Furniture,No
2531,46-55,Male,5-10L,Quarterly,12000.0,No,1-3,Mobile,Fashion,10.0,30.0,500.0,Home & Furniture,Yes
2532,55+,Female,<2,Quarterly,10000.0,Yes,1-3,Desktop,Electronics,30.0,30.0,500.0,Home & Furniture,No
2533,55+,Male,5L-10L,Weekly,10000.0,No,1-3,Mobile,Electronics,15.0,7.0,500.0,Electronics,No
2535,55+,Male,<2L,Quarterly,10000.0,No,<1,Mobile,Fashion,30.0,30.0,2000.0,Electronics,No
2537,55+,Male,5-10L,Rarely,15000.0,Yes,3-5,Mobile,Electronics,30.0,30.0,1000.0,Fashion,No
2539,18-25,Female,5-10L,Weekly,5000.0,Yes,1-3,Mobile,Electronics,40.0,30.0,500.0,Electronics,No
2540,46-55,Male,<2,Weekly,5000.0,Yes,1-3,Mobile,Home & Furniture,25.0,60.0,2000.0,Home & Furniture,No
2541,46-55,Female,5-10L,Weekly,10000.0,No,3-5,Mobile,Books,20.0,30.0,1000.0,Home & Furniture,Yes
2543,36-45,Male,>20L,Weekly,5000.0,No,1-3,Mobile,Fashion,60.0,15.0,2000.0,Electronics,No
2544,26-35,Female,<2L,Weekly,10000.0,Yes,<1,Mobile,Electronics,10.0,7.0,2000.0,Electronics,Yes
2545,46-55,Male,2-5L,Weekly,5000.0,Yes,5+,Mobile,Electronics,60.0,15.0,1000.0,Books,Yes
2546,36-45,Male,>20L,Weekly,10000.0,No,3-5,Both,Books,30.0,30.0,5000.0,Electronics,No
2547,55+,Female,<2L,Weekly,5000.0,Yes,3-5,Mobile,Fashion,15.0,60.0,1000.0,Home & Furniture,No
2548,26-35,Male,10-20L,Monthly,5000.0,No,3-5,Mobile,Electronics,30.0,60.0,500.0,Electronics,No
2549,36-45,Male,<2L,Monthly,7000.0,Yes,5+,Mobile,Fashion,15.0,60.0,1000.0,Books,No
2551,46-55,Male,5L-10L,Weekly,7000.0,Yes,3-5,Mobile,Fashion,30.0,30.0,5000.0,Home & Furniture,Yes
2552,36-45,Male,5-10L,Quarterly,7000.0,Yes,<1,Both,Fashion,50.0,30.0,1000.0,Electronics,No
2553,46-55,Female,2-5L,Quarterly,20000.0,Yes,<1,Desktop,Home & Furniture,30.0,30.0,1000.0,Electronics,Yes
2554,55+,Male,5-10L,Bi-weekly,5000.0,Yes,5+,Both,Electronics,10.0,7.0,1000.0,Groceries,No
2555,26-35,Male,>20L,Weekly,5000.0,Yes,<1,Mobile,Books,30.0,60.0,5000.0,Fashion,No
2556,55+,Male,<2L,Weekly,12000.0,No,3-5,Both,Electronics,40.0,15.0,1000.0,Fashion,No
2557,18-25,Male,>20L,Monthly,5000.0,No,3-5,Desktop,Electronics,20.0,7.0,5000.0,Home & Furniture,No
2559,36-45,Male,<2L,Weekly,10000.0,Yes,3-5,Mobile,Fashion,25.0,60.0,2000.0,Groceries,No
2560,18-25,Male,2-5L,Bi-weekly,3000.0,Yes,5+,Desktop,Electronics,10.0,30.0,1000.0,Fashion,Yes
2561,46-55,Male,>20L,Monthly,20000.0,Yes,5+,Mobile,Fashion,10.0,30.0,1000.0,Fashion,No
2562,55+,Female,<2,Weekly,7000.0,No,<1,Mobile,Fashion,50.0,7.0,5000.0,Electronics,Yes
2563,55+,Male,>20L,Weekly,12000.0,No,1-3,Both,Electronics,50.0,60.0,5000.0,Fashion,No
2564,46-55,Male,>20L,Monthly,15000.0,No,3-5,Mobile,Electronics,30.0,30.0,2000.0,Fashion,No
2565,46-55,Female,>20L,Weekly,15000.0,No,3-5,Mobile,Fashion,25.0,30.0,1000.0,Electronics,No
2567,18-25,Male,2-5L,Weekly,10000.0,No,1-3,Mobile,Electronics,15.0,15.0,2000.0,Fashion,Yes
2568,18-25,Female,5L-10L,Quarterly,7000.0,Yes,3-5,Mobile,Books,30.0,30.0,1000.0,Fashion,No
2569,46-55,Female,5-10L,Weekly,10000.0,No,1-3,Both,Groceries,25.0,7.0,1000.0,Groceries,No
2570,55+,Male,5-10L,Weekly,12000.0,No,1-3,Desktop,Electronics,20.0,60.0,2000.0,Home & Furniture,No
2571,18-25,Female,<2,Quarterly,5000.0,Yes,5+,Mobile,Fashion,10.0,7.0,2000.0,Fashion,Yes
2572,46-55,Male,5L-10L,Weekly,7000.0,Yes,1-3,Mobile,Groceries,30.0,30.0,500.0,Home & Furniture,No
2574,55+,Male,>20L,Quarterly,5000.0,Yes,<1,Desktop,Electronics,60.0,15.0,2000.0,Home & Furniture,Yes
2576,46-55,Male,5-10L,Weekly,5000.0,Yes,3-5,Mobile,Electronics,30.0,30.0,5000.0,Groceries,No
2577,55+,Female,5-10L,Rarely,10000.0,No,3-5,Mobile,Electronics,30.0,30.0,1000.0,Fashion,Yes
2578,55+,Male,<2L,Weekly,5000.0,No,1-3,Mobile,Home & Furniture,30.0,30.0,1000.0,Home & Furniture,No
2579,18-25,Male,>20L,Monthly,12000.0,No,5+,Mobile,Electronics,20.0,60.0,1000.0,Fashion,No
2580,55+,Male,<2L,Weekly,5000.0,No,3-5,Mobile,Home & Furniture,40.0,7.0,10000.0,Home & Furniture,Yes
2581,18-25,Male,10-20L,Quarterly,10000.0,No,5+,Both,Fashion,25.0,30.0,2000.0,Groceries,No
2582,55+,Male,2-5L,Quarterly,10000.0,No,<1,Mobile,Books,30.0,60.0,2000.0,Electronics,No
2583,18-25,Female,5-10L,Weekly,7000.0,Yes,1-3,Mobile,Electronics,10.0,7.0,500.0,Groceries,Yes
2584,26-35,Male,>20L,Quarterly,10000.0,No,1-3,Mobile,Electronics,60.0,30.0,2000.0,Home & Furniture,Yes
2585,55+,Female,>20L,Rarely,15000.0,No,1-3,Mobile,Fashion,40.0,60.0,1000.0,Home & Furniture,Yes
2586,55+,Female,<2,Weekly,5000.0,No,5+,Mobile,Home & Furniture,25.0,30.0,1000.0,Home & Furniture,No
2587,36-45,Male,10-20L,Weekly,10000.0,Yes,<1,Mobile,Books,40.0,15.0,500.0,Home & Furniture,No
2589,36-45,Female,10-20L,Rarely,10000.0,Yes,<1,Mobile,Fashion,30.0,7.0,500.0,Books,No
2590,36-45,Female,2-5L,Quarterly,15000.0,No,1-3,Mobile,Electronics,25.0,60.0,10000.0,Fashion,No
2592,55+,Male,2-5L,Bi-weekly,5000.0,Yes,<1,Mobile,Home & Furniture,30.0,30.0,1000.0,Books,Yes
2593,55+,Male,<2,Quarterly,7000.0,Yes,3-5,Mobile,Home & Furniture,20.0,60.0,1000.0,Fashion,No
2594,18-25,Female,5-10L,Quarterly,10000.0,No,1-3,Mobile,Books,30.0,30.0,1000.0,Electronics,No
2595,55+,Male,5-10L,Rarely,5000.0,Yes,3-5,Mobile,Home & Furniture,60.0,7.0,5000.0,Electronics,No
2596,55+,Male,>20L,Quarterly,10000.0,Yes,3-5,Mobile,Electronics,40.0,7.0,5000.0,Groceries,No
2597,18-25,Female,2-5L,Weekly,10000.0,Yes,1-3,Desktop,Groceries,30.0,30.0,1000.0,Fashion,Yes
2598,36-45,Male,<2L,Quarterly,12000.0,No,3-5,Desktop,Fashion,40.0,30.0,2000.0,Home & Furniture,No
2599,55+,Male,5L-10L,Weekly,5000.0,No,5+,Mobile,Fashion,20.0,60.0,5000.0,Home & Furniture,Yes
2600,55+,Male,5-10L,Monthly,10000.0,Yes,<1,Mobile,Home & Furniture,20.0,7.0,2000.0,Books,Yes
2601,36-45,Female,>20L,Quarterly,5000.0,Yes,<1,Mobile,Books,30.0,60.0,1000.0,Home & Furniture,No
2605,18-25,Male,<2L,Rarely,7000.0,Yes,3-5,Both,Fashion,25.0,15.0,2000.0,Fashion,No
2606,55+,Male,<2L,Weekly,15000.0,No,1-3,Mobile,Fashion,20.0,30.0,1000.0,Home & Furniture,No
2607,46-55,Female,<2L,Monthly,10000.0,No,<1,Mobile,Electronics,50.0,30.0,1000.0,Fashion,No
2609,55+,Female,5-10L,Quarterly,5000.0,Yes,3-5,Mobile,Fashion,20.0,60.0,10000.0,Home & Furniture,Yes
2610,36-45,Female,<2,Weekly,3000.0,No,5+,Both,Books,20.0,30.0,500.0,Fashion,Yes
2612,55+,Male,5-10L,Weekly,10000.0,Yes,<1,Both,Electronics,10.0,30.0,1000.0,Home & Furniture,No
2613,36-45,Male,2-5L,Quarterly,10000.0,Yes,3-5,Both,Books,30.0,15.0,1000.0,Electronics,Yes
2614,55+,Male,5-10L,Monthly,7000.0,Yes,3-5,Mobile,Books,30.0,7.0,2000.0,Fashion,Yes
2615,26-35,Male,5-10L,Quarterly,10000.0,No,3-5,Mobile,Fashion,20.0,15.0,5000.0,Electronics,Yes
2617,26-35,Female,2-5L,Bi-weekly,5000.0,Yes,<1,Mobile,Electronics,60.0,60.0,500.0,Home & Furniture,Yes
2618,55+,Male,5L-10L,Quarterly,10000.0,No,1-3,Mobile,Groceries,10.0,30.0,1000.0,Electronics,No
2619,55+,Female,5L-10L,Weekly,15000.0,No,3-5,Mobile,Home & Furniture,30.0,7.0,2000.0,Home & Furniture,Yes
2620,55+,Male,<2L,Weekly,12000.0,Yes,3-5,Mobile,Electronics,20.0,30.0,10000.0,Home & Furniture,No
2621,55+,Male,<2,Weekly,5000.0,Yes,3-5,Mobile,Electronics,30.0,60.0,1000.0,Home & Furniture,Yes
2622,55+,Male,10-20L,Quarterly,7000.0,No,<1,Mobile,Books,10.0,7.0,2000.0,Groceries,No
2623,26-35,Male,>20L,Weekly,10000.0,No,3-5,Mobile,Books,10.0,15.0,5000.0,Electronics,No
2625,46-55,Male,<2L,Monthly,5000.0,No,3-5,Desktop,Groceries,40.0,15.0,1000.0,Fashion,Yes
2626,36-45,Female,10-20L,Monthly,5000.0,Yes,1-3,Mobile,Electronics,25.0,60.0,1000.0,Home & Furniture,No
2627,46-55,Male,<2,Bi-weekly,20000.0,No,3-5,Mobile,Home & Furniture,50.0,7.0,1000.0,Fashion,No
2628,36-45,Male,5-10L,Weekly,5000.0,No,1-3,Mobile,Fashion,20.0,30.0,1000.0,Home & Furniture,Yes
2629,55+,Female,<2,Weekly,20000.0,No,1-3,Mobile,Electronics,20.0,15.0,1000.0,Groceries,Yes
2630,55+,Male,2-5L,Quarterly,10000.0,No,1-3,Mobile,Electronics,15.0,7.0,1000.0,Home & Furniture,No
2631,55+,Male,2-5L,Weekly,10000.0,No,<1,Mobile,Electronics,50.0,60.0,1000.0,Groceries,No
2632,55+,Male,>20L,Bi-weekly,5000.0,Yes,<1,Mobile,Fashion,40.0,30.0,2000.0,Fashion,No
2633,55+,Male,<2,Monthly,15000.0,No,5+,Desktop,Groceries,10.0,30.0,5000.0,Electronics,Yes
2634,46-55,Male,5-10L,Rarely,5000.0,Yes,1-3,Mobile,Electronics,40.0,15.0,1000.0,Electronics,No
2635,46-55,Male,2-5L,Quarterly,7000.0,No,3-5,Both,Home & Furniture,50.0,60.0,500.0,Electronics,Yes
2636,55+,Male,<2,Quarterly,3000.0,Yes,1-3,Mobile,Home & Furniture,10.0,30.0,1000.0,Home & Furniture,No
2637,36-45,Male,5-10L,Quarterly,3000.0,Yes,1-3,Desktop,Home & Furniture,30.0,30.0,2000.0,Electronics,No
2638,26-35,Male,5L-10L,Quarterly,10000.0,No,5+,Mobile,Home & Furniture,40.0,7.0,5000.0,Groceries,No
2639,55+,Female,>20L,Weekly,5000.0,No,3-5,Desktop,Fashion,20.0,15.0,2000.0,Home & Furniture,Yes
2640,26-35,Male,<2L,Monthly,10000.0,No,1-3,Both,Electronics,10.0,60.0,2000.0,Fashion,No
2641,55+,Male,5-10L,Quarterly,10000.0,Yes,<1,Both,Fashion,40.0,15.0,1000.0,Fashion,Yes
2643,55+,Male,5L-10L,Weekly,10000.0,No,3-5,Mobile,Fashion,10.0,7.0,5000.0,Electronics,Yes
2644,55+,Male,5-10L,Quarterly,5000.0,Yes,5+,Mobile,Electronics,15.0,60.0,1000.0,Home & Furniture,Yes
2645,26-35,Male,<2L,Weekly,15000.0,No,1-3,Mobile,Electronics,20.0,30.0,2000.0,Electronics,Yes
2646,55+,Female,<2,Quarterly,5000.0,Yes,1-3,Desktop,Fashion,40.0,15.0,2000.0,Books,No
2647,55+,Male,5-10L,Weekly,10000.0,No,1-3,Mobile,Books,20.0,15.0,2000.0,Electronics,No
2650,55+,Male,>20L,Monthly,3000.0,No,<1,Mobile,Home & Furniture,30.0,7.0,10000.0,Home & Furniture,No
2651,55+,Male,10-20L,Weekly,5000.0,Yes,<1,Mobile,Electronics,30.0,15.0,10000.0,Fashion,Yes
2652,36-45,Male,5-10L,Rarely,15000.0,Yes,5+,Desktop,Books,10.0,60.0,5000.0,Fashion,Yes
2654,55+,Male,10-20L,Weekly,10000.0,No,<1,Mobile,Electronics,15.0,7.0,5000.0,Fashion,No
2655,36-45,Female,5-10L,Weekly,5000.0,Yes,<1,Desktop,Electronics,10.0,7.0,1000.0,Groceries,Yes
2656,55+,Male,>20L,Monthly,7000.0,Yes,<1,Mobile,Fashion,25.0,15.0,500.0,Groceries,No
2657,36-45,Male,<2L,Weekly,20000.0,Yes,1-3,Mobile,Electronics,50.0,7.0,500.0,Electronics,Yes
2658,46-55,Female,5L-10L,Quarterly,5000.0,No,1-3,Mobile,Books,20.0,30.0,500.0,Home & Furniture,No
2659,18-25,Male,5-10L,Rarely,12000.0,No,3-5,Mobile,Groceries,20.0,30.0,2000.0,Electronics,No
2660,26-35,Female,2-5L,Monthly,7000.0,No,5+,Both,Groceries,30.0,30.0,1000.0,Books,Yes
2662,36-45,Male,5-10L,Weekly,3000.0,Yes,5+,Desktop,Electronics,30.0,7.0,5000.0,Electronics,Yes
2663,36-45,Female,<2L,Weekly,10000.0,No,3-5,Mobile,Fashion,30.0,60.0,500.0,Fashion,No
2664,26-35,Female,<2L,Weekly,5000.0,Yes,5+,Desktop,Electronics,30.0,30.0,2000.0,Home & Furniture,No
2665,36-45,Male,10-20L,Weekly,15000.0,No,<1,Mobile,Home & Furniture,15.0,30.0,2000.0,Electronics,No
2666,55+,Female,5-10L,Bi-weekly,10000.0,No,1-3,Mobile,Home & Furniture,30.0,15.0,1000.0,Fashion,No
2667,55+,Male,10-20L,Monthly,10000.0,Yes,1-3,Mobile,Electronics,20.0,7.0,1000.0,Home & Furniture,No
2668,18-25,Male,<2L,Quarterly,20000.0,No,<1,Both,Fashion,30.0,30.0,1000.0,Home & Furniture,Yes
2669,46-55,Male,5L-10L,Weekly,5000.0,Yes,3-5,Mobile,Fashion,15.0,15.0,2000.0,Books,No
2670,36-45,Female,5-10L,Monthly,15000.0,Yes,1-3,Both,Electronics,30.0,60.0,2000.0,Groceries,No
2672,36-45,Male,5L-10L,Weekly,5000.0,Yes,<1,Desktop,Home & Furniture,30.0,60.0,5000.0,Books,No
2673,36-45,Female,<2,Weekly,7000.0,No,1-3,Desktop,Home & Furniture,50.0,30.0,5000.0,Home & Furniture,No
2674,36-45,Male,5-10L,Quarterly,20000.0,Yes,1-3,Mobile,Electronics,20.0,60.0,2000.0,Books,No
2675,46-55,Male,>20L,Weekly,10000.0,No,3-5,Mobile,Electronics,25.0,30.0,1000.0,Fashion,No
2676,36-45,Male,5-10L,Weekly,5000.0,No,<1,Mobile,Electronics,10.0,60.0,1000.0,Home & Furniture,No
2677,36-45,Female,5-10L,Rarely,20000.0,No,5+,Desktop,Home & Furniture,25.0,30.0,1000.0,Fashion,No
2678,55+,Male,5-10L,Quarterly,10000.0,No,<1,Mobile,Groceries,30.0,60.0,2000.0,Fashion,Yes
2679,55+,Female,10-20L,Weekly,12000.0,No,<1,Both,Groceries,40.0,15.0,5000.0,Home & Furniture,Yes
2681,55+,Male,5-10L,Rarely,7000.0,No,3-5,Mobile,Fashion,25.0,15.0,2000.0,Fashion,No
2682,55+,Female,2-5L,Weekly,5000.0,No,3-5,Desktop,Electronics,50.0,15.0,2000.0,Home & Furniture,No
2683,18-25,Male,2-5L,Bi-weekly,10000.0,No,3-5,Mobile,Books,30.0,60.0,1000.0,Electronics,Yes
2684,46-55,Male,5-10L,Monthly,5000.0,No,1-3,Mobile,Home & Furniture,30.0,15.0,500.0,Home & Furniture,Yes
2685,26-35,Male,5L-10L,Weekly,10000.0,No,3-5,Mobile,Fashion,30.0,7.0,2000.0,Groceries,Yes
2686,55+,Male,5-10L,Weekly,10000.0,Yes,1-3,Mobile,Groceries,30.0,30.0,500.0,Fashion,No
2687,26-35,Male,5-10L,Rarely,10000.0,Yes,3-5,Mobile,Electronics,20.0,7.0,10000.0,Electronics,Yes
2688,46-55,Female,5-10L,Weekly,15000.0,Yes,<1,Mobile,Groceries,10.0,15.0,2000.0,Books,Yes
2689,26-35,Male,5-10L,Weekly,7000.0,Yes,5+,Desktop,Electronics,30.0,30.0,1000.0,Home & Furniture,Yes
2690,46-55,Male,>20L,Quarterly,7000.0,No,1-3,Mobile,Electronics,50.0,30.0,2000.0,Home & Furniture,No
2692,36-45,Male,5-10L,Rarely,5000.0,No,3-5,Both,Electronics,15.0,15.0,2000.0,Electronics,No
2693,55+,Male,<2L,Weekly,5000.0,Yes,5+,Desktop,Electronics,20.0,30.0,2000.0,Fashion,Yes
2695,55+,Male,<2L,Quarterly,7000.0,No,5+,Desktop,Books,30.0,30.0,1000.0,Electronics,No
2696,26-35,Female,2-5L,Weekly,7000.0,No,<1,Mobile,Electronics,50.0,30.0,1000.0,Home & Furniture,No
2697,55+,Male,5-10L,Bi-weekly,20000.0,No,1-3,Mobile,Groceries,30.0,30.0,2000.0,Fashion,No
2698,18-25,Male,<2L,Monthly,5000.0,Yes,<1,Mobile,Home & Furniture,30.0,60.0,1000.0,Home & Furniture,Yes
2699,36-45,Female,5-10L,Monthly,5000.0,No,1-3,Mobile,Fashion,60.0,7.0,1000.0,Books,No
2700,55+,Male,5-10L,Weekly,12000.0,No,1-3,Desktop,Home & Furniture,30.0,60.0,1000.0,Home & Furniture,No
2701,55+,Female,2-5L,Weekly,3000.0,No,5+,Desktop,Fashion,20.0,7.0,500.0,Home & Furniture,No
2702,46-55,Female,5-10L,Rarely,10000.0,Yes,<1,Mobile,Electronics,40.0,30.0,500.0,Electronics,Yes
2703,36-45,Female,5-10L,Rarely,12000.0,Yes,1-3,Desktop,Electronics,15.0,30.0,2000.0,Fashion,No
2704,55+,Male,10-20L,Quarterly,10000.0,Yes,5+,Mobile,Electronics,15.0,30.0,5000.0,Books,No
2705,55+,Male,>20L,Rarely,5000.0,Yes,3-5,Mobile,Groceries,25.0,7.0,2000.0,Electronics,No
2706,36-45,Male,>20L,Weekly,5000.0,No,<1,Mobile,Fashion,30.0,30.0,1000.0,Fashion,No
2708,55+,Male,5-10L,Bi-weekly,15000.0,Yes,1-3,Mobile,Electronics,40.0,30.0,5000.0,Home & Furniture,No
2709,55+,Male,5-10L,Quarterly,12000.0,No,5+,Mobile,Home & Furniture,30.0,7.0,2000.0,Home & Furniture,No
2710,46-55,Male,<2,Weekly,5000.0,Yes,3-5,Both,Fashion,40.0,15.0,1000.0,Electronics,No
2712,26-35,Male,5-10L,Rarely,10000.0,No,3-5,Desktop,Fashion,10.0,7.0,500.0,Groceries,No
2713,26-35,Male,5-10L,Weekly,5000.0,No,3-5,Mobile,Electronics,50.0,30.0,500.0,Books,No
2714,18-25,Male,<2,Quarterly,20000.0,Yes,3-5,Mobile,Electronics,30.0,15.0,2000.0,Electronics,Yes
2715,55+,Female,2-5L,Weekly,20000.0,No,1-3,Mobile,Fashion,25.0,7.0,1000.0,Electronics,Yes
2716,26-35,Male,5-10L,Monthly,5000.0,No,<1,Both,Groceries,20.0,30.0,1000.0,Fashion,No
2718,55+,Male,5-10L,Weekly,5000.0,No,5+,Mobile,Home & Furniture,30.0,15.0,5000.0,Fashion,No
2719,18-25,Male,5L-10L,Quarterly,7000.0,No,5+,Mobile,Electronics,30.0,7.0,1000.0,Home & Furniture,No
2720,46-55,Male,5L-10L,Weekly,7000.0,No,<1,Mobile,Fashion,15.0,30.0,2000.0,Fashion,No
2721,46-55,Male,<2L,Bi-weekly,10000.0,No,3-5,Mobile,Fashion,50.0,30.0,5000.0,Home & Furniture,No
2722,55+,Male,2-5L,Weekly,7000.0,No,<1,Mobile,Fashion,30.0,15.0,5000.0,Home & Furniture,Yes
2723,36-45,Male,<2,Weekly,5000.0,Yes,5+,Mobile,Electronics,15.0,30.0,5000.0,Electronics,No
2724,36-45,Male,<2L,Weekly,5000.0,Yes,5+,Mobile,Fashion,10.0,7.0,500.0,Books,No
2726,55+,Male,>20L,Quarterly,10000.0,Yes,5+,Mobile,Electronics,10.0,15.0,500.0,Books,No
2727,55+,Male,5-10L,Rarely,15000.0,No,<1,Mobile,Electronics,50.0,60.0,1000.0,Home & Furniture,No
2728,55+,Male,2-5L,Weekly,5000.0,No,1-3,Mobile,Electronics,15.0,7.0,2000.0,Fashion,No
2729,36-45,Male,<2L,Weekly,12000.0,Yes,5+,Desktop,Electronics,40.0,30.0,5000.0,Groceries,Yes
2730,55+,Male,5L-10L,Quarterly,5000.0,No,3-5,Desktop,Home & Furniture,30.0,7.0,500.0,Fashion,Yes
2731,55+,Male,5L-10L,Quarterly,10000.0,No,<1,Mobile,Electronics,30.0,7.0,500.0,Fashion,No
2732,26-35,Female,10-20L,Weekly,5000.0,No,1-3,Desktop,Fashion,10.0,30.0,1000.0,Home & Furniture,No
2733,46-55,Male,2-5L,Weekly,7000.0,No,<1,Both,Electronics,50.0,30.0,1000.0,Books,Yes
2735,26-35,Male,2-5L,Weekly,12000.0,Yes,<1,Both,Books,30.0,7.0,5000.0,Fashion,No
2737,26-35,Female,5-10L,Weekly,5000.0,No,3-5,Both,Home & Furniture,30.0,30.0,500.0,Home & Furniture,No
2740,55+,Female,5L-10L,Weekly,3000.0,No,3-5,Mobile,Electronics,20.0,30.0,1000.0,Groceries,No
2741,18-25,Male,>20L,Weekly,5000.0,Yes,3-5,Mobile,Electronics,25.0,15.0,500.0,Groceries,Yes
2742,55+,Male,5-10L,Weekly,10000.0,No,3-5,Desktop,Electronics,20.0,60.0,1000.0,Fashion,No
2743,26-35,Male,2-5L,Rarely,5000.0,Yes,1-3,Both,Home & Furniture,40.0,30.0,1000.0,Home & Furniture,Yes
2745,36-45,Male,5-10L,Quarterly,5000.0,No,1-3,Desktop,Fashion,15.0,15.0,2000.0,Fashion,Yes
2746,55+,Male,5L-10L,Quarterly,10000.0,Yes,1-3,Mobile,Fashion,20.0,15.0,5000.0,Electronics,No
2747,55+,Male,>20L,Weekly,10000.0,Yes,1-3,Desktop,Electronics,10.0,30.0,500.0,Home & Furniture,Yes
2748,26-35,Male,5-10L,Quarterly,12000.0,No,5+,Mobile,Electronics,40.0,60.0,1000.0,Home & Furniture,No
2749,36-45,Male,<2,Quarterly,12000.0,Yes,<1,Mobile,Fashion,30.0,60.0,10000.0,Fashion,No
2750,18-25,Male,5-10L,Monthly,10000.0,Yes,1-3,Mobile,Groceries,30.0,30.0,2000.0,Fashion,No
2751,26-35,Male,2-5L,Quarterly,5000.0,Yes,3-5,Both,Electronics,30.0,15.0,500.0,Groceries,No
2752,55+,Male,2-5L,Rarely,20000.0,No,3-5,Mobile,Fashion,25.0,7.0,1000.0,Home & Furniture,Yes
2753,55+,Male,5-10L,Weekly,5000.0,Yes,3-5,Both,Electronics,40.0,30.0,500.0,Books,Yes
2754,55+,Male,>20L,Quarterly,12000.0,No,5+,Mobile,Fashion,50.0,30.0,2000.0,Fashion,Yes
2755,55+,Female,<2,Bi-weekly,5000.0,No,1-3,Mobile,Groceries,20.0,30.0,1000.0,Electronics,No
2756,55+,Female,>20L,Quarterly,10000.0,Yes,5+,Desktop,Electronics,30.0,7.0,5000.0,Groceries,Yes
2757,55+,Female,5L-10L,Monthly,20000.0,No,<1,Desktop,Fashion,30.0,30.0,2000.0,Electronics,Yes
2758,55+,Male,10-20L,Rarely,15000.0,Yes,3-5,Both,Electronics,25.0,60.0,2000.0,Home & Furniture,No
2759,55+,Male,5L-10L,Weekly,15000.0,No,3-5,Mobile,Groceries,25.0,30.0,1000.0,Fashion,Yes
2761,46-55,Female,10-20L,Weekly,7000.0,No,5+,Mobile,Electronics,10.0,60.0,5000.0,Home & Furniture,Yes
2762,55+,Male,5L-10L,Monthly,7000.0,No,3-5,Mobile,Home & Furniture,30.0,15.0,1000.0,Home & Furniture,Yes
2763,18-25,Male,2-5L,Rarely,10000.0,Yes,5+,Mobile,Fashion,50.0,30.0,5000.0,Groceries,Yes
2764,36-45,Male,5-10L,Weekly,5000.0,No,3-5,Mobile,Books,60.0,30.0,1000.0,Fashion,Yes
2765,18-25,Female,<2,Rarely,7000.0,Yes,3-5,Mobile,Electronics,30.0,60.0,2000.0,Electronics,No
2766,55+,Female,5L-10L,Quarterly,5000.0,Yes,3-5,Both,Books,25.0,15.0,5000.0,Fashion,Yes
2767,36-45,Female,5L-10L,Weekly,15000.0,No,3-5,Mobile,Fashion,10.0,30.0,5000.0,Fashion,No
2768,55+,Male,<2L,Rarely,12000.0,Yes,1-3,Mobile,Fashion,30.0,7.0,2000.0,Electronics,Yes
2769,55+,Male,5L-10L,Weekly,3000.0,Yes,5+,Mobile,Fashion,40.0,30.0,2000.0,Home & Furniture,No
2770,55+,Female,<2,Monthly,10000.0,No,5+,Mobile,Books,20.0,30.0,500.0,Electronics,No
2771,26-35,Male,<2L,Bi-weekly,12000.0,No,3-5,Mobile,Books,30.0,30.0,5000.0,Electronics,Yes
2772,55+,Male,5-10L,Quarterly,15000.0,No,<1,Desktop,Fashion,15.0,15.0,500.0,Electronics,No
2773,55+,Male,>20L,Weekly,5000.0,Yes,<1,Mobile,Fashion,20.0,15.0,1000.0,Fashion,No
2774,18-25,Male,5-10L,Weekly,10000.0,Yes,3-5,Both,Books,40.0,30.0,2000.0,Groceries,No
2775,55+,Female,5-10L,Quarterly,5000.0,Yes,<1,Mobile,Electronics,20.0,7.0,2000.0,Home & Furniture,No
2776,36-45,Male,>20L,Quarterly,10000.0,No,3-5,Mobile,Home & Furniture,30.0,30.0,500.0,Fashion,Yes
2778,46-55,Female,5-10L,Quarterly,3000.0,No,5+,Mobile,Fashion,30.0,7.0,2000.0,Home & Furniture,No
2779,26-35,Male,>20L,Weekly,10000.0,No,1-3,Mobile,Books,30.0,30.0,1000.0,Electronics,Yes
2780,18-25,Male,<2,Weekly,5000.0,Yes,1-3,Mobile,Home & Furniture,40.0,30.0,2000.0,Home & Furniture,Yes
2781,18-25,Male,5-10L,Quarterly,7000.0,No,<1,Mobile,Fashion,20.0,30.0,500.0,Home & Furniture,No
2782,18-25,Male,5L-10L,Quarterly,3000.0,Yes,3-5,Mobile,Groceries,15.0,30.0,500.0,Home & Furniture,Yes
2783,46-55,Male,>20L,Monthly,12000.0,No,<1,Mobile,Electronics,25.0,30.0,1000.0,Electronics,No
2784,36-45,Female,<2L,Weekly,10000.0,Yes,3-5,Mobile,Books,40.0,7.0,500.0,Groceries,No
2785,26-35,Male,<2L,Weekly,10000.0,Yes,3-5,Mobile,Books,15.0,60.0,2000.0,Books,Yes
2786,55+,Male,>20L,Monthly,12000.0,No,3-5,Both,Fashion,10.0,7.0,500.0,Books,No
2787,55+,Female,<2L,Quarterly,10000.0,Yes,<1,Both,Electronics,20.0,30.0,2000.0,Electronics,Yes
2789,55+,Male,5L-10L,Weekly,12000.0,No,5+,Both,Groceries,20.0,7.0,2000.0,Fashion,Yes
2790,36-45,Male,2-5L,Rarely,10000.0,No,3-5,Mobile,Fashion,40.0,30.0,1000.0,Groceries,No
2792,55+,Male,2-5L,Weekly,3000.0,Yes,3-5,Mobile,Electronics,25.0,7.0,5000.0,Home & Furniture,No
2793,55+,Male,5-10L,Weekly,12000.0,Yes,3-5,Desktop,Electronics,20.0,7.0,1000.0,Groceries,No
2794,55+,Male,5-10L,Weekly,5000.0,No,5+,Desktop,Fashion,30.0,30.0,2000.0,Electronics,Yes
2795,55+,Male,2-5L,Weekly,5000.0,No,3-5,Desktop,Home & Furniture,60.0,60.0,1000.0,Home & Furniture,No
2796,46-55,Male,2-5L,Weekly,7000.0,No,3-5,Mobile,Electronics,20.0,7.0,500.0,Electronics,No
2797,46-55,Male,5L-10L,Weekly,15000.0,No,<1,Mobile,Groceries,40.0,30.0,10000.0,Home & Furniture,Yes
2798,36-45,Male,<2L,Rarely,10000.0,Yes,<1,Mobile,Groceries,25.0,30.0,2000.0,Fashion,Yes
2799,55+,Male,10-20L,Quarterly,12000.0,No,5+,Mobile,Electronics,25.0,7.0,500.0,Books,No
2800,55+,Male,5-10L,Weekly,5000.0,No,<1,Mobile,Electronics,15.0,60.0,5000.0,Fashion,No
2801,55+,Male,<2L,Monthly,15000.0,No,3-5,Desktop,Fashion,30.0,30.0,5000.0,Home & Furniture,No
2802,36-45,Female,5-10L,Quarterly,7000.0,Yes,3-5,Desktop,Fashion,10.0,15.0,2000.0,Home & Furniture,Yes
2803,18-25,Male,>20L,Monthly,10000.0,No,5+,Mobile,Groceries,30.0,30.0,2000.0,Home & Furniture,Yes
2804,55+,Male,2-5L,Bi-weekly,10000.0,No,5+,Desktop,Fashion,50.0,60.0,1000.0,Fashion,No
2805,18-25,Male,<2L,Quarterly,10000.0,No,<1,Mobile,Fashion,20.0,7.0,5000.0,Electronics,No
2806,26-35,Female,<2,Quarterly,15000.0,Yes,3-5,Mobile,Electronics,30.0,30.0,1000.0,Groceries,No
2807,36-45,Male,2-5L,Rarely,20000.0,Yes,1-3,Desktop,Books,25.0,7.0,2000.0,Fashion,Yes
2808,55+,Male,5-10L,Weekly,3000.0,No,5+,Desktop,Home & Furniture,30.0,7.0,5000.0,Electronics,No
2809,26-35,Female,>20L,Weekly,5000.0,No,1-3,Desktop,Electronics,50.0,30.0,2000.0,Electronics,No
2810,26-35,Male,2-5L,Quarterly,10000.0,No,5+,Mobile,Electronics,25.0,30.0,1000.0,Electronics,No
2811,18-25,Male,<2L,Weekly,3000.0,Yes,3-5,Mobile,Electronics,40.0,30.0,500.0,Books,No
2812,55+,Male,>20L,Rarely,5000.0,Yes,<1,Desktop,Home & Furniture,10.0,30.0,2000.0,Electronics,Yes
2814,18-25,Male,5-10L,Weekly,10000.0,No,3-5,Both,Electronics,30.0,7.0,10000.0,Groceries,No
2815,18-25,Male,2-5L,Weekly,10000.0,Yes,<1,Mobile,Electronics,10.0,7.0,10000.0,Fashion,No
2816,46-55,Female,5L-10L,Weekly,5000.0,Yes,5+,Mobile,Electronics,30.0,30.0,1000.0,Electronics,No
2817,26-35,Male,<2,Weekly,10000.0,No,1-3,Mobile,Fashion,25.0,15.0,2000.0,Books,No
2818,46-55,Male,5-10L,Quarterly,7000.0,No,3-5,Mobile,Fashion,50.0,30.0,1000.0,Home & Furniture,No
2819,36-45,Male,5L-10L,Weekly,20000.0,No,<1,Mobile,Electronics,30.0,30.0,2000.0,Groceries,Yes
2821,26-35,Male,<2,Weekly,15000.0,Yes,3-5,Desktop,Books,30.0,7.0,500.0,Books,Yes
2823,18-25,Female,5L-10L,Weekly,10000.0,Yes,3-5,Desktop,Home & Furniture,15.0,30.0,2000.0,Fashion,No
2824,55+,Male,<2,Weekly,10000.0,No,5+,Mobile,Home & Furniture,30.0,60.0,500.0,Electronics,No
2825,55+,Male,5L-10L,Quarterly,5000.0,No,<1,Mobile,Electronics,10.0,7.0,2000.0,Groceries,No
2826,55+,Male,5-10L,Weekly,5000.0,No,3-5,Mobile,Books,10.0,30.0,5000.0,Electronics,Yes
2827,36-45,Male,10-20L,Weekly,5000.0,Yes,<1,Desktop,Books,30.0,15.0,1000.0,Home & Furniture,No
2829,55+,Male,<2,Quarterly,20000.0,No,5+,Mobile,Groceries,50.0,30.0,1000.0,Books,No
2830,55+,Male,5L-10L,Quarterly,3000.0,Yes,1-3,Desktop,Fashion,20.0,15.0,500.0,Electronics,Yes
2831,55+,Male,5-10L,Weekly,10000.0,No,<1,Mobile,Electronics,30.0,30.0,5000.0,Electronics,Yes
2832,55+,Male,2-5L,Quarterly,10000.0,Yes,1-3,Mobile,Books,60.0,7.0,2000.0,Home & Furniture,No
2833,36-45,Female,5L-10L,Weekly,7000.0,Yes,<1,Desktop,Home & Furniture,15.0,30.0,2000.0,Electronics,No
2834,55+,Male,10-20L,Rarely,10000.0,Yes,<1,Both,Groceries,30.0,30.0,2000.0,Electronics,Yes
2836,46-55,Male,>20L,Quarterly,10000.0,No,3-5,Mobile,Groceries,30.0,30.0,10000.0,Electronics,Yes
2838,26-35,Male,>20L,Weekly,10000.0,No,3-5,Desktop,Fashion,30.0,30.0,500.0,Home & Furniture,No
2839,36-45,Male,2-5L,Weekly,10000.0,Yes,3-5,Mobile,Electronics,50.0,15.0,2000.0,Books,No
2840,18-25,Male,5L-10L,Weekly,5000.0,No,3-5,Mobile,Electronics,40.0,7.0,2000.0,Electronics,Yes
2841,55+,Female,<2L,Quarterly,10000.0,Yes,3-5,Mobile,Fashion,30.0,30.0,2000.0,Groceries,No
2842,36-45,Male,2-5L,Monthly,7000.0,No,3-5,Desktop,Electronics,25.0,15.0,500.0,Fashion,No
2843,36-45,Male,>20L,Weekly,10000.0,Yes,<1,Mobile,Groceries,40.0,30.0,5000.0,Fashion,No
2845,26-35,Male,<2L,Weekly,7000.0,No,3-5,Mobile,Electronics,10.0,30.0,1000.0,Home & Furniture,Yes
2846,46-55,Male,2-5L,Weekly,12000.0,Yes,5+,Mobile,Electronics,40.0,7.0,2000.0,Groceries,No
2847,26-35,Female,>20L,Weekly,5000.0,No,3-5,Mobile,Electronics,60.0,30.0,1000.0,Groceries,No
2849,55+,Female,2-5L,Rarely,7000.0,No,1-3,Desktop,Electronics,20.0,15.0,5000.0,Fashion,Yes
2850,55+,Male,<2,Weekly,10000.0,Yes,3-5,Mobile,Books,50.0,15.0,500.0,Books,Yes
2851,36-45,Female,2-5L,Weekly,12000.0,Yes,<1,Mobile,Electronics,30.0,30.0,2000.0,Home & Furniture,No
2852,36-45,Female,5-10L,Bi-weekly,10000.0,No,<1,Desktop,Electronics,15.0,60.0,500.0,Books,No
2853,55+,Female,>20L,Weekly,3000.0,No,<1,Mobile,Electronics,30.0,7.0,5000.0,Home & Furniture,Yes
2854,36-45,Male,>20L,Weekly,10000.0,No,3-5,Mobile,Electronics,15.0,7.0,1000.0,Groceries,Yes
2855,55+,Female,<2L,Rarely,5000.0,Yes,<1,Mobile,Electronics,20.0,7.0,5000.0,Books,No
2856,55+,Male,<2L,Rarely,10000.0,Yes,<1,Mobile,Home & Furniture,40.0,60.0,2000.0,Home & Furniture,Yes
2858,36-45,Male,2-5L,Rarely,10000.0,Yes,<1,Desktop,Fashion,25.0,7.0,5000.0,Home & Furniture,Yes
2859,55+,Male,<2,Weekly,5000.0,No,3-5,Mobile,Books,20.0,60.0,500.0,Home & Furniture,No
2860,36-45,Male,5L-10L,Bi-weekly,3000.0,No,5+,Both,Fashion,15.0,15.0,2000.0,Groceries,Yes
2861,36-45,Male,5-10L,Weekly,5000.0,Yes,1-3,Mobile,Electronics,30.0,60.0,500.0,Electronics,Yes
2862,46-55,Male,5-10L,Rarely,10000.0,Yes,5+,Mobile,Electronics,10.0,30.0,5000.0,Books,Yes
2863,36-45,Male,10-20L,Weekly,15000.0,Yes,<1,Mobile,Electronics,40.0,60.0,1000.0,Electronics,No
2865,36-45,Female,10-20L,Rarely,20000.0,No,3-5,Mobile,Electronics,30.0,15.0,1000.0,Electronics,Yes
2866,18-25,Female,5L-10L,Rarely,5000.0,No,1-3,Mobile,Fashion,25.0,30.0,5000.0,Fashion,No
2867,36-45,Female,5-10L,Monthly,3000.0,No,5+,Mobile,Electronics,30.0,30.0,500.0,Electronics,Yes
2869,55+,Male,10-20L,Quarterly,10000.0,No,1-3,Mobile,Electronics,50.0,7.0,2000.0,Home & Furniture,Yes
2870,18-25,Male,2-5L,Weekly,5000.0,Yes,1-3,Mobile,Books,30.0,30.0,2000.0,Groceries,No
2871,55+,Male,5-10L,Weekly,3000.0,Yes,3-5,Mobile,Electronics,20.0,15.0,2000.0,Groceries,No
2873,18-25,Male,<2L,Quarterly,5000.0,No,3-5,Mobile,Electronics,20.0,7.0,2000.0,Groceries,No
2874,26-35,Female,5L-10L,Quarterly,20000.0,No,1-3,Mobile,Fashion,50.0,7.0,2000.0,Groceries,No
2875,18-25,Male,<2L,Weekly,15000.0,No,5+,Mobile,Electronics,20.0,7.0,1000.0,Home & Furniture,No
2876,26-35,Female,5-10L,Weekly,10000.0,No,1-3,Desktop,Home & Furniture,20.0,7.0,5000.0,Fashion,No
2877,55+,Male,<2L,Quarterly,10000.0,No,<1,Mobile,Electronics,25.0,30.0,500.0,Electronics,Yes
2878,36-45,Female,<2L,Monthly,3000.0,No,<1,Desktop,Books,30.0,15.0,10000.0,Home & Furniture,No
2879,55+,Male,5-10L,Quarterly,10000.0,No,<1,Mobile,Electronics,60.0,7.0,1000.0,Fashion,No
2880,18-25,Female,<2,Weekly,10000.0,Yes,<1,Mobile,Fashion,60.0,7.0,500.0,Fashion,No
2881,26-35,Male,<2L,Weekly,7000.0,Yes,5+,Mobile,Home & Furniture,10.0,15.0,1000.0,Home & Furniture,No
2882,18-25,Male,5-10L,Bi-weekly,3000.0,No,1-3,Mobile,Groceries,50.0,15.0,1000.0,Fashion,No
2883,46-55,Male,10-20L,Rarely,10000.0,No,3-5,Mobile,Electronics,25.0,60.0,1000.0,Home & Furniture,Yes
2884,36-45,Male,>20L,Weekly,10000.0,Yes,<1,Mobile,Fashion,30.0,7.0,2000.0,Home & Furniture,Yes
2885,46-55,Male,2-5L,Weekly,10000.0,Yes,3-5,Desktop,Groceries,15.0,15.0,2000.0,Fashion,Yes
2886,26-35,Male,5-10L,Bi-weekly,10000.0,Yes,3-5,Mobile,Groceries,15.0,7.0,5000.0,Electronics,No
2887,55+,Male,2-5L,Bi-weekly,5000.0,No,<1,Mobile,Electronics,30.0,30.0,5000.0,Home & Furniture,Yes
2888,55+,Female,2-5L,Weekly,5000.0,No,<1,Mobile,Books,40.0,7.0,5000.0,Fashion,Yes
2889,18-25,Male,2-5L,Rarely,10000.0,Yes,3-5,Mobile,Fashion,30.0,30.0,2000.0,Home & Furniture,No
2891,18-25,Female,<2L,Weekly,5000.0,Yes,3-5,Both,Home & Furniture,50.0,60.0,1000.0,Electronics,No
2892,55+,Male,5-10L,Weekly,10000.0,Yes,3-5,Mobile,Electronics,50.0,7.0,500.0,Electronics,No
2894,46-55,Male,<2,Weekly,5000.0,No,1-3,Desktop,Electronics,25.0,30.0,2000.0,Home & Furniture,Yes
2895,55+,Male,>20L,Rarely,10000.0,No,1-3,Mobile,Fashion,40.0,60.0,5000.0,Groceries,No
2896,55+,Male,10-20L,Weekly,5000.0,No,<1,Desktop,Electronics,30.0,30.0,500.0,Home & Furniture,No
2897,55+,Male,2-5L,Monthly,7000.0,No,5+,Mobile,Electronics,30.0,60.0,500.0,Electronics,No
2898,26-35,Male,5-10L,Bi-weekly,3000.0,No,1-3,Mobile,Fashion,20.0,7.0,500.0,Electronics,Yes
2900,36-45,Male,5-10L,Monthly,5000.0,No,<1,Mobile,Electronics,50.0,30.0,5000.0,Groceries,No
2902,55+,Male,5-10L,Rarely,7000.0,No,<1,Mobile,Fashion,30.0,60.0,1000.0,Home & Furniture,No
2903,18-25,Male,<2L,Quarterly,12000.0,Yes,1-3,Mobile,Electronics,60.0,60.0,2000.0,Home & Furniture,Yes
2904,55+,Female,5L-10L,Weekly,12000.0,No,<1,Mobile,Electronics,20.0,15.0,1000.0,Home & Furniture,Yes
2905,36-45,Female,<2,Bi-weekly,5000.0,No,5+,Mobile,Electronics,15.0,30.0,1000.0,Home & Furniture,No
2906,46-55,Male,<2L,Rarely,20000.0,No,1-3,Mobile,Fashion,25.0,7.0,1000.0,Fashion,No
2907,55+,Male,<2L,Rarely,10000.0,Yes,5+,Mobile,Fashion,40.0,60.0,10000.0,Home & Furniture,Yes
2909,55+,Male,>20L,Weekly,20000.0,No,1-3,Mobile,Electronics,25.0,30.0,500.0,Fashion,No
2910,46-55,Female,2-5L,Weekly,10000.0,No,<1,Desktop,Electronics,10.0,15.0,2000.0,Books,No
2911,55+,Male,2-5L,Rarely,3000.0,Yes,<1,Mobile,Electronics,25.0,30.0,2000.0,Electronics,No
2912,18-25,Male,5-10L,Monthly,15000.0,No,3-5,Desktop,Electronics,30.0,60.0,500.0,Home & Furniture,No
2915,36-45,Male,5-10L,Weekly,15000.0,Yes,1-3,Both,Books,20.0,30.0,2000.0,Home & Furniture,No
2917,26-35,Male,<2,Quarterly,10000.0,Yes,<1,Mobile,Books,30.0,30.0,2000.0,Fashion,No
2918,55+,Female,2-5L,Weekly,10000.0,Yes,5+,Mobile,Electronics,30.0,7.0,5000.0,Groceries,Yes
2919,18-25,Female,>20L,Quarterly,15000.0,Yes,5+,Mobile,Books,40.0,60.0,5000.0,Groceries,No
2920,55+,Male,5-10L,Weekly,10000.0,Yes,1-3,Mobile,Fashion,30.0,15.0,500.0,Electronics,Yes
2921,55+,Male,5-10L,Monthly,15000.0,No,3-5,Mobile,Fashion,20.0,30.0,2000.0,Groceries,No
2922,18-25,Female,<2,Bi-weekly,5000.0,No,3-5,Mobile,Fashion,25.0,60.0,1000.0,Fashion,No
2923,26-35,Female,5-10L,Quarterly,10000.0,No,3-5,Mobile,Home & Furniture,40.0,7.0,2000.0,Fashion,Yes
2927,55+,Female,<2L,Weekly,3000.0,Yes,<1,Mobile,Electronics,30.0,7.0,5000.0,Fashion,Yes
2928,46-55,Male,<2L,Quarterly,5000.0,Yes,3-5,Desktop,Electronics,50.0,30.0,5000.0,Fashion,Yes
2929,36-45,Male,5-10L,Rarely,10000.0,No,1-3,Mobile,Electronics,60.0,15.0,5000.0,Home & Furniture,No
2931,46-55,Male,2-5L,Rarely,10000.0,No,<1,Desktop,Home & Furniture,40.0,15.0,1000.0,Fashion,No
2932,55+,Male,2-5L,Rarely,10000.0,Yes,<1,Mobile,Electronics,40.0,7.0,500.0,Fashion,No
2935,55+,Male,5-10L,Monthly,10000.0,Yes,1-3,Both,Electronics,60.0,7.0,5000.0,Books,No
2936,36-45,Male,5-10L,Weekly,20000.0,No,<1,Mobile,Home & Furniture,15.0,15.0,1000.0,Fashion,No
2937,36-45,Female,<2L,Weekly,12000.0,No,1-3,Mobile,Fashion,25.0,60.0,1000.0,Electronics,Yes
2938,18-25,Male,>20L,Weekly,5000.0,Yes,<1,Mobile,Electronics,25.0,7.0,1000.0,Home & Furniture,No
2940,18-25,Male,5-10L,Quarterly,10000.0,No,5+,Mobile,Books,25.0,30.0,500.0,Fashion,Yes
2943,55+,Male,>20L,Bi-weekly,10000.0,No,5+,Desktop,Fashion,30.0,60.0,1000.0,Fashion,Yes
2944,26-35,Female,5-10L,Weekly,15000.0,No,5+,Mobile,Electronics,10.0,7.0,2000.0,Home & Furniture,Yes
2945,26-35,Male,2-5L,Quarterly,20000.0,Yes,<1,Mobile,Groceries,30.0,7.0,1000.0,Fashion,No
2946,36-45,Male,5-10L,Quarterly,5000.0,No,5+,Both,Electronics,20.0,60.0,5000.0,Books,No
2947,55+,Male,2-5L,Weekly,10000.0,No,1-3,Mobile,Electronics,20.0,15.0,500.0,Groceries,No
2948,55+,Male,>20L,Quarterly,5000.0,No,<1,Both,Electronics,30.0,30.0,1000.0,Electronics,Yes
2949,55+,Male,5L-10L,Weekly,10000.0,Yes,<1,Mobile,Home & Furniture,20.0,30.0,1000.0,Electronics,Yes
2950,55+,Male,2-5L,Monthly,3000.0,No,1-3,Mobile,Fashion,30.0,60.0,5000.0,Electronics,Yes
2952,55+,Female,5L-10L,Weekly,10000.0,No,1-3,Desktop,Electronics,30.0,30.0,2000.0,Home & Furniture,Yes
2954,55+,Male,<2L,Weekly,3000.0,Yes,<1,Mobile,Electronics,30.0,7.0,2000.0,Home & Furniture,No
2955,46-55,Male,2-5L,Weekly,10000.0,Yes,<1,Desktop,Fashion,30.0,30.0,1000.0,Fashion,Yes
2956,36-45,Male,10-20L,Weekly,10000.0,No,5+,Mobile,Electronics,20.0,7.0,1000.0,Books,No
2958,18-25,Male,<2,Bi-weekly,10000.0,Yes,5+,Both,Fashion,40.0,15.0,2000.0,Fashion,No
2959,26-35,Male,>20L,Quarterly,10000.0,Yes,1-3,Mobile,Electronics,40.0,15.0,500.0,Fashion,No
2960,55+,Male,10-20L,Weekly,5000.0,Yes,1-3,Mobile,Books,30.0,30.0,2000.0,Home & Furniture,Yes
2961,55+,Male,10-20L,Bi-weekly,5000.0,No,3-5,Mobile,Electronics,30.0,60.0,500.0,Home & Furniture,Yes
2962,55+,Female,<2,Weekly,5000.0,Yes,<1,Both,Electronics,15.0,7.0,5000.0,Electronics,No
2963,18-25,Male,5-10L,Weekly,5000.0,No,<1,Desktop,Home & Furniture,50.0,30.0,2000.0,Groceries,Yes
2964,46-55,Male,5-10L,Bi-weekly,12000.0,No,3-5,Both,Books,25.0,60.0,2000.0,Electronics,No
2965,26-35,Male,5L-10L,Weekly,5000.0,Yes,1-3,Desktop,Electronics,20.0,30.0,1000.0,Groceries,Yes
2966,46-55,Female,<2L,Quarterly,10000.0,No,3-5,Desktop,Electronics,25.0,7.0,1000.0,Home & Furniture,No
2967,36-45,Male,5-10L,Quarterly,3000.0,No,5+,Mobile,Electronics,30.0,15.0,5000.0,Fashion,Yes
2968,26-35,Female,5L-10L,Quarterly,3000.0,Yes,5+,Mobile,Electronics,20.0,7.0,10000.0,Groceries,Yes
2969,46-55,Male,2-5L,Weekly,5000.0,No,<1,Mobile,Home & Furniture,30.0,15.0,2000.0,Electronics,No
2970,26-35,Male,5-10L,Quarterly,5000.0,Yes,3-5,Mobile,Books,20.0,30.0,1000.0,Home & Furniture,No
2971,36-45,Female,2-5L,Weekly,5000.0,Yes,1-3,Both,Groceries,20.0,30.0,1000.0,Books,No
2972,55+,Female,<2,Weekly,15000.0,Yes,1-3,Mobile,Fashion,30.0,30.0,500.0,Fashion,Yes
2973,18-25,Male,>20L,Quarterly,5000.0,No,1-3,Mobile,Home & Furniture,40.0,60.0,1000.0,Groceries,Yes
2974,55+,Male,5-10L,Weekly,7000.0,No,1-3,Mobile,Electronics,30.0,7.0,5000.0,Books,No
2976,55+,Male,5-10L,Weekly,10000.0,No,5+,Both,Electronics,15.0,7.0,1000.0,Fashion,Yes
2977,46-55,Female,>20L,Quarterly,10000.0,No,3-5,Mobile,Fashion,30.0,7.0,500.0,Electronics,Yes
2978,55+,Female,>20L,Quarterly,12000.0,Yes,5+,Desktop,Electronics,25.0,30.0,1000.0,Home & Furniture,Yes
2979,55+,Male,>20L,Bi-weekly,5000.0,Yes,1-3,Mobile,Electronics,20.0,7.0,500.0,Electronics,Yes
2980,55+,Female,5-10L,Weekly,3000.0,No,<1,Mobile,Fashion,10.0,15.0,2000.0,Home & Furniture,No
2983,18-25,Female,<2,Weekly,5000.0,No,3-5,Desktop,Groceries,30.0,60.0,1000.0,Home & Furniture,No
2984,46-55,Female,10-20L,Weekly,7000.0,No,1-3,Desktop,Fashion,30.0,15.0,2000.0,Fashion,No
2985,55+,Female,2-5L,Weekly,3000.0,No,3-5,Mobile,Fashion,20.0,60.0,500.0,Electronics,No
2986,55+,Female,5-10L,Monthly,15000.0,No,1-3,Mobile,Electronics,30.0,30.0,2000.0,Home & Furniture,Yes
2987,55+,Male,5-10L,Bi-weekly,15000.0,Yes,<1,Mobile,Groceries,30.0,7.0,2000.0,Electronics,No
2988,55+,Male,<2,Rarely,15000.0,No,3-5,Mobile,Books,60.0,30.0,10000.0,Fashion,No
2993,36-45,Male,>20L,Weekly,10000.0,No,<1,Mobile,Electronics,50.0,60.0,2000.0,Home & Furniture,No
2994,46-55,Female,<2,Quarterly,12000.0,No,1-3,Both,Home & Furniture,25.0,30.0,1000.0,Home & Furniture,Yes
2995,46-55,Male,>20L,Weekly,7000.0,No,1-3,Both,Electronics,50.0,7.0,2000.0,Electronics,No
2996,55+,Female,>20L,Quarterly,10000.0,No,<1,Desktop,Home & Furniture,20.0,30.0,1000.0,Groceries,No
2997,46-55,Female,<2,Weekly,10000.0,No,1-3,Desktop,Home & Furniture,25.0,7.0,5000.0,Fashion,Yes
2999,55+,Male,5L-10L,Weekly,3000.0,No,1-3,Mobile,Home & Furniture,20.0,15.0,1000.0,Home & Furniture,No
3000,18-25,Male,<2,Quarterly,7000.0,No,5+,Mobile,Fashion,20.0,30.0,500.0,Electronics,No
3001,55+,Female,<2,Weekly,10000.0,No,5+,Both,Fashion,40.0,15.0,1000.0,Groceries,No
3002,46-55,Female,2-5L,Rarely,10000.0,No,5+,Mobile,Fashion,30.0,30.0,2000.0,Home & Furniture,Yes
3003,26-35,Male,5-10L,Quarterly,12000.0,Yes,1-3,Desktop,Books,25.0,7.0,1000.0,Groceries,No
3004,55+,Male,5-10L,Rarely,10000.0,No,3-5,Mobile,Books,50.0,60.0,500.0,Fashion,No
3005,18-25,Male,<2L,Monthly,5000.0,Yes,3-5,Mobile,Groceries,30.0,30.0,500.0,Home & Furniture,No
3007,46-55,Female,5-10L,Rarely,5000.0,No,1-3,Mobile,Electronics,50.0,7.0,500.0,Home & Furniture,No
3008,18-25,Male,10-20L,Weekly,15000.0,Yes,3-5,Mobile,Electronics,25.0,7.0,2000.0,Groceries,No
3009,18-25,Female,5-10L,Weekly,7000.0,No,1-3,Both,Fashion,15.0,30.0,5000.0,Home & Furniture,Yes
3010,55+,Female,<2,Rarely,15000.0,No,1-3,Mobile,Electronics,50.0,7.0,1000.0,Fashion,No
3012,55+,Male,2-5L,Rarely,10000.0,Yes,5+,Desktop,Books,60.0,30.0,1000.0,Electronics,Yes
3013,55+,Male,2-5L,Weekly,7000.0,No,5+,Desktop,Home & Furniture,30.0,30.0,5000.0,Groceries,Yes
3014,55+,Female,5L-10L,Weekly,5000.0,Yes,3-5,Desktop,Electronics,15.0,30.0,2000.0,Groceries,No
3015,26-35,Male,5L-10L,Rarely,10000.0,No,1-3,Mobile,Home & Furniture,20.0,30.0,500.0,Home & Furniture,No
3016,55+,Female,5-10L,Monthly,5000.0,Yes,5+,Mobile,Electronics,40.0,30.0,5000.0,Fashion,No
3017,55+,Male,2-5L,Quarterly,5000.0,No,1-3,Mobile,Home & Furniture,30.0,60.0,1000.0,Fashion,No
3018,55+,Male,>20L,Rarely,7000.0,No,<1,Desktop,Electronics,30.0,30.0,500.0,Groceries,No
3020,26-35,Female,5-10L,Quarterly,7000.0,Yes,1-3,Mobile,Books,30.0,7.0,1000.0,Fashion,Yes
3021,36-45,Male,5L-10L,Weekly,10000.0,No,1-3,Mobile,Home & Furniture,50.0,7.0,2000.0,Fashion,No
3022,55+,Female,10-20L,Rarely,3000.0,Yes,<1,Mobile,Fashion,20.0,7.0,1000.0,Fashion,Yes
3023,55+,Male,2-5L,Quarterly,5000.0,Yes,1-3,Mobile,Electronics,25.0,7.0,5000.0,Home & Furniture,No
3024,55+,Male,5L-10L,Weekly,7000.0,No,5+,Mobile,Electronics,40.0,15.0,10000.0,Electronics,No
3025,36-45,Male,<2L,Quarterly,10000.0,Yes,3-5,Mobile,Electronics,20.0,7.0,1000.0,Groceries,Yes
3026,18-25,Male,<2L,Rarely,10000.0,Yes,1-3,Mobile,Groceries,25.0,30.0,500.0,Groceries,No
3028,55+,Male,>20L,Quarterly,10000.0,No,3-5,Mobile,Fashion,30.0,15.0,1000.0,Fashion,No
3030,55+,Male,2-5L,Quarterly,5000.0,Yes,5+,Mobile,Fashion,20.0,30.0,2000.0,Groceries,No
3032,18-25,Male,5-10L,Quarterly,10000.0,Yes,1-3,Mobile,Electronics,25.0,15.0,5000.0,Electronics,No
3034,55+,Male,>20L,Weekly,5000.0,Yes,3-5,Mobile,Fashion,20.0,15.0,5000.0,Home & Furniture,Yes
3035,55+,Male,2-5L,Quarterly,7000.0,Yes,3-5,Mobile,Fashion,25.0,15.0,1000.0,Home & Furniture,No
3036,55+,Male,2-5L,Weekly,10000.0,No,1-3,Mobile,Electronics,40.0,7.0,5000.0,Home & Furniture,No
3037,46-55,Female,5-10L,Bi-weekly,10000.0,Yes,5+,Mobile,Groceries,20.0,60.0,2000.0,Electronics,No
3038,18-25,Female,5L-10L,Weekly,12000.0,No,1-3,Both,Groceries,30.0,30.0,500.0,Fashion,No
3039,26-35,Male,<2L,Weekly,3000.0,Yes,3-5,Both,Home & Furniture,40.0,7.0,1000.0,Fashion,No
3040,46-55,Female,2-5L,Weekly,12000.0,Yes,3-5,Mobile,Home & Furniture,20.0,60.0,1000.0,Groceries,Yes
3041,36-45,Male,5L-10L,Rarely,15000.0,Yes,3-5,Mobile,Books,40.0,60.0,1000.0,Groceries,Yes
3042,55+,Female,5L-10L,Weekly,15000.0,No,3-5,Mobile,Electronics,30.0,30.0,1000.0,Fashion,No
3043,55+,Male,5-10L,Quarterly,3000.0,No,<1,Mobile,Fashion,20.0,30.0,2000.0,Electronics,Yes
3044,36-45,Female,<2L,Quarterly,15000.0,Yes,5+,Mobile,Books,30.0,30.0,5000.0,Electronics,Yes
3046,55+,Female,5-10L,Weekly,5000.0,Yes,3-5,Mobile,Books,30.0,60.0,1000.0,Fashion,Yes
3047,36-45,Male,<2,Weekly,10000.0,Yes,3-5,Desktop,Fashion,50.0,15.0,500.0,Electronics,Yes
3048,46-55,Male,5-10L,Quarterly,5000.0,No,1-3,Mobile,Books,40.0,15.0,5000.0,Electronics,No
3049,55+,Male,>20L,Rarely,5000.0,No,1-3,Mobile,Home & Furniture,40.0,30.0,1000.0,Home & Furniture,No
3050,26-35,Male,2-5L,Weekly,5000.0,Yes,3-5,Mobile,Books,30.0,30.0,2000.0,Books,Yes
3051,55+,Female,>20L,Weekly,10000.0,No,5+,Mobile,Home & Furniture,60.0,30.0,500.0,Fashion,No
3052,18-25,Male,5-10L,Rarely,10000.0,Yes,1-3,Mobile,Books,15.0,30.0,1000.0,Home & Furniture,No
3053,46-55,Male,5L-10L,Quarterly,10000.0,No,<1,Mobile,Electronics,20.0,30.0,1000.0,Fashion,Yes
3055,46-55,Male,2-5L,Weekly,5000.0,No,<1,Mobile,Electronics,30.0,7.0,2000.0,Home & Furniture,Yes
3056,36-45,Male,<2,Weekly,10000.0,No,1-3,Both,Groceries,25.0,15.0,2000.0,Home & Furniture,Yes
3057,55+,Male,5-10L,Rarely,10000.0,No,5+,Mobile,Books,30.0,30.0,500.0,Fashion,No
3058,18-25,Male,<2L,Monthly,3000.0,Yes,5+,Mobile,Fashion,60.0,30.0,2000.0,Home & Furniture,No
3059,55+,Male,>20L,Weekly,20000.0,No,3-5,Mobile,Electronics,20.0,30.0,2000.0,Electronics,Yes
3060,26-35,Female,5-10L,Weekly,10000.0,No,3-5,Desktop,Fashion,20.0,30.0,5000.0,Home & Furniture,Yes
3061,46-55,Female,2-5L,Weekly,10000.0,Yes,1-3,Mobile,Electronics,15.0,30.0,500.0,Fashion,No
3062,36-45,Male,5-10L,Quarterly,10000.0,No,3-5,Both,Electronics,10.0,30.0,1000.0,Groceries,No
3063,26-35,Male,<2,Weekly,10000.0,No,1-3,Desktop,Electronics,60.0,60.0,1000.0,Home & Furniture,No
3064,55+,Male,<2,Weekly,10000.0,Yes,5+,Desktop,Home & Furniture,40.0,15.0,500.0,Electronics,No
3065,36-45,Male,5-10L,Weekly,12000.0,No,3-5,Mobile,Electronics,30.0,15.0,2000.0,Books,No
3067,36-45,Male,5L-10L,Quarterly,5000.0,No,<1,Mobile,Electronics,30.0,7.0,2000.0,Home & Furniture,No
3068,26-35,Female,5-10L,Monthly,5000.0,No,5+,Mobile,Groceries,30.0,7.0,10000.0,Fashion,No
3069,55+,Male,2-5L,Rarely,10000.0,No,<1,Mobile,Electronics,20.0,15.0,500.0,Fashion,No
3070,36-45,Female,<2,Weekly,5000.0,No,5+,Mobile,Home & Furniture,30.0,7.0,1000.0,Electronics,No
3071,55+,Male,5-10L,Weekly,5000.0,No,1-3,Mobile,Home & Furniture,50.0,15.0,1000.0,Home & Furniture,Yes
3073,55+,Female,5-10L,Quarterly,10000.0,No,3-5,Mobile,Electronics,15.0,15.0,1000.0,Groceries,Yes
3074,55+,Female,5L-10L,Quarterly,15000.0,Yes,1-3,Both,Home & Furniture,50.0,15.0,1000.0,Fashion,No
3075,55+,Male,2-5L,Bi-weekly,10000.0,No,<1,Mobile,Fashion,10.0,15.0,2000.0,Fashion,Yes
3076,55+,Female,5-10L,Weekly,5000.0,No,3-5,Mobile,Electronics,50.0,30.0,5000.0,Groceries,Yes
3078,46-55,Female,10-20L,Rarely,20000.0,Yes,<1,Mobile,Groceries,30.0,7.0,500.0,Home & Furniture,No
3079,46-55,Female,>20L,Quarterly,10000.0,No,5+,Mobile,Fashion,30.0,30.0,1000.0,Home & Furniture,No
3080,26-35,Male,5-10L,Weekly,10000.0,No,3-5,Mobile,Electronics,40.0,30.0,500.0,Electronics,Yes
3081,26-35,Male,10-20L,Weekly,10000.0,Yes,1-3,Mobile,Fashion,40.0,30.0,2000.0,Groceries,Yes
3082,18-25,Male,5-10L,Weekly,12000.0,No,3-5,Mobile,Electronics,20.0,60.0,2000.0,Fashion,Yes
3083,46-55,Female,5-10L,Rarely,15000.0,Yes,<1,Mobile,Electronics,40.0,15.0,1000.0,Home & Furniture,No
3084,55+,Male,5-10L,Quarterly,10000.0,No,3-5,Mobile,Electronics,40.0,7.0,10000.0,Electronics,Yes
3085,55+,Female,5L-10L,Quarterly,10000.0,Yes,1-3,Mobile,Fashion,30.0,30.0,1000.0,Books,No
3086,36-45,Male,5-10L,Weekly,5000.0,Yes,1-3,Mobile,Electronics,50.0,60.0,1000.0,Electronics,No
3087,26-35,Male,5-10L,Weekly,5000.0,No,<1,Mobile,Fashion,25.0,30.0,500.0,Electronics,Yes
3088,36-45,Male,10-20L,Bi-weekly,5000.0,No,3-5,Mobile,Fashion,30.0,30.0,500.0,Home & Furniture,No
3089,46-55,Male,<2L,Monthly,10000.0,Yes,5+,Mobile,Electronics,40.0,15.0,500.0,Fashion,No
3093,55+,Male,>20L,Weekly,10000.0,No,1-3,Mobile,Electronics,50.0,30.0,500.0,Fashion,No
3095,55+,Male,<2L,Quarterly,7000.0,No,5+,Desktop,Home & Furniture,10.0,30.0,1000.0,Electronics,No
3096,18-25,Male,<2,Weekly,12000.0,Yes,1-3,Mobile,Electronics,40.0,7.0,5000.0,Electronics,Yes
3097,18-25,Male,2-5L,Quarterly,5000.0,No,1-3,Mobile,Electronics,20.0,15.0,500.0,Home & Furniture,Yes
3098,36-45,Female,5-10L,Weekly,10000.0,Yes,1-3,Desktop,Groceries,40.0,15.0,2000.0,Groceries,No
3099,26-35,Female,2-5L,Quarterly,10000.0,Yes,3-5,Mobile,Books,20.0,60.0,5000.0,Home & Furniture,No
3100,26-35,Male,5-10L,Bi-weekly,10000.0,No,<1,Mobile,Books,15.0,60.0,1000.0,Electronics,No
3101,55+,Female,<2,Weekly,5000.0,Yes,1-3,Mobile,Home & Furniture,40.0,60.0,1000.0,Home & Furniture,No
3102,26-35,Female,<2,Rarely,5000.0,No,<1,Mobile,Electronics,25.0,7.0,10000.0,Electronics,No
3103,55+,Male,10-20L,Quarterly,3000.0,No,3-5,Mobile,Groceries,10.0,30.0,2000.0,Fashion,Yes
3104,55+,Male,5L-10L,Weekly,10000.0,No,<1,Mobile,Electronics,60.0,30.0,2000.0,Groceries,Yes
3105,46-55,Male,10-20L,Weekly,5000.0,No,1-3,Both,Electronics,30.0,7.0,2000.0,Electronics,No
3106,55+,Male,<2L,Rarely,10000.0,No,5+,Mobile,Electronics,30.0,30.0,500.0,Fashion,No
3107,36-45,Male,2-5L,Rarely,10000.0,No,5+,Mobile,Fashion,25.0,7.0,5000.0,Groceries,Yes
3109,26-35,Male,5-10L,Weekly,12000.0,Yes,<1,Mobile,Books,30.0,60.0,10000.0,Electronics,No
3110,55+,Male,5-10L,Weekly,10000.0,Yes,5+,Desktop,Fashion,10.0,30.0,1000.0,Home & Furniture,Yes
3111,26-35,Male,2-5L,Monthly,5000.0,Yes,<1,Desktop,Electronics,30.0,15.0,1000.0,Fashion,Yes
3112,26-35,Male,2-5L,Quarterly,5000.0,No,5+,Mobile,Groceries,30.0,15.0,5000.0,Fashion,No
3113,55+,Male,<2,Weekly,12000.0,Yes,5+,Mobile,Electronics,30.0,30.0,5000.0,Electronics,Yes
3115,36-45,Male,5-10L,Weekly,5000.0,Yes,<1,Both,Fashion,40.0,7.0,10000.0,Home & Furniture,Yes
3116,46-55,Male,10-20L,Quarterly,10000.0,Yes,5+,Mobile,Electronics,50.0,30.0,500.0,Fashion,No
3117,26-35,Male,<2L,Weekly,5000.0,No,3-5,Desktop,Electronics,10.0,7.0,1000.0,Fashion,No
3118,55+,Male,2-5L,Monthly,7000.0,Yes,3-5,Mobile,Fashion,10.0,30.0,2000.0,Groceries,No
3119,26-35,Male,2-5L,Weekly,10000.0,No,3-5,Mobile,Electronics,15.0,7.0,500.0,Fashion,No
3121,26-35,Male,5L-10L,Quarterly,12000.0,No,<1,Mobile,Fashion,60.0,30.0,2000.0,Fashion,Yes
3122,36-45,Male,2-5L,Quarterly,10000.0,No,3-5,Mobile,Electronics,20.0,60.0,500.0,Home & Furniture,Yes
3123,36-45,Male,5-10L,Quarterly,10000.0,Yes,3-5,Mobile,Groceries,50.0,15.0,500.0,Fashion,No
3125,26-35,Male,5L-10L,Weekly,10000.0,Yes,<1,Mobile,Fashion,30.0,7.0,2000.0,Fashion,No
3126,55+,Male,5-10L,Weekly,7000.0,No,3-5,Mobile,Fashion,10.0,30.0,5000.0,Home & Furniture,Yes
3127,46-55,Male,>20L,Rarely,10000.0,No,<1,Mobile,Electronics,30.0,30.0,10000.0,Fashion,No
3128,55+,Female,2-5L,Weekly,10000.0,No,1-3,Both,Fashion,30.0,30.0,1000.0,Electronics,Yes
3129,55+,Male,2-5L,Quarterly,10000.0,Yes,<1,Both,Home & Furniture,30.0,60.0,1000.0,Home & Furniture,No
3130,55+,Female,10-20L,Weekly,10000.0,No,1-3,Desktop,Fashion,20.0,60.0,500.0,Home & Furniture,No
3131,36-45,Male,<2,Quarterly,7000.0,No,1-3,Mobile,Books,25.0,30.0,1000.0,Groceries,No
3133,18-25,Male,<2,Weekly,10000.0,No,3-5,Mobile,Books,25.0,30.0,500.0,Electronics,Yes
3135,55+,Male,10-20L,Quarterly,15000.0,Yes,5+,Mobile,Electronics,10.0,60.0,500.0,Home & Furniture,Yes
3136,55+,Female,>20L,Rarely,10000.0,Yes,3-5,Mobile,Electronics,30.0,60.0,5000.0,Home & Furniture,No
3138,18-25,Female,2-5L,Bi-weekly,15000.0,No,<1,Both,Home & Furniture,30.0,7.0,2000.0,Electronics,Yes
3139,55+,Male,5-10L,Weekly,5000.0,Yes,1-3,Mobile,Electronics,10.0,60.0,1000.0,Electronics,Yes
3140,36-45,Male,10-20L,Quarterly,7000.0,No,<1,Mobile,Groceries,10.0,15.0,1000.0,Books,No
3141,26-35,Male,2-5L,Weekly,5000.0,Yes,1-3,Both,Books,30.0,15.0,1000.0,Home & Furniture,No
3143,55+,Male,5L-10L,Weekly,10000.0,No,1-3,Desktop,Fashion,30.0,7.0,500.0,Fashion,No
3144,18-25,Male,2-5L,Monthly,10000.0,No,3-5,Both,Electronics,50.0,30.0,1000.0,Electronics,Yes
3145,55+,Male,5-10L,Rarely,5000.0,No,3-5,Desktop,Electronics,15.0,7.0,500.0,Home & Furniture,No
3147,55+,Male,5-10L,Bi-weekly,5000.0,No,5+,Desktop,Electronics,30.0,7.0,10000.0,Home & Furniture,Yes
3149,55+,Male,<2L,Quarterly,10000.0,Yes,<1,Desktop,Home & Furniture,30.0,7.0,1000.0,Groceries,No
3150,26-35,Male,2-5L,Weekly,15000.0,No,3-5,Mobile,Home & Furniture,50.0,7.0,2000.0,Groceries,No
3151,18-25,Male,>20L,Quarterly,15000.0,No,5+,Mobile,Electronics,30.0,15.0,2000.0,Electronics,Yes
3152,46-55,Male,2-5L,Weekly,15000.0,No,3-5,Desktop,Fashion,20.0,60.0,5000.0,Home & Furniture,No
3153,36-45,Male,>20L,Monthly,20000.0,No,3-5,Mobile,Electronics,60.0,15.0,1000.0,Groceries,No
3155,26-35,Male,<2,Weekly,10000.0,No,3-5,Mobile,Electronics,20.0,7.0,2000.0,Home & Furniture,No
3156,36-45,Male,>20L,Bi-weekly,10000.0,Yes,3-5,Mobile,Fashion,30.0,7.0,2000.0,Groceries,Yes
3157,18-25,Female,<2,Quarterly,12000.0,No,1-3,Mobile,Electronics,30.0,7.0,2000.0,Home & Furniture,No
3158,18-25,Male,5-10L,Weekly,10000.0,No,<1,Desktop,Groceries,20.0,7.0,500.0,Home & Furniture,No
3159,55+,Male,10-20L,Quarterly,20000.0,No,1-3,Mobile,Electronics,40.0,60.0,500.0,Electronics,Yes
3160,36-45,Female,5-10L,Weekly,10000.0,No,1-3,Mobile,Fashion,25.0,15.0,2000.0,Home & Furniture,No
3161,55+,Male,5L-10L,Weekly,5000.0,Yes,3-5,Desktop,Electronics,25.0,30.0,2000.0,Electronics,No
3162,55+,Female,5-10L,Quarterly,5000.0,Yes,3-5,Mobile,Fashion,50.0,15.0,2000.0,Fashion,No
3163,18-25,Female,5-10L,Bi-weekly,5000.0,No,3-5,Both,Home & Furniture,40.0,30.0,1000.0,Home & Furniture,No
3164,55+,Female,2-5L,Quarterly,10000.0,No,3-5,Mobile,Home & Furniture,20.0,30.0,1000.0,Electronics,Yes
3165,46-55,Male,10-20L,Weekly,10000.0,No,3-5,Mobile,Books,15.0,7.0,1000.0,Home & Furniture,Yes
3166,55+,Female,5L-10L,Quarterly,5000.0,Yes,<1,Desktop,Electronics,25.0,60.0,500.0,Books,Yes
3167,18-25,Male,<2,Weekly,5000.0,Yes,3-5,Both,Books,30.0,30.0,500.0,Fashion,No
3170,46-55,Male,2-5L,Quarterly,5000.0,Yes,1-3,Desktop,Electronics,20.0,7.0,1000.0,Groceries,No
3171,55+,Male,<2L,Rarely,3000.0,No,1-3,Mobile,Electronics,15.0,15.0,5000.0,Electronics,Yes
3172,55+,Male,2-5L,Rarely,10000.0,No,1-3,Mobile,Groceries,15.0,7.0,5000.0,Electronics,Yes
3173,55+,Male,5L-10L,Weekly,3000.0,Yes,<1,Desktop,Electronics,15.0,30.0,500.0,Groceries,No
3174,55+,Male,<2,Weekly,10000.0,Yes,<1,Mobile,Electronics,20.0,30.0,1000.0,Home & Furniture,Yes
3175,55+,Female,2-5L,Quarterly,15000.0,No,3-5,Desktop,Groceries,30.0,7.0,1000.0,Electronics,No
3176,18-25,Male,<2L,Weekly,10000.0,No,3-5,Mobile,Books,30.0,30.0,5000.0,Groceries,Yes
3177,55+,Female,2-5L,Monthly,15000.0,No,3-5,Both,Home & Furniture,30.0,60.0,1000.0,Fashion,No
3178,55+,Male,5-10L,Quarterly,10000.0,Yes,3-5,Mobile,Electronics,15.0,30.0,5000.0,Fashion,No
3179,55+,Female,2-5L,Weekly,5000.0,Yes,1-3,Mobile,Home & Furniture,50.0,30.0,5000.0,Books,No
3180,46-55,Male,2-5L,Rarely,5000.0,Yes,1-3,Mobile,Books,40.0,7.0,1000.0,Home & Furniture,No
3181,55+,Female,2-5L,Weekly,5000.0,Yes,<1,Mobile,Electronics,25.0,30.0,2000.0,Groceries,No
3182,26-35,Male,<2L,Quarterly,5000.0,No,5+,Mobile,Fashion,25.0,60.0,500.0,Fashion,Yes
3183,36-45,Male,<2,Rarely,5000.0,No,<1,Both,Fashion,20.0,60.0,2000.0,Fashion,No
3184,55+,Female,>20L,Rarely,15000.0,No,1-3,Mobile,Fashion,25.0,30.0,1000.0,Home & Furniture,Yes
3185,18-25,Male,10-20L,Weekly,5000.0,No,1-3,Mobile,Electronics,30.0,30.0,500.0,Groceries,No
3186,18-25,Male,5L-10L,Quarterly,15000.0,No,3-5,Mobile,Fashion,25.0,60.0,1000.0,Fashion,No
3187,55+,Female,5-10L,Monthly,10000.0,No,<1,Both,Electronics,15.0,7.0,2000.0,Groceries,No
3189,18-25,Female,5L-10L,Quarterly,10000.0,No,3-5,Both,Books,50.0,7.0,500.0,Home & Furniture,Yes
3191,26-35,Female,2-5L,Weekly,20000.0,Yes,<1,Mobile,Fashion,50.0,30.0,1000.0,Fashion,No
3192,18-25,Male,10-20L,Quarterly,3000.0,Yes,1-3,Mobile,Electronics,30.0,30.0,1000.0,Home & Furniture,No
3193,46-55,Male,<2,Weekly,7000.0,No,3-5,Desktop,Electronics,40.0,30.0,500.0,Home & Furniture,No
3194,55+,Female,5L-10L,Weekly,5000.0,No,<1,Mobile,Fashion,25.0,60.0,500.0,Groceries,No
3195,46-55,Male,5L-10L,Rarely,10000.0,Yes,3-5,Desktop,Electronics,15.0,60.0,1000.0,Groceries,Yes
3196,36-45,Male,5-10L,Weekly,5000.0,No,<1,Both,Home & Furniture,25.0,60.0,1000.0,Home & Furniture,Yes
3197,46-55,Male,<2,Quarterly,10000.0,No,<1,Both,Electronics,30.0,7.0,1000.0,Electronics,Yes
3198,18-25,Male,5L-10L,Rarely,3000.0,Yes,<1,Mobile,Home & Furniture,30.0,7.0,500.0,Fashion,No
3199,18-25,Female,2-5L,Weekly,15000.0,No,1-3,Mobile,Electronics,50.0,30.0,500.0,Fashion,No
3200,55+,Male,5-10L,Weekly,12000.0,Yes,<1,Mobile,Electronics,15.0,7.0,1000.0,Fashion,No
3201,55+,Female,5-10L,Quarterly,7000.0,No,5+,Mobile,Electronics,40.0,7.0,500.0,Home & Furniture,No
3202,55+,Female,<2,Quarterly,7000.0,Yes,<1,Desktop,Electronics,30.0,30.0,2000.0,Electronics,No
3203,55+,Male,<2,Bi-weekly,10000.0,Yes,3-5,Mobile,Electronics,30.0,60.0,1000.0,Home & Furniture,Yes
3204,46-55,Male,5L-10L,Quarterly,3000.0,No,<1,Mobile,Electronics,20.0,15.0,5000.0,Groceries,No
3205,55+,Male,2-5L,Weekly,7000.0,No,1-3,Desktop,Electronics,30.0,30.0,1000.0,Home & Furniture,Yes
3206,36-45,Male,<2L,Weekly,5000.0,No,3-5,Mobile,Home & Furniture,30.0,60.0,1000.0,Books,Yes
3208,18-25,Male,10-20L,Monthly,10000.0,No,3-5,Mobile,Electronics,30.0,30.0,5000.0,Home & Furniture,No
3209,18-25,Female,<2L,Weekly,5000.0,Yes,3-5,Mobile,Electronics,30.0,60.0,500.0,Groceries,Yes
3210,18-25,Male,<2,Bi-weekly,5000.0,Yes,5+,Desktop,Electronics,20.0,7.0,2000.0,Fashion,No
3211,55+,Male,2-5L,Quarterly,10000.0,No,3-5,Desktop,Books,30.0,15.0,500.0,Home & Furniture,No
3212,55+,Male,5-10L,Monthly,10000.0,No,3-5,Mobile,Fashion,30.0,15.0,2000.0,Electronics,No
3213,55+,Female,5-10L,Weekly,5000.0,No,5+,Mobile,Electronics,40.0,7.0,2000.0,Books,Yes
3214,46-55,Male,5L-10L,Bi-weekly,3000.0,No,<1,Desktop,Fashion,15.0,7.0,2000.0,Electronics,No
3215,55+,Male,5-10L,Monthly,3000.0,Yes,3-5,Desktop,Fashion,60.0,60.0,2000.0,Electronics,No
3216,55+,Female,5L-10L,Weekly,10000.0,No,1-3,Both,Fashion,50.0,7.0,1000.0,Books,No
3217,36-45,Male,2-5L,Rarely,7000.0,No,1-3,Mobile,Electronics,30.0,30.0,5000.0,Fashion,No
3218,18-25,Male,>20L,Weekly,12000.0,No,3-5,Both,Electronics,40.0,30.0,1000.0,Home & Furniture,No
3219,26-35,Male,2-5L,Weekly,10000.0,No,1-3,Mobile,Home & Furniture,60.0,30.0,2000.0,Fashion,No
3220,36-45,Male,5-10L,Quarterly,15000.0,No,3-5,Mobile,Fashion,30.0,60.0,1000.0,Fashion,No
3221,26-35,Male,>20L,Weekly,5000.0,Yes,3-5,Desktop,Groceries,40.0,7.0,2000.0,Home & Furniture,No
3223,55+,Female,>20L,Weekly,15000.0,No,5+,Mobile,Groceries,30.0,7.0,1000.0,Electronics,Yes
3225,18-25,Male,2-5L,Weekly,10000.0,No,5+,Desktop,Fashion,20.0,30.0,10000.0,Fashion,Yes
3226,55+,Female,<2L,Weekly,5000.0,No,<1,Mobile,Electronics,30.0,7.0,5000.0,Home & Furniture,No
3227,55+,Female,<2L,Rarely,10000.0,No,<1,Both,Books,10.0,30.0,2000.0,Groceries,No
3228,26-35,Male,5-10L,Weekly,12000.0,No,1-3,Mobile,Electronics,20.0,15.0,500.0,Electronics,No
3229,46-55,Male,2-5L,Weekly,5000.0,Yes,3-5,Mobile,Fashion,25.0,7.0,1000.0,Groceries,No
3230,36-45,Female,5-10L,Weekly,5000.0,No,3-5,Both,Home & Furniture,20.0,60.0,5000.0,Home & Furniture,Yes
3231,36-45,Male,5-10L,Quarterly,10000.0,No,3-5,Mobile,Fashion,15.0,7.0,500.0,Electronics,No
3233,46-55,Female,<2L,Weekly,10000.0,No,<1,Desktop,Books,60.0,60.0,1000.0,Fashion,No
3234,18-25,Female,5-10L,Bi-weekly,5000.0,Yes,3-5,Desktop,Electronics,30.0,7.0,2000.0,Electronics,Yes
3235,26-35,Female,5L-10L,Weekly,15000.0,Yes,3-5,Both,Fashion,40.0,30.0,1000.0,Fashion,No
3236,18-25,Female,<2,Quarterly,15000.0,No,5+,Mobile,Electronics,25.0,30.0,1000.0,Fashion,No
3238,26-35,Female,<2L,Monthly,3000.0,No,5+,Mobile,Electronics,25.0,60.0,2000.0,Groceries,No
3239,36-45,Female,5-10L,Weekly,10000.0,No,3-5,Desktop,Books,60.0,7.0,2000.0,Electronics,Yes
3240,36-45,Male,5-10L,Quarterly,10000.0,Yes,3-5,Mobile,Home & Furniture,50.0,30.0,2000.0,Home & Furniture,No
3241,55+,Male,10-20L,Weekly,12000.0,No,<1,Mobile,Groceries,50.0,30.0,1000.0,Books,Yes
3242,46-55,Female,>20L,Rarely,7000.0,No,3-5,Mobile,Electronics,60.0,30.0,5000.0,Home & Furniture,No
3243,55+,Male,5-10L,Weekly,5000.0,No,<1,Mobile,Books,30.0,60.0,5000.0,Groceries,No
3244,55+,Male,5-10L,Quarterly,15000.0,No,<1,Mobile,Electronics,60.0,15.0,500.0,Electronics,Yes
3245,18-25,Male,10-20L,Rarely,7000.0,Yes,1-3,Mobile,Fashion,30.0,60.0,1000.0,Electronics,No
3246,46-55,Male,>20L,Quarterly,15000.0,Yes,3-5,Mobile,Electronics,20.0,30.0,500.0,Home & Furniture,No
3247,36-45,Male,<2,Monthly,10000.0,Yes,5+,Mobile,Fashion,30.0,60.0,1000.0,Home & Furniture,Yes
3248,55+,Female,<2,Quarterly,10000.0,No,5+,Desktop,Home & Furniture,30.0,30.0,5000.0,Groceries,Yes
3249,55+,Male,<2,Bi-weekly,5000.0,Yes,<1,Both,Books,15.0,7.0,2000.0,Fashion,No
3250,36-45,Female,>20L,Rarely,5000.0,Yes,<1,Both,Home & Furniture,50.0,30.0,500.0,Home & Furniture,No
3251,55+,Male,5L-10L,Bi-weekly,20000.0,Yes,1-3,Both,Home & Furniture,10.0,15.0,500.0,Electronics,Yes
3252,46-55,Male,>20L,Weekly,10000.0,Yes,3-5,Desktop,Books,20.0,7.0,5000.0,Electronics,No
3255,18-25,Female,2-5L,Quarterly,5000.0,No,5+,Mobile,Fashion,30.0,30.0,1000.0,Electronics,Yes
3256,55+,Male,5-10L,Weekly,12000.0,No,<1,Mobile,Books,40.0,15.0,1000.0,Home & Furniture,Yes
3257,18-25,Female,5-10L,Quarterly,3000.0,Yes,<1,Desktop,Books,40.0,30.0,1000.0,Fashion,No
3258,55+,Male,5-10L,Weekly,7000.0,No,1-3,Mobile,Books,10.0,7.0,2000.0,Electronics,Yes
3260,18-25,Female,5-10L,Quarterly,10000.0,Yes,3-5,Both,Books,15.0,30.0,500.0,Groceries,No
3261,18-25,Male,2-5L,Rarely,7000.0,No,1-3,Mobile,Fashion,50.0,15.0,1000.0,Fashion,No
3262,55+,Female,5L-10L,Monthly,10000.0,No,5+,Both,Home & Furniture,30.0,60.0,1000.0,Fashion,No
3264,36-45,Female,<2,Quarterly,20000.0,No,3-5,Mobile,Electronics,50.0,60.0,2000.0,Home & Furniture,No
3265,36-45,Male,>20L,Weekly,10000.0,Yes,5+,Mobile,Electronics,20.0,30.0,1000.0,Groceries,No
3266,26-35,Male,5-10L,Rarely,5000.0,No,5+,Both,Fashion,20.0,7.0,500.0,Groceries,No
3267,26-35,Male,5-10L,Weekly,20000.0,Yes,3-5,Mobile,Home & Furniture,50.0,7.0,10000.0,Groceries,No
3268,55+,Female,2-5L,Weekly,5000.0,Yes,3-5,Mobile,Electronics,10.0,60.0,5000.0,Groceries,Yes
3269,55+,Male,<2L,Bi-weekly,15000.0,Yes,3-5,Mobile,Electronics,40.0,30.0,1000.0,Home & Furniture,No
3270,18-25,Male,5-10L,Weekly,5000.0,No,5+,Mobile,Electronics,30.0,30.0,500.0,Electronics,No
3271,55+,Male,5-10L,Weekly,12000.0,Yes,5+,Both,Electronics,30.0,30.0,1000.0,Home & Furniture,Yes
3272,46-55,Male,2-5L,Quarterly,12000.0,No,<1,Desktop,Electronics,10.0,7.0,1000.0,Groceries,No
3273,46-55,Male,<2L,Monthly,10000.0,No,5+,Mobile,Electronics,20.0,15.0,5000.0,Home & Furniture,No
3274,55+,Female,>20L,Weekly,10000.0,No,3-5,Mobile,Electronics,25.0,30.0,10000.0,Home & Furniture,No
3278,46-55,Male,5L-10L,Weekly,20000.0,No,3-5,Mobile,Home & Furniture,60.0,30.0,2000.0,Fashion,No
3279,36-45,Male,5L-10L,Rarely,7000.0,No,5+,Desktop,Fashion,40.0,7.0,2000.0,Groceries,No
3280,18-25,Male,2-5L,Rarely,3000.0,No,1-3,Mobile,Electronics,40.0,30.0,2000.0,Home & Furniture,No
3281,46-55,Male,>20L,Quarterly,5000.0,No,5+,Mobile,Electronics,40.0,30.0,2000.0,Groceries,No
3282,55+,Female,2-5L,Weekly,15000.0,Yes,<1,Mobile,Electronics,40.0,7.0,1000.0,Fashion,No
3284,18-25,Male,5-10L,Weekly,15000.0,Yes,3-5,Mobile,Electronics,15.0,15.0,1000.0,Fashion,No
3285,26-35,Male,2-5L,Bi-weekly,5000.0,No,3-5,Both,Fashion,20.0,60.0,500.0,Fashion,No
3288,55+,Male,5-10L,Rarely,12000.0,No,<1,Desktop,Electronics,25.0,30.0,500.0,Home & Furniture,Yes
3289,18-25,Male,<2L,Rarely,15000.0,Yes,3-5,Mobile,Books,40.0,60.0,2000.0,Home & Furniture,No
3290,36-45,Male,<2,Quarterly,5000.0,Yes,1-3,Mobile,Groceries,40.0,15.0,2000.0,Groceries,No
3291,36-45,Female,2-5L,Weekly,10000.0,Yes,3-5,Mobile,Books,30.0,15.0,5000.0,Fashion,No
3293,46-55,Male,<2L,Weekly,7000.0,No,3-5,Desktop,Fashion,10.0,7.0,1000.0,Groceries,Yes
3294,36-45,Male,>20L,Quarterly,10000.0,No,3-5,Mobile,Home & Furniture,20.0,30.0,1000.0,Home & Furniture,No
3295,36-45,Male,10-20L,Quarterly,5000.0,Yes,1-3,Mobile,Electronics,20.0,7.0,500.0,Electronics,Yes
3296,55+,Male,>20L,Quarterly,5000.0,Yes,3-5,Mobile,Fashion,20.0,7.0,1000.0,Groceries,No
3297,55+,Male,5-10L,Quarterly,5000.0,Yes,1-3,Mobile,Electronics,25.0,15.0,5000.0,Home & Furniture,No
3298,36-45,Female,<2,Monthly,10000.0,No,1-3,Both,Groceries,30.0,60.0,500.0,Electronics,No
3299,36-45,Male,5-10L,Bi-weekly,10000.0,Yes,3-5,Desktop,Fashion,15.0,30.0,2000.0,Home & Furniture,Yes
3301,55+,Male,10-20L,Weekly,7000.0,No,3-5,Mobile,Books,40.0,15.0,10000.0,Electronics,No
3304,55+,Female,5-10L,Quarterly,7000.0,No,<1,Mobile,Electronics,40.0,7.0,500.0,Fashion,No
3305,55+,Female,5-10L,Rarely,12000.0,No,5+,Desktop,Books,15.0,7.0,5000.0,Fashion,No
3306,18-25,Male,5-10L,Quarterly,20000.0,Yes,5+,Mobile,Groceries,40.0,15.0,2000.0,Electronics,No
3307,18-25,Female,2-5L,Quarterly,12000.0,No,3-5,Desktop,Electronics,40.0,7.0,1000.0,Home & Furniture,Yes
3308,18-25,Male,<2L,Monthly,5000.0,Yes,1-3,Mobile,Electronics,25.0,30.0,500.0,Groceries,No
3310,18-25,Male,<2L,Quarterly,5000.0,No,<1,Both,Books,20.0,30.0,1000.0,Home & Furniture,No
3311,55+,Male,10-20L,Weekly,10000.0,Yes,1-3,Both,Electronics,30.0,7.0,5000.0,Electronics,No
3312,55+,Male,10-20L,Monthly,10000.0,No,<1,Mobile,Fashion,30.0,30.0,2000.0,Books,Yes
3314,46-55,Female,>20L,Quarterly,7000.0,Yes,5+,Mobile,Fashion,60.0,60.0,5000.0,Fashion,No
3315,26-35,Male,>20L,Weekly,7000.0,No,<1,Mobile,Electronics,20.0,7.0,5000.0,Books,Yes
3316,18-25,Male,>20L,Rarely,10000.0,No,5+,Desktop,Home & Furniture,15.0,15.0,10000.0,Home & Furniture,No
3317,55+,Male,5-10L,Weekly,10000.0,No,5+,Mobile,Fashion,60.0,60.0,1000.0,Electronics,Yes
3318,18-25,Male,5L-10L,Weekly,5000.0,Yes,1-3,Desktop,Electronics,25.0,7.0,2000.0,Electronics,Yes
3319,55+,Male,<2L,Weekly,10000.0,Yes,1-3,Mobile,Books,20.0,30.0,1000.0,Home & Furniture,Yes
3320,36-45,Male,<2L,Bi-weekly,5000.0,No,1-3,Mobile,Fashion,20.0,7.0,1000.0,Fashion,Yes
3321,18-25,Male,2-5L,Quarterly,10000.0,Yes,1-3,Desktop,Groceries,15.0,15.0,2000.0,Electronics,Yes
3324,55+,Male,5-10L,Rarely,12000.0,No,<1,Mobile,Home & Furniture,10.0,15.0,1000.0,Groceries,No
3326,55+,Male,<2L,Weekly,10000.0,No,<1,Mobile,Electronics,40.0,30.0,2000.0,Fashion,No
3327,36-45,Male,<2,Quarterly,15000.0,No,3-5,Desktop,Electronics,10.0,7.0,500.0,Home & Furniture,No
3329,46-55,Male,5-10L,Rarely,5000.0,No,<1,Mobile,Electronics,60.0,60.0,2000.0,Electronics,Yes
3331,55+,Male,10-20L,Weekly,7000.0,Yes,3-5,Both,Books,30.0,30.0,1000.0,Groceries,Yes
3332,55+,Female,>20L,Quarterly,10000.0,No,1-3,Mobile,Fashion,30.0,30.0,10000.0,Electronics,Yes
3333,18-25,Male,<2,Weekly,12000.0,Yes,5+,Mobile,Groceries,30.0,15.0,5000.0,Groceries,No
3336,36-45,Female,<2L,Weekly,5000.0,Yes,1-3,Mobile,Home & Furniture,10.0,60.0,500.0,Fashion,No
3337,46-55,Male,5-10L,Weekly,10000.0,Yes,<1,Both,Fashion,10.0,60.0,2000.0,Electronics,No
3339,26-35,Female,2-5L,Quarterly,20000.0,No,1-3,Desktop,Home & Furniture,40.0,30.0,5000.0,Electronics,Yes
3340,46-55,Male,5-10L,Weekly,10000.0,No,<1,Mobile,Groceries,25.0,30.0,500.0,Electronics,Yes
3341,36-45,Male,5L-10L,Weekly,15000.0,No,<1,Mobile,Electronics,30.0,7.0,500.0,Electronics,Yes
3342,55+,Male,5-10L,Weekly,5000.0,Yes,5+,Mobile,Books,30.0,15.0,2000.0,Home & Furniture,Yes
3343,18-25,Male,<2L,Weekly,5000.0,Yes,3-5,Mobile,Electronics,40.0,30.0,5000.0,Books,Yes
3346,46-55,Female,<2,Weekly,20000.0,No,<1,Mobile,Fashion,30.0,30.0,500.0,Electronics,No
3347,55+,Male,>20L,Weekly,10000.0,Yes,<1,Mobile,Electronics,50.0,30.0,500.0,Electronics,No
3348,55+,Male,5L-10L,Quarterly,15000.0,No,<1,Both,Fashion,30.0,60.0,10000.0,Electronics,No
3349,55+,Female,5-10L,Weekly,5000.0,No,<1,Desktop,Groceries,20.0,30.0,1000.0,Fashion,No
3350,36-45,Male,5-10L,Rarely,10000.0,Yes,3-5,Mobile,Electronics,25.0,30.0,2000.0,Electronics,Yes
3351,18-25,Male,5-10L,Rarely,5000.0,No,3-5,Mobile,Electronics,30.0,30.0,500.0,Fashion,No
3352,18-25,Male,5-10L,Rarely,20000.0,Yes,<1,Both,Electronics,20.0,7.0,1000.0,Fashion,No
3354,36-45,Female,2-5L,Bi-weekly,12000.0,Yes,3-5,Mobile,Groceries,30.0,15.0,5000.0,Home & Furniture,Yes
3355,36-45,Male,5-10L,Weekly,10000.0,Yes,5+,Mobile,Books,10.0,30.0,5000.0,Fashion,No
3356,36-45,Male,10-20L,Monthly,10000.0,No,1-3,Mobile,Books,40.0,30.0,1000.0,Fashion,Yes
3357,46-55,Male,5-10L,Quarterly,20000.0,Yes,5+,Both,Electronics,25.0,7.0,500.0,Groceries,Yes
3358,36-45,Male,2-5L,Bi-weekly,12000.0,No,1-3,Mobile,Home & Furniture,30.0,30.0,10000.0,Groceries,No
3359,55+,Male,5L-10L,Weekly,10000.0,Yes,<1,Desktop,Electronics,20.0,7.0,500.0,Fashion,No
3360,46-55,Female,<2L,Weekly,15000.0,Yes,3-5,Desktop,Groceries,50.0,30.0,5000.0,Electronics,No
3361,36-45,Male,2-5L,Quarterly,10000.0,Yes,1-3,Mobile,Electronics,50.0,30.0,1000.0,Home & Furniture,Yes
3362,36-45,Male,10-20L,Weekly,10000.0,Yes,<1,Both,Electronics,30.0,30.0,10000.0,Fashion,No
3363,46-55,Male,>20L,Monthly,5000.0,No,3-5,Mobile,Home & Furniture,20.0,60.0,500.0,Home & Furniture,No
3364,46-55,Male,5-10L,Weekly,15000.0,Yes,3-5,Desktop,Electronics,50.0,15.0,500.0,Home & Furniture,No
3365,36-45,Male,5-10L,Rarely,7000.0,Yes,3-5,Mobile,Home & Furniture,20.0,15.0,500.0,Fashion,Yes
3366,36-45,Male,10-20L,Weekly,12000.0,Yes,3-5,Mobile,Fashion,30.0,7.0,1000.0,Fashion,Yes
3368,46-55,Male,5L-10L,Weekly,10000.0,No,1-3,Mobile,Home & Furniture,30.0,7.0,2000.0,Home & Furniture,No
3369,18-25,Female,5-10L,Monthly,5000.0,No,3-5,Desktop,Electronics,30.0,30.0,1000.0,Electronics,No
3370,36-45,Male,5-10L,Weekly,5000.0,Yes,3-5,Mobile,Groceries,40.0,60.0,1000.0,Home & Furniture,Yes
3371,55+,Male,5L-10L,Monthly,20000.0,Yes,<1,Mobile,Electronics,40.0,30.0,1000.0,Groceries,No
3372,55+,Male,10-20L,Weekly,10000.0,No,<1,Mobile,Fashion,20.0,7.0,5000.0,Groceries,No
3373,55+,Male,5-10L,Weekly,5000.0,No,1-3,Mobile,Books,50.0,30.0,2000.0,Home & Furniture,Yes
3374,26-35,Male,5-10L,Weekly,10000.0,Yes,3-5,Mobile,Electronics,30.0,7.0,5000.0,Home & Furniture,No
3376,36-45,Male,>20L,Rarely,10000.0,No,3-5,Mobile,Electronics,30.0,30.0,1000.0,Fashion,No
3377,18-25,Male,>20L,Quarterly,10000.0,No,3-5,Desktop,Electronics,50.0,7.0,1000.0,Home & Furniture,No
3378,55+,Male,5-10L,Quarterly,15000.0,No,5+,Mobile,Electronics,15.0,30.0,500.0,Books,Yes
3379,36-45,Female,10-20L,Weekly,3000.0,Yes,<1,Mobile,Fashion,10.0,30.0,2000.0,Groceries,Yes
3380,55+,Male,5-10L,Weekly,10000.0,No,<1,Mobile,Books,30.0,30.0,500.0,Electronics,Yes
3381,55+,Female,2-5L,Weekly,7000.0,Yes,<1,Mobile,Groceries,20.0,60.0,2000.0,Electronics,No
3382,55+,Male,2-5L,Weekly,10000.0,Yes,1-3,Mobile,Electronics,50.0,30.0,10000.0,Home & Furniture,No
3383,55+,Female,5-10L,Weekly,5000.0,Yes,5+,Desktop,Electronics,20.0,7.0,2000.0,Electronics,No
3384,46-55,Male,>20L,Quarterly,5000.0,Yes,3-5,Mobile,Fashion,15.0,7.0,2000.0,Groceries,No
3385,26-35,Male,2-5L,Weekly,10000.0,No,<1,Mobile,Electronics,15.0,60.0,1000.0,Books,Yes
3386,55+,Female,<2L,Rarely,10000.0,No,1-3,Mobile,Home & Furniture,15.0,30.0,1000.0,Home & Furniture,Yes
3387,46-55,Female,2-5L,Rarely,15000.0,Yes,<1,Desktop,Fashion,30.0,7.0,500.0,Home & Furniture,No
3388,55+,Male,5-10L,Quarterly,12000.0,Yes,1-3,Mobile,Electronics,25.0,30.0,1000.0,Home & Furniture,Yes
3389,55+,Female,5L-10L,Weekly,3000.0,No,3-5,Both,Groceries,20.0,7.0,2000.0,Groceries,No
3390,26-35,Male,>20L,Weekly,10000.0,Yes,3-5,Mobile,Fashion,10.0,7.0,1000.0,Home & Furniture,Yes
3391,18-25,Male,2-5L,Weekly,7000.0,No,<1,Mobile,Groceries,60.0,15.0,2000.0,Home & Furniture,No
3392,55+,Male,5-10L,Quarterly,5000.0,No,<1,Mobile,Fashion,15.0,15.0,1000.0,Electronics,No
3393,55+,Male,<2L,Weekly,5000.0,No,1-3,Mobile,Electronics,30.0,30.0,2000.0,Home & Furniture,Yes
3395,55+,Male,<2L,Quarterly,5000.0,No,3-5,Mobile,Electronics,25.0,30.0,5000.0,Home & Furniture,Yes
3397,18-25,Female,5-10L,Bi-weekly,10000.0,No,<1,Mobile,Home & Furniture,25.0,30.0,5000.0,Fashion,Yes
3402,55+,Male,5-10L,Weekly,12000.0,No,1-3,Desktop,Fashion,30.0,7.0,1000.0,Electronics,Yes
3403,46-55,Male,>20L,Quarterly,5000.0,No,5+,Both,Electronics,15.0,30.0,5000.0,Home & Furniture,Yes
3404,55+,Female,5-10L,Quarterly,10000.0,Yes,3-5,Desktop,Fashion,30.0,30.0,2000.0,Home & Furniture,No
3405,55+,Male,<2,Rarely,5000.0,No,5+,Desktop,Electronics,30.0,60.0,1000.0,Fashion,No
3407,46-55,Male,<2L,Quarterly,10000.0,No,5+,Mobile,Fashion,30.0,30.0,1000.0,Books,Yes
3408,26-35,Male,>20L,Rarely,5000.0,No,3-5,Desktop,Electronics,30.0,15.0,2000.0,Electronics,No
3410,18-25,Female,5L-10L,Quarterly,10000.0,No,3-5,Both,Electronics,20.0,7.0,500.0,Home & Furniture,Yes
3411,46-55,Male,>20L,Quarterly,5000.0,Yes,3-5,Both,Fashion,30.0,30.0,2000.0,Electronics,No
3412,18-25,Male,>20L,Weekly,10000.0,No,3-5,Mobile,Home & Furniture,50.0,7.0,500.0,Electronics,No
3413,46-55,Male,5-10L,Weekly,7000.0,Yes,<1,Mobile,Electronics,30.0,30.0,5000.0,Books,No
3414,18-25,Male,2-5L,Rarely,15000.0,No,3-5,Mobile,Groceries,50.0,30.0,1000.0,Home & Furniture,No
3415,26-35,Male,2-5L,Weekly,5000.0,Yes,3-5,Mobile,Electronics,30.0,60.0,2000.0,Books,No
3416,26-35,Male,5-10L,Weekly,15000.0,Yes,<1,Mobile,Electronics,30.0,7.0,5000.0,Fashion,Yes
3418,55+,Male,10-20L,Weekly,10000.0,No,3-5,Desktop,Groceries,40.0,15.0,500.0,Home & Furniture,No
3419,55+,Male,>20L,Monthly,5000.0,No,1-3,Mobile,Electronics,20.0,30.0,1000.0,Electronics,Yes
3420,55+,Male,>20L,Weekly,5000.0,Yes,1-3,Both,Fashion,30.0,60.0,2000.0,Fashion,Yes
3421,55+,Male,<2,Quarterly,15000.0,Yes,<1,Mobile,Home & Furniture,30.0,30.0,5000.0,Home & Furniture,No
3422,36-45,Male,2-5L,Quarterly,10000.0,No,3-5,Desktop,Home & Furniture,10.0,15.0,1000.0,Home & Furniture,Yes
3423,46-55,Male,>20L,Weekly,20000.0,No,1-3,Mobile,Fashion,25.0,15.0,1000.0,Home & Furniture,No
3424,36-45,Male,<2L,Monthly,10000.0,No,1-3,Mobile,Electronics,30.0,15.0,500.0,Home & Furniture,No
3425,18-25,Female,2-5L,Weekly,10000.0,Yes,3-5,Mobile,Fashion,60.0,7.0,5000.0,Electronics,No
3427,18-25,Male,2-5L,Quarterly,10000.0,No,3-5,Desktop,Electronics,30.0,30.0,2000.0,Home & Furniture,Yes
3428,55+,Male,<2L,Quarterly,5000.0,No,1-3,Mobile,Home & Furniture,10.0,7.0,500.0,Books,No
3429,55+,Male,2-5L,Bi-weekly,15000.0,No,3-5,Mobile,Groceries,15.0,60.0,2000.0,Electronics,No
3430,55+,Male,5-10L,Monthly,5000.0,No,<1,Mobile,Groceries,20.0,30.0,2000.0,Electronics,No
3431,46-55,Male,5-10L,Weekly,10000.0,No,1-3,Mobile,Electronics,30.0,60.0,1000.0,Fashion,No
3432,46-55,Male,5L-10L,Weekly,5000.0,No,5+,Both,Books,30.0,15.0,500.0,Groceries,No
3433,55+,Male,5L-10L,Quarterly,20000.0,Yes,1-3,Mobile,Home & Furniture,15.0,30.0,10000.0,Home & Furniture,Yes
3434,26-35,Female,5L-10L,Bi-weekly,20000.0,No,<1,Mobile,Fashion,40.0,60.0,2000.0,Books,No
3435,18-25,Female,5L-10L,Quarterly,15000.0,Yes,<1,Mobile,Fashion,30.0,15.0,1000.0,Home & Furniture,No
3436,46-55,Female,5-10L,Weekly,7000.0,Yes,3-5,Mobile,Electronics,40.0,60.0,500.0,Fashion,No
3437,36-45,Female,5-10L,Quarterly,10000.0,Yes,5+,Mobile,Electronics,60.0,60.0,5000.0,Groceries,Yes
3438,36-45,Male,>20L,Bi-weekly,10000.0,No,<1,Desktop,Electronics,25.0,30.0,10000.0,Fashion,Yes
3439,18-25,Male,>20L,Quarterly,7000.0,Yes,<1,Mobile,Fashion,50.0,30.0,1000.0,Fashion,No
3441,26-35,Male,2-5L,Weekly,3000.0,Yes,<1,Desktop,Electronics,15.0,30.0,1000.0,Books,Yes
3442,26-35,Male,10-20L,Rarely,3000.0,No,3-5,Desktop,Electronics,15.0,30.0,1000.0,Home & Furniture,No
3445,55+,Male,5L-10L,Weekly,7000.0,No,5+,Mobile,Groceries,30.0,30.0,500.0,Groceries,No
3446,55+,Male,>20L,Bi-weekly,10000.0,Yes,<1,Mobile,Electronics,20.0,15.0,1000.0,Home & Furniture,Yes
3447,55+,Male,<2,Weekly,15000.0,No,1-3,Desktop,Home & Furniture,20.0,7.0,10000.0,Books,No
3448,55+,Female,<2,Monthly,5000.0,No,<1,Mobile,Fashion,30.0,60.0,5000.0,Fashion,No
3449,36-45,Female,<2,Rarely,15000.0,No,<1,Mobile,Electronics,20.0,15.0,1000.0,Groceries,Yes
3450,55+,Male,5L-10L,Weekly,10000.0,Yes,1-3,Mobile,Home & Furniture,30.0,30.0,2000.0,Home & Furniture,No
3452,46-55,Female,2-5L,Monthly,3000.0,Yes,3-5,Mobile,Electronics,60.0,7.0,2000.0,Fashion,No
3454,55+,Male,<2L,Quarterly,12000.0,Yes,3-5,Mobile,Electronics,60.0,15.0,1000.0,Fashion,No
3455,55+,Female,<2L,Rarely,10000.0,No,<1,Mobile,Fashion,20.0,30.0,5000.0,Groceries,No
3456,55+,Male,>20L,Weekly,5000.0,No,5+,Both,Books,20.0,15.0,5000.0,Groceries,Yes
3457,55+,Male,5-10L,Rarely,5000.0,Yes,5+,Mobile,Books,15.0,30.0,1000.0,Groceries,No
3458,55+,Male,>20L,Rarely,10000.0,Yes,3-5,Mobile,Fashion,40.0,60.0,1000.0,Home & Furniture,Yes
3459,18-25,Male,10-20L,Weekly,7000.0,Yes,5+,Mobile,Groceries,20.0,60.0,1000.0,Groceries,No
3460,55+,Male,2-5L,Rarely,5000.0,No,<1,Mobile,Fashion,30.0,30.0,2000.0,Electronics,Yes
3461,36-45,Male,2-5L,Weekly,20000.0,No,3-5,Mobile,Electronics,20.0,30.0,5000.0,Fashion,No
3463,18-25,Male,>20L,Monthly,12000.0,Yes,3-5,Mobile,Home & Furniture,30.0,30.0,1000.0,Groceries,No
3465,55+,Female,<2,Quarterly,5000.0,Yes,1-3,Mobile,Home & Furniture,20.0,30.0,1000.0,Electronics,No
3466,55+,Male,5-10L,Weekly,5000.0,No,1-3,Mobile,Home & Furniture,30.0,60.0,2000.0,Electronics,Yes
3467,46-55,Female,2-5L,Monthly,15000.0,No,5+,Mobile,Groceries,30.0,7.0,500.0,Books,No
3468,55+,Male,5-10L,Bi-weekly,12000.0,No,5+,Both,Electronics,20.0,7.0,1000.0,Books,No
3469,55+,Male,5-10L,Weekly,5000.0,Yes,<1,Mobile,Books,30.0,7.0,5000.0,Groceries,No
3471,36-45,Male,5L-10L,Weekly,15000.0,No,<1,Both,Books,20.0,7.0,10000.0,Home & Furniture,Yes
3473,46-55,Male,5L-10L,Bi-weekly,10000.0,Yes,<1,Desktop,Groceries,20.0,30.0,1000.0,Groceries,Yes
3474,36-45,Male,5-10L,Weekly,10000.0,No,<1,Mobile,Fashion,20.0,60.0,1000.0,Fashion,Yes
3475,46-55,Male,5L-10L,Bi-weekly,5000.0,No,<1,Mobile,Fashion,30.0,30.0,1000.0,Home & Furniture,No
3476,36-45,Male,>20L,Rarely,15000.0,Yes,3-5,Mobile,Electronics,60.0,30.0,5000.0,Home & Furniture,Yes
3477,55+,Male,<2,Weekly,10000.0,Yes,1-3,Mobile,Electronics,50.0,7.0,500.0,Fashion,No
3478,55+,Male,<2L,Monthly,15000.0,Yes,3-5,Desktop,Books,20.0,15.0,10000.0,Fashion,No
3479,55+,Male,2-5L,Quarterly,15000.0,Yes,1-3,Mobile,Electronics,10.0,15.0,500.0,Fashion,Yes
3480,46-55,Male,2-5L,Quarterly,10000.0,No,5+,Mobile,Groceries,25.0,7.0,5000.0,Fashion,No
3481,36-45,Female,5-10L,Weekly,12000.0,Yes,<1,Desktop,Electronics,25.0,30.0,500.0,Home & Furniture,No
3482,55+,Female,>20L,Rarely,20000.0,No,3-5,Mobile,Electronics,20.0,15.0,1000.0,Home & Furniture,No
3483,55+,Female,>20L,Weekly,10000.0,No,5+,Mobile,Home & Furniture,30.0,30.0,1000.0,Groceries,No
3484,46-55,Male,10-20L,Monthly,15000.0,No,3-5,Mobile,Home & Furniture,60.0,30.0,500.0,Groceries,No
3485,55+,Male,5-10L,Monthly,12000.0,No,1-3,Mobile,Fashion,10.0,30.0,500.0,Fashion,No
3486,55+,Female,<2L,Monthly,5000.0,No,<1,Mobile,Books,30.0,7.0,2000.0,Home & Furniture,No
3487,55+,Male,>20L,Weekly,10000.0,Yes,5+,Mobile,Fashion,15.0,7.0,500.0,Home & Furniture,Yes
3488,55+,Male,5-10L,Bi-weekly,10000.0,Yes,1-3,Mobile,Books,50.0,60.0,10000.0,Groceries,No
3489,26-35,Male,2-5L,Weekly,10000.0,No,1-3,Desktop,Electronics,40.0,7.0,500.0,Home & Furniture,Yes
3490,36-45,Male,>20L,Weekly,10000.0,No,1-3,Desktop,Electronics,30.0,7.0,2000.0,Fashion,Yes
3491,46-55,Male,>20L,Quarterly,3000.0,No,3-5,Desktop,Home & Furniture,50.0,30.0,5000.0,Home & Furniture,Yes
3492,18-25,Male,2-5L,Quarterly,5000.0,Yes,3-5,Mobile,Electronics,40.0,60.0,1000.0,Fashion,Yes
3493,55+,Male,5-10L,Weekly,10000.0,Yes,3-5,Mobile,Fashion,60.0,30.0,10000.0,Books,No
3494,46-55,Male,2-5L,Quarterly,5000.0,Yes,1-3,Mobile,Fashion,30.0,30.0,1000.0,Fashion,No
3495,18-25,Male,5L-10L,Bi-weekly,12000.0,No,1-3,Mobile,Home & Furniture,30.0,60.0,1000.0,Groceries,No
3496,55+,Female,5L-10L,Weekly,10000.0,Yes,3-5,Mobile,Books,30.0,30.0,2000.0,Home & Furniture,Yes
3497,55+,Male,5-10L,Monthly,5000.0,Yes,5+,Mobile,Home & Furniture,20.0,30.0,1000.0,Fashion,No
3498,55+,Male,<2L,Weekly,3000.0,Yes,3-5,Desktop,Home & Furniture,60.0,30.0,2000.0,Electronics,No
3499,36-45,Male,5-10L,Weekly,10000.0,No,3-5,Both,Electronics,20.0,30.0,1000.0,Fashion,Yes
3500,55+,Male,5-10L,Weekly,10000.0,Yes,1-3,Both,Electronics,30.0,30.0,1000.0,Fashion,No
3501,36-45,Female,5-10L,Bi-weekly,12000.0,No,1-3,Mobile,Books,25.0,15.0,1000.0,Home & Furniture,No
3502,55+,Male,5-10L,Quarterly,10000.0,No,3-5,Mobile,Books,15.0,7.0,2000.0,Fashion,No
3503,18-25,Male,5-10L,Weekly,3000.0,Yes,5+,Desktop,Electronics,20.0,7.0,5000.0,Home & Furniture,Yes
3504,46-55,Male,5L-10L,Bi-weekly,7000.0,No,3-5,Mobile,Fashion,15.0,30.0,5000.0,Electronics,Yes
3505,55+,Male,5L-10L,Weekly,20000.0,Yes,3-5,Mobile,Books,25.0,30.0,1000.0,Books,No
3507,36-45,Female,2-5L,Weekly,10000.0,No,<1,Mobile,Electronics,20.0,7.0,2000.0,Fashion,Yes
3508,55+,Male,5L-10L,Weekly,5000.0,No,<1,Desktop,Electronics,50.0,30.0,500.0,Home & Furniture,No
3509,55+,Female,5-10L,Quarterly,3000.0,Yes,3-5,Mobile,Fashion,15.0,60.0,1000.0,Electronics,Yes
3510,55+,Male,5-10L,Weekly,7000.0,No,3-5,Desktop,Electronics,25.0,60.0,1000.0,Home & Furniture,Yes
3511,55+,Male,5-10L,Quarterly,5000.0,No,<1,Mobile,Home & Furniture,10.0,30.0,1000.0,Home & Furniture,No
3512,55+,Female,5L-10L,Weekly,10000.0,No,5+,Mobile,Groceries,40.0,7.0,5000.0,Fashion,No
3513,55+,Male,<2,Bi-weekly,3000.0,No,1-3,Both,Fashion,25.0,30.0,5000.0,Fashion,Yes
3514,55+,Female,<2L,Weekly,15000.0,No,3-5,Mobile,Books,50.0,15.0,5000.0,Home & Furniture,Yes
3515,55+,Male,<2,Monthly,12000.0,Yes,5+,Both,Electronics,40.0,15.0,2000.0,Fashion,No
3516,55+,Male,5-10L,Quarterly,20000.0,Yes,5+,Mobile,Books,25.0,7.0,10000.0,Fashion,No
3517,46-55,Male,2-5L,Quarterly,15000.0,No,<1,Both,Books,60.0,30.0,10000.0,Home & Furniture,No
3518,26-35,Male,5L-10L,Weekly,7000.0,No,3-5,Both,Electronics,30.0,30.0,500.0,Home & Furniture,No
3519,46-55,Female,10-20L,Weekly,10000.0,Yes,3-5,Both,Books,25.0,7.0,500.0,Home & Furniture,Yes
3520,55+,Male,>20L,Quarterly,10000.0,Yes,1-3,Mobile,Books,25.0,7.0,2000.0,Home & Furniture,Yes
3521,46-55,Male,5-10L,Quarterly,5000.0,No,<1,Desktop,Electronics,40.0,15.0,5000.0,Home & Furniture,No
3522,55+,Female,10-20L,Weekly,3000.0,No,1-3,Mobile,Fashion,25.0,15.0,2000.0,Groceries,No
3523,18-25,Male,2-5L,Weekly,5000.0,Yes,<1,Mobile,Home & Furniture,30.0,15.0,1000.0,Electronics,Yes
3524,36-45,Female,2-5L,Quarterly,7000.0,Yes,1-3,Mobile,Fashion,20.0,60.0,2000.0,Groceries,No
3525,55+,Female,5-10L,Weekly,10000.0,No,3-5,Desktop,Books,20.0,7.0,1000.0,Home & Furniture,No
3526,36-45,Male,5-10L,Weekly,5000.0,Yes,<1,Mobile,Electronics,30.0,7.0,1000.0,Electronics,No
3527,18-25,Male,<2L,Rarely,7000.0,Yes,1-3,Mobile,Fashion,20.0,30.0,5000.0,Fashion,Yes
3528,18-25,Female,<2L,Weekly,10000.0,Yes,5+,Mobile,Groceries,50.0,30.0,5000.0,Electronics,Yes
3529,55+,Male,2-5L,Weekly,15000.0,Yes,<1,Desktop,Groceries,50.0,30.0,5000.0,Groceries,No
3530,36-45,Male,5-10L,Monthly,5000.0,No,1-3,Mobile,Electronics,25.0,60.0,2000.0,Books,Yes
3531,18-25,Female,>20L,Weekly,12000.0,No,1-3,Mobile,Groceries,10.0,30.0,1000.0,Home & Furniture,Yes
3532,18-25,Male,>20L,Weekly,20000.0,Yes,1-3,Mobile,Books,25.0,15.0,2000.0,Fashion,No
3533,36-45,Female,2-5L,Quarterly,7000.0,Yes,1-3,Mobile,Electronics,15.0,15.0,1000.0,Fashion,No
3534,26-35,Male,2-5L,Quarterly,10000.0,Yes,3-5,Mobile,Electronics,60.0,60.0,2000.0,Fashion,Yes
3536,55+,Male,10-20L,Weekly,10000.0,Yes,1-3,Mobile,Electronics,20.0,30.0,2000.0,Groceries,No
3537,26-35,Male,2-5L,Bi-weekly,15000.0,No,1-3,Mobile,Books,30.0,30.0,2000.0,Electronics,No
3538,46-55,Female,<2,Weekly,3000.0,Yes,1-3,Mobile,Electronics,20.0,15.0,2000.0,Books,No
3539,18-25,Male,5L-10L,Monthly,15000.0,Yes,3-5,Mobile,Books,50.0,30.0,500.0,Books,No
3542,46-55,Female,>20L,Rarely,10000.0,No,1-3,Mobile,Electronics,20.0,15.0,1000.0,Home & Furniture,Yes
3543,55+,Female,<2L,Quarterly,5000.0,No,1-3,Mobile,Home & Furniture,20.0,30.0,1000.0,Electronics,Yes
3544,26-35,Male,>20L,Weekly,20000.0,No,3-5,Mobile,Electronics,30.0,7.0,1000.0,Home & Furniture,No
3545,36-45,Male,2-5L,Monthly,10000.0,Yes,1-3,Mobile,Groceries,40.0,60.0,1000.0,Home & Furniture,Yes
3547,36-45,Male,<2,Quarterly,12000.0,Yes,<1,Mobile,Electronics,20.0,30.0,10000.0,Electronics,No
3548,55+,Male,5-10L,Quarterly,5000.0,No,3-5,Mobile,Electronics,20.0,15.0,2000.0,Groceries,Yes
3549,18-25,Male,<2L,Monthly,15000.0,Yes,<1,Both,Home & Furniture,30.0,60.0,2000.0,Home & Furniture,Yes
3550,55+,Male,10-20L,Bi-weekly,5000.0,Yes,3-5,Both,Home & Furniture,30.0,7.0,500.0,Home & Furniture,No
3551,55+,Male,5L-10L,Weekly,10000.0,No,1-3,Mobile,Books,30.0,30.0,1000.0,Books,Yes
3552,55+,Male,<2L,Quarterly,10000.0,No,3-5,Mobile,Electronics,40.0,15.0,1000.0,Electronics,Yes
3553,36-45,Male,5-10L,Weekly,10000.0,Yes,3-5,Mobile,Books,30.0,7.0,500.0,Fashion,Yes
3554,46-55,Male,2-5L,Quarterly,10000.0,No,5+,Mobile,Fashion,10.0,7.0,1000.0,Books,Yes
3555,26-35,Female,5-10L,Quarterly,7000.0,No,5+,Mobile,Books,20.0,30.0,5000.0,Fashion,No
3556,55+,Female,5L-10L,Bi-weekly,10000.0,Yes,5+,Mobile,Fashion,50.0,30.0,5000.0,Home & Furniture,Yes
3557,36-45,Male,<2,Bi-weekly,10000.0,No,1-3,Desktop,Fashion,40.0,60.0,1000.0,Fashion,No
3558,55+,Female,5L-10L,Bi-weekly,12000.0,No,<1,Mobile,Groceries,40.0,30.0,500.0,Electronics,Yes
3559,46-55,Female,5-10L,Weekly,3000.0,No,3-5,Desktop,Home & Furniture,30.0,7.0,1000.0,Home & Furniture,Yes
3560,55+,Male,10-20L,Rarely,15000.0,Yes,<1,Both,Groceries,25.0,15.0,5000.0,Electronics,Yes
3561,55+,Male,5-10L,Weekly,12000.0,Yes,3-5,Both,Electronics,50.0,15.0,1000.0,Fashion,No
3562,55+,Male,5-10L,Weekly,12000.0,No,1-3,Mobile,Books,60.0,30.0,2000.0,Fashion,Yes
3563,55+,Male,5L-10L,Weekly,5000.0,Yes,5+,Mobile,Fashion,15.0,30.0,2000.0,Electronics,Yes
3564,26-35,Male,>20L,Bi-weekly,15000.0,No,3-5,Both,Groceries,15.0,7.0,1000.0,Electronics,No
3565,55+,Male,2-5L,Weekly,10000.0,Yes,<1,Both,Groceries,10.0,30.0,2000.0,Electronics,No
3566,55+,Female,5-10L,Monthly,20000.0,Yes,3-5,Desktop,Books,20.0,30.0,5000.0,Books,Yes
3567,55+,Male,5-10L,Quarterly,3000.0,No,1-3,Mobile,Groceries,50.0,7.0,500.0,Books,Yes
3568,36-45,Male,5-10L,Weekly,12000.0,No,1-3,Mobile,Electronics,30.0,7.0,1000.0,Fashion,Yes
3569,55+,Female,<2,Rarely,10000.0,Yes,5+,Mobile,Electronics,25.0,30.0,2000.0,Groceries,No
3570,26-35,Female,2-5L,Rarely,20000.0,Yes,3-5,Mobile,Electronics,30.0,30.0,2000.0,Home & Furniture,No
3571,55+,Female,5-10L,Monthly,7000.0,Yes,<1,Mobile,Electronics,50.0,30.0,1000.0,Home & Furniture,No
3572,18-25,Female,5-10L,Quarterly,5000.0,No,3-5,Mobile,Electronics,50.0,30.0,1000.0,Books,Yes
3573,26-35,Female,<2L,Quarterly,15000.0,No,3-5,Desktop,Groceries,40.0,60.0,5000.0,Home & Furniture,Yes
3574,36-45,Male,10-20L,Monthly,5000.0,No,<1,Mobile,Electronics,20.0,15.0,2000.0,Fashion,No
3575,36-45,Female,>20L,Weekly,10000.0,Yes,5+,Both,Home & Furniture,40.0,30.0,1000.0,Groceries,Yes
3576,36-45,Male,<2,Rarely,10000.0,Yes,3-5,Desktop,Electronics,20.0,7.0,5000.0,Electronics,Yes
3577,55+,Male,10-20L,Monthly,20000.0,No,3-5,Mobile,Books,30.0,7.0,10000.0,Home & Furniture,No
3578,26-35,Male,<2,Weekly,10000.0,Yes,<1,Desktop,Fashion,15.0,7.0,2000.0,Home & Furniture,No
3580,55+,Male,<2L,Quarterly,15000.0,Yes,1-3,Mobile,Home & Furniture,60.0,60.0,2000.0,Fashion,No
3581,55+,Male,10-20L,Rarely,3000.0,Yes,3-5,Mobile,Electronics,30.0,7.0,1000.0,Electronics,Yes
3583,36-45,Male,<2,Rarely,15000.0,Yes,1-3,Mobile,Home & Furniture,50.0,30.0,1000.0,Home & Furniture,Yes
3584,55+,Male,>20L,Rarely,5000.0,No,1-3,Mobile,Electronics,40.0,60.0,500.0,Books,No
3585,55+,Female,5-10L,Quarterly,5000.0,Yes,3-5,Desktop,Home & Furniture,25.0,7.0,500.0,Electronics,Yes
3586,55+,Male,<2,Weekly,10000.0,Yes,<1,Both,Groceries,25.0,30.0,1000.0,Home & Furniture,No
3587,36-45,Male,5L-10L,Weekly,5000.0,Yes,3-5,Desktop,Fashion,40.0,60.0,1000.0,Fashion,Yes
3588,36-45,Male,5L-10L,Weekly,10000.0,Yes,<1,Mobile,Home & Furniture,20.0,30.0,1000.0,Home & Furniture,Yes
3589,55+,Female,10-20L,Quarterly,15000.0,No,3-5,Both,Fashion,25.0,7.0,2000.0,Electronics,No
3590,55+,Male,<2,Monthly,15000.0,Yes,<1,Mobile,Electronics,40.0,7.0,1000.0,Home & Furniture,Yes
3591,55+,Male,>20L,Weekly,15000.0,No,3-5,Mobile,Fashion,50.0,30.0,1000.0,Home & Furniture,No
3592,36-45,Male,10-20L,Weekly,15000.0,Yes,1-3,Mobile,Groceries,50.0,15.0,2000.0,Groceries,Yes
3593,55+,Female,5-10L,Rarely,5000.0,Yes,<1,Mobile,Fashion,30.0,7.0,5000.0,Home & Furniture,Yes
3594,55+,Female,5-10L,Weekly,10000.0,Yes,1-3,Mobile,Books,50.0,7.0,1000.0,Home & Furniture,Yes
3595,18-25,Female,>20L,Weekly,10000.0,No,1-3,Desktop,Electronics,40.0,30.0,1000.0,Home & Furniture,No
3596,55+,Female,<2L,Quarterly,10000.0,No,5+,Mobile,Electronics,50.0,30.0,500.0,Fashion,No
3597,55+,Male,<2L,Weekly,20000.0,Yes,5+,Mobile,Electronics,20.0,30.0,1000.0,Groceries,Yes
3598,55+,Male,5L-10L,Quarterly,15000.0,No,1-3,Mobile,Home & Furniture,10.0,60.0,500.0,Groceries,No
3599,55+,Male,5-10L,Weekly,3000.0,Yes,1-3,Both,Electronics,30.0,7.0,1000.0,Fashion,No
3601,26-35,Female,<2L,Rarely,5000.0,Yes,5+,Mobile,Home & Furniture,50.0,30.0,1000.0,Fashion,Yes
3603,36-45,Male,2-5L,Weekly,20000.0,Yes,3-5,Mobile,Fashion,25.0,60.0,2000.0,Fashion,No
3604,26-35,Male,<2L,Quarterly,10000.0,No,3-5,Mobile,Fashion,30.0,30.0,5000.0,Home & Furniture,No
3605,55+,Male,<2,Monthly,3000.0,Yes,1-3,Mobile,Fashion,40.0,30.0,5000.0,Home & Furniture,No
3606,18-25,Male,>20L,Rarely,5000.0,Yes,<1,Desktop,Fashion,30.0,15.0,1000.0,Groceries,No
3607,18-25,Male,5-10L,Rarely,5000.0,Yes,5+,Mobile,Home & Furniture,10.0,30.0,500.0,Home & Furniture,Yes
3608,26-35,Male,5-10L,Weekly,10000.0,No,5+,Mobile,Fashion,30.0,30.0,1000.0,Fashion,No
3609,26-35,Male,5-10L,Weekly,20000.0,Yes,3-5,Mobile,Groceries,25.0,15.0,10000.0,Electronics,No
3610,26-35,Male,>20L,Weekly,5000.0,No,3-5,Mobile,Electronics,50.0,60.0,2000.0,Fashion,Yes
3613,46-55,Male,<2,Weekly,15000.0,Yes,3-5,Both,Books,25.0,15.0,1000.0,Home & Furniture,No
3614,55+,Male,5-10L,Weekly,5000.0,Yes,1-3,Mobile,Electronics,40.0,7.0,5000.0,Books,No
3615,46-55,Male,5-10L,Rarely,5000.0,No,3-5,Mobile,Home & Furniture,60.0,7.0,2000.0,Groceries,No
3616,55+,Female,<2,Rarely,5000.0,Yes,<1,Mobile,Fashion,20.0,30.0,1000.0,Electronics,No
3618,26-35,Female,<2,Weekly,3000.0,Yes,5+,Mobile,Home & Furniture,10.0,30.0,500.0,Groceries,Yes
3619,36-45,Male,<2,Quarterly,10000.0,Yes,1-3,Mobile,Groceries,20.0,30.0,1000.0,Home & Furniture,No
3620,55+,Male,10-20L,Bi-weekly,12000.0,Yes,3-5,Mobile,Electronics,60.0,7.0,1000.0,Home & Furniture,No
3621,46-55,Male,10-20L,Quarterly,5000.0,No,<1,Desktop,Electronics,10.0,60.0,2000.0,Fashion,No
3622,26-35,Female,<2L,Quarterly,10000.0,Yes,3-5,Desktop,Groceries,15.0,7.0,1000.0,Books,No
3624,55+,Female,5-10L,Quarterly,5000.0,Yes,1-3,Mobile,Fashion,30.0,15.0,1000.0,Books,Yes
3625,55+,Female,<2L,Weekly,5000.0,Yes,3-5,Mobile,Groceries,30.0,15.0,1000.0,Home & Furniture,No
3626,46-55,Male,>20L,Monthly,5000.0,No,1-3,Mobile,Home & Furniture,30.0,60.0,1000.0,Electronics,No
3627,55+,Male,5-10L,Quarterly,10000.0,Yes,<1,Mobile,Groceries,60.0,15.0,1000.0,Groceries,No
3628,46-55,Male,2-5L,Weekly,10000.0,Yes,<1,Both,Fashion,10.0,60.0,2000.0,Fashion,No
3629,46-55,Male,10-20L,Weekly,5000.0,No,5+,Both,Electronics,60.0,15.0,2000.0,Home & Furniture,Yes
3630,26-35,Male,5-10L,Quarterly,5000.0,Yes,5+,Both,Fashion,30.0,7.0,1000.0,Home & Furniture,No
3631,18-25,Female,5-10L,Quarterly,5000.0,No,3-5,Desktop,Electronics,10.0,60.0,5000.0,Fashion,No
3632,55+,Male,5L-10L,Quarterly,3000.0,No,5+,Desktop,Electronics,10.0,15.0,1000.0,Home & Furniture,No
3633,55+,Female,5-10L,Weekly,12000.0,No,1-3,Desktop,Electronics,30.0,7.0,1000.0,Home & Furniture,No
3634,36-45,Male,5-10L,Weekly,10000.0,No,1-3,Mobile,Books,30.0,7.0,1000.0,Home & Furniture,No
3635,46-55,Female,5L-10L,Weekly,10000.0,Yes,1-3,Mobile,Books,30.0,60.0,1000.0,Home & Furniture,Yes
3636,18-25,Female,<2L,Quarterly,10000.0,Yes,3-5,Mobile,Home & Furniture,30.0,30.0,1000.0,Groceries,No
3637,55+,Female,2-5L,Weekly,5000.0,No,5+,Mobile,Fashion,30.0,15.0,1000.0,Electronics,Yes
3638,26-35,Male,<2L,Weekly,5000.0,No,<1,Mobile,Fashion,15.0,30.0,1000.0,Groceries,No
3639,55+,Male,5-10L,Bi-weekly,10000.0,No,3-5,Mobile,Electronics,50.0,7.0,2000.0,Fashion,No
3640,46-55,Female,<2,Weekly,12000.0,Yes,3-5,Mobile,Fashion,30.0,15.0,10000.0,Electronics,No
3641,26-35,Female,5L-10L,Weekly,15000.0,No,3-5,Mobile,Groceries,25.0,7.0,2000.0,Groceries,Yes
3642,18-25,Male,>20L,Weekly,10000.0,Yes,1-3,Mobile,Electronics,30.0,15.0,2000.0,Home & Furniture,Yes
3644,26-35,Male,>20L,Quarterly,15000.0,Yes,<1,Both,Books,40.0,15.0,1000.0,Fashion,No
3645,18-25,Male,5L-10L,Weekly,12000.0,Yes,1-3,Both,Home & Furniture,40.0,30.0,2000.0,Home & Furniture,No
3646,55+,Female,<2,Quarterly,20000.0,Yes,1-3,Both,Electronics,50.0,30.0,5000.0,Electronics,Yes
3647,36-45,Male,5-10L,Monthly,3000.0,Yes,3-5,Mobile,Groceries,60.0,60.0,1000.0,Home & Furniture,No
3648,36-45,Male,10-20L,Weekly,5000.0,Yes,3-5,Mobile,Electronics,20.0,15.0,500.0,Groceries,Yes
3649,55+,Female,5L-10L,Quarterly,10000.0,No,3-5,Mobile,Books,60.0,7.0,10000.0,Fashion,No
3650,55+,Male,2-5L,Weekly,7000.0,Yes,1-3,Mobile,Electronics,50.0,30.0,5000.0,Books,No
3651,26-35,Male,<2,Weekly,5000.0,No,<1,Desktop,Home & Furniture,50.0,7.0,5000.0,Home & Furniture,No
3652,26-35,Male,2-5L,Quarterly,10000.0,Yes,5+,Both,Electronics,30.0,7.0,1000.0,Home & Furniture,No
3654,26-35,Female,5-10L,Monthly,10000.0,Yes,1-3,Mobile,Electronics,40.0,60.0,1000.0,Groceries,No
3655,36-45,Female,>20L,Rarely,10000.0,Yes,3-5,Mobile,Books,40.0,7.0,2000.0,Electronics,Yes
3656,18-25,Female,5-10L,Rarely,7000.0,No,<1,Mobile,Home & Furniture,10.0,15.0,10000.0,Home & Furniture,Yes
3657,18-25,Male,5-10L,Weekly,10000.0,No,<1,Mobile,Groceries,50.0,15.0,500.0,Groceries,No
3658,36-45,Female,10-20L,Rarely,5000.0,No,1-3,Mobile,Groceries,40.0,15.0,2000.0,Home & Furniture,Yes
3659,55+,Male,>20L,Rarely,5000.0,No,<1,Mobile,Fashion,15.0,60.0,1000.0,Home & Furniture,Yes
3660,18-25,Female,5L-10L,Quarterly,10000.0,Yes,3-5,Mobile,Home & Furniture,20.0,15.0,500.0,Groceries,Yes
3662,55+,Male,5-10L,Weekly,5000.0,No,<1,Both,Books,10.0,15.0,5000.0,Home & Furniture,No
3663,55+,Male,<2,Weekly,5000.0,No,<1,Mobile,Books,40.0,7.0,1000.0,Books,No
3664,55+,Female,2-5L,Weekly,3000.0,No,5+,Mobile,Electronics,30.0,15.0,10000.0,Fashion,No
3665,26-35,Female,>20L,Quarterly,5000.0,No,3-5,Desktop,Electronics,40.0,30.0,5000.0,Fashion,Yes
3666,36-45,Male,10-20L,Rarely,10000.0,Yes,3-5,Mobile,Books,60.0,30.0,1000.0,Home & Furniture,No
3667,26-35,Male,2-5L,Weekly,5000.0,No,1-3,Mobile,Fashion,60.0,30.0,1000.0,Electronics,No
3668,18-25,Female,>20L,Quarterly,7000.0,Yes,1-3,Both,Groceries,30.0,15.0,1000.0,Fashion,No
3670,46-55,Male,5-10L,Monthly,5000.0,No,3-5,Mobile,Electronics,25.0,7.0,1000.0,Fashion,No
3671,36-45,Female,<2,Monthly,10000.0,No,3-5,Mobile,Home & Furniture,60.0,30.0,1000.0,Groceries,Yes
3672,46-55,Male,>20L,Monthly,20000.0,No,5+,Both,Fashion,30.0,30.0,500.0,Electronics,No
3673,26-35,Female,5-10L,Weekly,10000.0,Yes,5+,Mobile,Electronics,50.0,15.0,2000.0,Groceries,Yes
3674,36-45,Male,>20L,Weekly,10000.0,Yes,5+,Desktop,Books,30.0,60.0,1000.0,Groceries,Yes
3675,55+,Female,>20L,Rarely,5000.0,No,3-5,Mobile,Books,30.0,15.0,2000.0,Home & Furniture,No
3676,55+,Male,<2L,Weekly,15000.0,Yes,1-3,Both,Electronics,30.0,7.0,1000.0,Electronics,Yes
3677,36-45,Female,5-10L,Quarterly,15000.0,Yes,<1,Mobile,Electronics,50.0,30.0,5000.0,Home & Furniture,Yes
3678,46-55,Male,<2,Weekly,5000.0,Yes,1-3,Mobile,Electronics,50.0,30.0,1000.0,Home & Furniture,No
3679,26-35,Female,2-5L,Quarterly,10000.0,No,3-5,Mobile,Electronics,20.0,30.0,2000.0,Home & Furniture,Yes
3680,18-25,Female,10-20L,Weekly,5000.0,No,3-5,Mobile,Electronics,30.0,30.0,1000.0,Books,Yes
3682,26-35,Male,5-10L,Weekly,15000.0,No,<1,Mobile,Electronics,20.0,15.0,1000.0,Fashion,No
3683,36-45,Male,5-10L,Quarterly,7000.0,Yes,5+,Mobile,Electronics,20.0,30.0,1000.0,Groceries,No
3685,26-35,Male,5-10L,Weekly,10000.0,No,1-3,Mobile,Fashion,50.0,15.0,10000.0,Fashion,Yes
3686,18-25,Male,>20L,Rarely,15000.0,Yes,3-5,Mobile,Books,25.0,7.0,2000.0,Electronics,No
3687,36-45,Male,2-5L,Rarely,15000.0,No,3-5,Mobile,Home & Furniture,30.0,60.0,2000.0,Home & Furniture,No
3688,55+,Female,10-20L,Quarterly,10000.0,Yes,1-3,Mobile,Electronics,25.0,60.0,500.0,Fashion,Yes
3689,46-55,Male,>20L,Bi-weekly,15000.0,No,<1,Desktop,Electronics,20.0,30.0,2000.0,Groceries,Yes
3690,36-45,Male,2-5L,Quarterly,12000.0,No,1-3,Mobile,Fashion,30.0,30.0,1000.0,Electronics,No
3693,18-25,Male,5-10L,Monthly,10000.0,No,1-3,Mobile,Groceries,30.0,30.0,1000.0,Groceries,No
3694,46-55,Female,5-10L,Weekly,15000.0,Yes,1-3,Mobile,Groceries,30.0,7.0,10000.0,Home & Furniture,Yes
3695,55+,Male,<2L,Weekly,5000.0,No,3-5,Mobile,Home & Furniture,60.0,7.0,5000.0,Electronics,No
3696,36-45,Male,>20L,Quarterly,10000.0,Yes,1-3,Both,Electronics,10.0,7.0,1000.0,Electronics,No
3697,26-35,Male,5-10L,Rarely,15000.0,Yes,3-5,Desktop,Electronics,60.0,7.0,5000.0,Fashion,No
3698,18-25,Male,5L-10L,Weekly,20000.0,Yes,5+,Mobile,Books,60.0,7.0,1000.0,Fashion,No
3699,18-25,Female,<2L,Weekly,7000.0,Yes,<1,Desktop,Electronics,30.0,30.0,500.0,Electronics,No
3700,36-45,Male,5L-10L,Bi-weekly,10000.0,No,3-5,Desktop,Electronics,50.0,30.0,500.0,Books,No
3701,55+,Male,<2,Bi-weekly,15000.0,No,1-3,Both,Electronics,60.0,60.0,1000.0,Home & Furniture,No
3702,26-35,Male,5-10L,Weekly,10000.0,Yes,1-3,Mobile,Electronics,60.0,30.0,1000.0,Electronics,Yes
3703,46-55,Male,5-10L,Bi-weekly,10000.0,No,5+,Desktop,Electronics,40.0,15.0,1000.0,Electronics,No
3704,55+,Male,>20L,Weekly,3000.0,No,<1,Mobile,Electronics,60.0,30.0,1000.0,Groceries,No
3705,18-25,Male,>20L,Quarterly,5000.0,No,1-3,Mobile,Groceries,20.0,15.0,500.0,Electronics,No
3707,36-45,Male,5-10L,Quarterly,7000.0,No,<1,Mobile,Electronics,60.0,15.0,1000.0,Fashion,Yes
3709,36-45,Female,2-5L,Weekly,5000.0,Yes,<1,Mobile,Fashion,50.0,60.0,1000.0,Home & Furniture,Yes
3710,55+,Male,<2L,Rarely,3000.0,Yes,3-5,Mobile,Groceries,10.0,30.0,10000.0,Home & Furniture,Yes
3712,55+,Female,5L-10L,Weekly,3000.0,Yes,5+,Mobile,Books,30.0,7.0,5000.0,Fashion,No
3714,55+,Female,<2,Quarterly,5000.0,Yes,3-5,Mobile,Home & Furniture,30.0,30.0,5000.0,Home & Furniture,Yes
3715,55+,Female,<2L,Monthly,15000.0,No,3-5,Mobile,Electronics,15.0,60.0,1000.0,Fashion,No
3716,55+,Male,2-5L,Weekly,10000.0,Yes,<1,Mobile,Electronics,50.0,30.0,5000.0,Fashion,Yes
3717,55+,Female,5L-10L,Weekly,20000.0,Yes,1-3,Desktop,Home & Furniture,30.0,7.0,2000.0,Groceries,No
3718,55+,Male,10-20L,Bi-weekly,10000.0,Yes,5+,Mobile,Electronics,20.0,60.0,500.0,Books,No
3719,55+,Male,<2,Quarterly,20000.0,No,3-5,Mobile,Electronics,10.0,7.0,2000.0,Books,No
3720,36-45,Male,10-20L,Quarterly,7000.0,Yes,1-3,Mobile,Home & Furniture,30.0,15.0,1000.0,Home & Furniture,No
3721,46-55,Female,>20L,Bi-weekly,10000.0,No,5+,Mobile,Electronics,20.0,30.0,2000.0,Home & Furniture,No
3722,46-55,Female,10-20L,Quarterly,3000.0,No,3-5,Both,Electronics,30.0,30.0,2000.0,Electronics,No
3723,55+,Male,5L-10L,Weekly,7000.0,Yes,3-5,Mobile,Electronics,30.0,30.0,2000.0,Electronics,Yes
3724,36-45,Female,<2,Weekly,10000.0,Yes,3-5,Mobile,Electronics,20.0,30.0,1000.0,Home & Furniture,No
3725,55+,Male,5L-10L,Quarterly,12000.0,No,3-5,Desktop,Groceries,30.0,30.0,1000.0,Fashion,Yes
3726,55+,Female,<2,Quarterly,10000.0,No,3-5,Mobile,Groceries,40.0,30.0,2000.0,Books,No
3727,55+,Male,>20L,Monthly,10000.0,Yes,1-3,Both,Books,20.0,15.0,2000.0,Books,No
3728,26-35,Male,>20L,Weekly,5000.0,No,3-5,Mobile,Fashion,20.0,60.0,5000.0,Electronics,Yes
3729,55+,Female,>20L,Weekly,5000.0,No,1-3,Mobile,Electronics,20.0,15.0,5000.0,Groceries,No
3730,55+,Male,<2L,Weekly,10000.0,Yes,<1,Both,Fashion,30.0,30.0,10000.0,Groceries,Yes
3731,55+,Male,2-5L,Weekly,7000.0,No,<1,Both,Electronics,60.0,30.0,2000.0,Fashion,No
3732,55+,Female,<2,Weekly,7000.0,Yes,5+,Mobile,Books,50.0,7.0,2000.0,Fashion,Yes
3733,46-55,Male,>20L,Bi-weekly,20000.0,Yes,1-3,Mobile,Electronics,20.0,30.0,5000.0,Home & Furniture,No
3734,46-55,Male,5-10L,Weekly,5000.0,No,3-5,Both,Electronics,30.0,7.0,10000.0,Electronics,No
3735,26-35,Male,5-10L,Rarely,10000.0,No,3-5,Mobile,Electronics,30.0,60.0,1000.0,Groceries,Yes
3736,55+,Male,2-5L,Weekly,10000.0,No,<1,Both,Fashion,20.0,30.0,1000.0,Electronics,Yes
3737,26-35,Male,<2L,Monthly,10000.0,No,1-3,Mobile,Groceries,10.0,30.0,1000.0,Home & Furniture,No
3738,55+,Male,2-5L,Rarely,10000.0,No,1-3,Desktop,Electronics,30.0,15.0,2000.0,Home & Furniture,Yes
3740,36-45,Male,2-5L,Weekly,12000.0,Yes,1-3,Desktop,Groceries,30.0,15.0,2000.0,Groceries,No
3742,26-35,Male,2-5L,Bi-weekly,5000.0,No,3-5,Both,Electronics,25.0,15.0,5000.0,Electronics,No
3743,55+,Male,2-5L,Rarely,5000.0,No,5+,Mobile,Electronics,30.0,30.0,2000.0,Fashion,No
3744,46-55,Female,<2,Weekly,10000.0,Yes,<1,Mobile,Electronics,30.0,30.0,1000.0,Electronics,No
3745,18-25,Male,<2,Weekly,5000.0,Yes,3-5,Desktop,Fashion,40.0,60.0,500.0,Home & Furniture,No
3746,55+,Male,10-20L,Monthly,10000.0,Yes,5+,Mobile,Home & Furniture,25.0,7.0,500.0,Home & Furniture,Yes
3747,26-35,Male,5-10L,Weekly,7000.0,No,3-5,Mobile,Fashion,50.0,30.0,1000.0,Home & Furniture,No
3748,55+,Male,2-5L,Weekly,10000.0,Yes,3-5,Desktop,Groceries,40.0,15.0,500.0,Groceries,No
3749,36-45,Female,5-10L,Monthly,5000.0,Yes,3-5,Desktop,Electronics,30.0,15.0,1000.0,Home & Furniture,Yes
3750,26-35,Male,<2L,Monthly,15000.0,Yes,3-5,Mobile,Electronics,30.0,7.0,500.0,Books,Yes
3751,18-25,Male,5-10L,Weekly,20000.0,Yes,3-5,Mobile,Home & Furniture,30.0,7.0,500.0,Home & Furniture,No
3752,46-55,Female,5-10L,Weekly,5000.0,No,1-3,Mobile,Books,40.0,30.0,10000.0,Electronics,Yes
3753,36-45,Male,<2L,Weekly,10000.0,No,3-5,Mobile,Home & Furniture,50.0,7.0,1000.0,Electronics,No
3754,55+,Female,2-5L,Bi-weekly,12000.0,Yes,5+,Desktop,Electronics,50.0,7.0,2000.0,Home & Furniture,Yes
3755,36-45,Male,>20L,Quarterly,10000.0,Yes,<1,Mobile,Books,40.0,60.0,1000.0,Electronics,No
3756,36-45,Male,<2L,Rarely,10000.0,No,<1,Both,Electronics,25.0,7.0,1000.0,Fashion,Yes
3757,26-35,Female,5L-10L,Quarterly,5000.0,Yes,1-3,Both,Electronics,50.0,7.0,500.0,Home & Furniture,No
3759,55+,Male,2-5L,Weekly,15000.0,No,<1,Mobile,Electronics,30.0,7.0,1000.0,Home & Furniture,No
3760,55+,Male,>20L,Quarterly,10000.0,No,1-3,Mobile,Fashion,30.0,15.0,2000.0,Home & Furniture,No
3761,55+,Male,5-10L,Monthly,10000.0,No,<1,Mobile,Electronics,40.0,30.0,1000.0,Groceries,Yes
3762,36-45,Female,5-10L,Weekly,10000.0,Yes,3-5,Mobile,Fashion,40.0,15.0,1000.0,Fashion,Yes
3763,18-25,Male,>20L,Weekly,10000.0,Yes,<1,Desktop,Groceries,30.0,7.0,1000.0,Books,Yes
3764,55+,Male,2-5L,Quarterly,7000.0,Yes,3-5,Both,Electronics,25.0,7.0,500.0,Fashion,Yes
3765,18-25,Female,5-10L,Bi-weekly,10000.0,No,5+,Mobile,Fashion,30.0,7.0,2000.0,Home & Furniture,No
3766,55+,Male,<2L,Rarely,10000.0,No,3-5,Mobile,Home & Furniture,25.0,30.0,1000.0,Fashion,Yes
3768,36-45,Female,5-10L,Monthly,5000.0,No,1-3,Mobile,Electronics,50.0,15.0,5000.0,Home & Furniture,Yes
3769,46-55,Male,<2L,Monthly,5000.0,Yes,3-5,Desktop,Fashion,10.0,7.0,1000.0,Fashion,No
3770,55+,Male,10-20L,Weekly,10000.0,Yes,3-5,Desktop,Groceries,25.0,30.0,1000.0,Groceries,No
3771,55+,Male,2-5L,Quarterly,10000.0,Yes,3-5,Desktop,Fashion,30.0,30.0,5000.0,Groceries,Yes
3772,55+,Male,<2,Rarely,7000.0,Yes,<1,Mobile,Fashion,40.0,60.0,1000.0,Fashion,No
3773,55+,Male,5-10L,Rarely,7000.0,No,1-3,Desktop,Electronics,30.0,30.0,10000.0,Fashion,No
3775,55+,Male,5-10L,Monthly,15000.0,Yes,5+,Mobile,Electronics,30.0,15.0,2000.0,Electronics,Yes
3777,55+,Female,10-20L,Weekly,10000.0,No,<1,Mobile,Home & Furniture,30.0,30.0,10000.0,Groceries,No
3778,18-25,Male,<2L,Weekly,7000.0,Yes,<1,Both,Books,60.0,7.0,1000.0,Groceries,No
3779,55+,Male,2-5L,Bi-weekly,10000.0,Yes,3-5,Mobile,Electronics,30.0,30.0,500.0,Fashion,No
3780,55+,Female,<2,Quarterly,5000.0,No,<1,Both,Fashion,30.0,60.0,2000.0,Home & Furniture,No
3781,18-25,Female,5L-10L,Weekly,10000.0,No,<1,Both,Groceries,50.0,30.0,1000.0,Books,No
3782,55+,Male,>20L,Weekly,10000.0,No,<1,Mobile,Electronics,20.0,15.0,2000.0,Fashion,No
3783,55+,Male,5-10L,Bi-weekly,7000.0,Yes,1-3,Mobile,Fashion,30.0,15.0,1000.0,Fashion,Yes
3784,26-35,Male,2-5L,Weekly,12000.0,No,1-3,Mobile,Electronics,40.0,30.0,500.0,Fashion,Yes
3785,46-55,Female,10-20L,Weekly,5000.0,No,<1,Desktop,Fashion,40.0,15.0,500.0,Fashion,No
3787,55+,Female,2-5L,Rarely,15000.0,No,3-5,Both,Home & Furniture,50.0,15.0,1000.0,Books,No
3788,18-25,Male,5-10L,Quarterly,5000.0,No,5+,Mobile,Home & Furniture,20.0,7.0,5000.0,Fashion,Yes
3789,36-45,Female,5-10L,Quarterly,5000.0,No,3-5,Desktop,Electronics,50.0,7.0,500.0,Home & Furniture,Yes
3790,55+,Male,>20L,Rarely,7000.0,No,1-3,Desktop,Home & Furniture,40.0,7.0,500.0,Books,No
3791,26-35,Male,2-5L,Weekly,5000.0,No,3-5,Desktop,Books,20.0,30.0,1000.0,Groceries,No
3792,36-45,Male,5-10L,Quarterly,12000.0,Yes,1-3,Mobile,Electronics,25.0,7.0,5000.0,Electronics,Yes
3793,18-25,Male,5-10L,Weekly,5000.0,No,<1,Desktop,Electronics,15.0,15.0,2000.0,Fashion,Yes
3794,18-25,Male,5-10L,Bi-weekly,20000.0,No,<1,Desktop,Home & Furniture,60.0,15.0,1000.0,Home & Furniture,Yes
3795,46-55,Male,5-10L,Weekly,5000.0,No,3-5,Mobile,Fashion,30.0,7.0,1000.0,Groceries,No
3797,46-55,Female,<2,Weekly,10000.0,No,<1,Mobile,Home & Furniture,15.0,30.0,500.0,Electronics,No
3798,55+,Male,5-10L,Weekly,3000.0,No,3-5,Mobile,Fashion,30.0,30.0,500.0,Fashion,Yes
3799,36-45,Male,2-5L,Bi-weekly,3000.0,Yes,3-5,Mobile,Groceries,50.0,7.0,1000.0,Fashion,No
3801,18-25,Male,<2,Quarterly,10000.0,No,3-5,Both,Books,40.0,7.0,1000.0,Home & Furniture,No
3802,26-35,Male,<2L,Weekly,12000.0,No,<1,Mobile,Books,30.0,7.0,2000.0,Books,Yes
3803,36-45,Male,10-20L,Quarterly,15000.0,Yes,3-5,Mobile,Books,50.0,60.0,2000.0,Home & Furniture,No
3804,26-35,Male,5-10L,Weekly,7000.0,Yes,<1,Mobile,Home & Furniture,50.0,30.0,500.0,Home & Furniture,No
3805,18-25,Male,5-10L,Weekly,10000.0,No,1-3,Mobile,Electronics,30.0,15.0,5000.0,Fashion,Yes
3806,18-25,Female,5-10L,Monthly,10000.0,Yes,3-5,Mobile,Home & Furniture,15.0,7.0,1000.0,Home & Furniture,No
3807,55+,Male,5-10L,Weekly,5000.0,No,3-5,Both,Electronics,30.0,30.0,5000.0,Fashion,Yes
3808,46-55,Female,10-20L,Weekly,7000.0,Yes,5+,Desktop,Books,30.0,30.0,5000.0,Fashion,No
3810,55+,Female,5L-10L,Monthly,5000.0,Yes,5+,Both,Electronics,60.0,30.0,2000.0,Fashion,No
3812,18-25,Male,5L-10L,Quarterly,5000.0,No,5+,Both,Fashion,20.0,30.0,1000.0,Home & Furniture,No
3813,46-55,Male,>20L,Monthly,10000.0,No,1-3,Mobile,Electronics,25.0,7.0,500.0,Books,No
3814,18-25,Male,5L-10L,Monthly,15000.0,Yes,3-5,Desktop,Electronics,30.0,30.0,1000.0,Home & Furniture,Yes
3815,55+,Female,>20L,Weekly,5000.0,No,<1,Mobile,Home & Furniture,30.0,15.0,5000.0,Books,No
3816,36-45,Male,5-10L,Weekly,5000.0,No,<1,Mobile,Electronics,50.0,60.0,1000.0,Fashion,No
3817,36-45,Male,>20L,Weekly,10000.0,No,5+,Mobile,Groceries,40.0,15.0,5000.0,Home & Furniture,No
3818,26-35,Female,10-20L,Quarterly,15000.0,No,1-3,Mobile,Electronics,25.0,30.0,1000.0,Groceries,Yes
3819,55+,Female,<2,Rarely,7000.0,Yes,1-3,Mobile,Electronics,30.0,15.0,5000.0,Books,No
3820,55+,Male,2-5L,Weekly,5000.0,Yes,5+,Both,Electronics,20.0,30.0,1000.0,Fashion,Yes
3821,55+,Male,5L-10L,Rarely,5000.0,No,<1,Mobile,Electronics,20.0,60.0,2000.0,Home & Furniture,No
3822,46-55,Female,>20L,Weekly,5000.0,No,3-5,Mobile,Home & Furniture,10.0,7.0,2000.0,Fashion,No
3824,18-25,Male,2-5L,Bi-weekly,10000.0,No,5+,Mobile,Electronics,50.0,30.0,1000.0,Groceries,Yes
3825,55+,Female,5-10L,Weekly,3000.0,No,1-3,Mobile,Fashion,15.0,60.0,500.0,Electronics,No
3826,46-55,Male,2-5L,Weekly,15000.0,No,3-5,Mobile,Electronics,30.0,7.0,5000.0,Fashion,Yes
3827,26-35,Male,5L-10L,Bi-weekly,20000.0,No,5+,Both,Groceries,25.0,15.0,5000.0,Home & Furniture,Yes
3829,55+,Male,2-5L,Quarterly,5000.0,Yes,<1,Desktop,Home & Furniture,30.0,15.0,1000.0,Books,Yes
3830,46-55,Female,5-10L,Quarterly,20000.0,Yes,<1,Desktop,Home & Furniture,30.0,7.0,1000.0,Groceries,No
3831,36-45,Male,5-10L,Weekly,3000.0,Yes,<1,Mobile,Home & Furniture,50.0,30.0,500.0,Home & Furniture,Yes
3833,36-45,Male,>20L,Weekly,7000.0,No,3-5,Mobile,Home & Furniture,10.0,7.0,1000.0,Fashion,Yes
3835,26-35,Male,5-10L,Weekly,5000.0,Yes,3-5,Desktop,Fashion,25.0,30.0,500.0,Fashion,Yes
3836,36-45,Male,5-10L,Monthly,5000.0,No,<1,Mobile,Groceries,30.0,15.0,1000.0,Fashion,No
3837,55+,Female,10-20L,Quarterly,10000.0,No,5+,Both,Electronics,30.0,30.0,1000.0,Home & Furniture,Yes
3840,26-35,Male,5-10L,Quarterly,5000.0,Yes,3-5,Both,Fashion,20.0,60.0,5000.0,Books,Yes
3841,55+,Male,2-5L,Weekly,10000.0,No,<1,Mobile,Electronics,30.0,60.0,1000.0,Groceries,No
3842,46-55,Female,5-10L,Quarterly,5000.0,No,<1,Mobile,Electronics,30.0,30.0,10000.0,Home & Furniture,No
3843,46-55,Male,5-10L,Quarterly,10000.0,Yes,3-5,Mobile,Groceries,20.0,15.0,1000.0,Fashion,Yes
3844,46-55,Female,<2,Weekly,5000.0,No,<1,Mobile,Fashion,30.0,30.0,2000.0,Books,No
3845,55+,Male,2-5L,Bi-weekly,12000.0,No,<1,Mobile,Fashion,15.0,30.0,2000.0,Fashion,Yes
3846,46-55,Male,2-5L,Weekly,5000.0,No,3-5,Mobile,Books,10.0,15.0,500.0,Fashion,No
3848,55+,Female,2-5L,Monthly,5000.0,No,<1,Mobile,Fashion,40.0,30.0,2000.0,Books,No
3849,26-35,Female,>20L,Quarterly,5000.0,No,3-5,Mobile,Books,30.0,60.0,2000.0,Home & Furniture,No
3850,26-35,Male,5L-10L,Weekly,10000.0,No,<1,Desktop,Electronics,60.0,30.0,2000.0,Electronics,Yes
3851,36-45,Male,2-5L,Weekly,10000.0,No,5+,Mobile,Electronics,60.0,30.0,2000.0,Books,No
3852,26-35,Male,<2,Rarely,15000.0,No,<1,Mobile,Fashion,40.0,60.0,5000.0,Home & Furniture,No
3853,36-45,Male,2-5L,Rarely,10000.0,No,1-3,Desktop,Groceries,50.0,60.0,2000.0,Electronics,No
3854,36-45,Male,5-10L,Quarterly,7000.0,Yes,3-5,Desktop,Electronics,15.0,7.0,1000.0,Fashion,No
3855,46-55,Female,5-10L,Quarterly,12000.0,No,3-5,Mobile,Home & Furniture,50.0,30.0,500.0,Fashion,No
3856,26-35,Male,<2L,Rarely,3000.0,No,3-5,Mobile,Electronics,40.0,30.0,1000.0,Home & Furniture,No
3857,55+,Male,>20L,Weekly,10000.0,No,1-3,Both,Electronics,50.0,7.0,1000.0,Fashion,No
3858,36-45,Female,<2,Monthly,10000.0,Yes,<1,Mobile,Books,20.0,30.0,1000.0,Home & Furniture,No
3859,55+,Male,5-10L,Rarely,5000.0,Yes,3-5,Mobile,Home & Furniture,40.0,60.0,500.0,Groceries,Yes
3860,18-25,Male,<2L,Bi-weekly,10000.0,No,1-3,Mobile,Groceries,10.0,30.0,500.0,Books,No
3861,36-45,Female,5-10L,Quarterly,20000.0,Yes,<1,Mobile,Electronics,40.0,15.0,500.0,Fashion,No
3862,18-25,Male,2-5L,Quarterly,5000.0,Yes,<1,Mobile,Fashion,20.0,60.0,1000.0,Groceries,Yes
3863,55+,Male,<2L,Weekly,10000.0,Yes,3-5,Both,Books,60.0,30.0,1000.0,Home & Furniture,No
3865,55+,Male,2-5L,Rarely,7000.0,Yes,5+,Mobile,Fashion,25.0,60.0,10000.0,Fashion,Yes
3867,46-55,Male,<2,Weekly,5000.0,Yes,<1,Mobile,Fashion,20.0,15.0,1000.0,Fashion,No
3868,26-35,Male,<2,Bi-weekly,10000.0,No,<1,Both,Fashion,30.0,7.0,2000.0,Electronics,Yes
3870,36-45,Male,5-10L,Weekly,5000.0,Yes,5+,Mobile,Home & Furniture,50.0,30.0,500.0,Groceries,Yes
3871,36-45,Male,2-5L,Bi-weekly,10000.0,Yes,3-5,Both,Home & Furniture,25.0,30.0,10000.0,Groceries,No
3872,26-35,Male,2-5L,Weekly,5000.0,No,3-5,Desktop,Fashion,20.0,30.0,1000.0,Fashion,No
3873,18-25,Male,2-5L,Monthly,5000.0,Yes,1-3,Mobile,Fashion,20.0,30.0,2000.0,Fashion,No
3874,18-25,Male,2-5L,Weekly,10000.0,No,1-3,Desktop,Books,10.0,30.0,500.0,Fashion,Yes
3876,55+,Male,>20L,Quarterly,10000.0,No,3-5,Mobile,Books,40.0,15.0,1000.0,Home & Furniture,No
3877,18-25,Male,5-10L,Weekly,10000.0,No,3-5,Mobile,Groceries,30.0,7.0,5000.0,Fashion,No
3878,55+,Male,2-5L,Quarterly,10000.0,No,3-5,Both,Home & Furniture,15.0,60.0,500.0,Books,No
3879,18-25,Male,2-5L,Weekly,5000.0,No,<1,Mobile,Electronics,25.0,60.0,10000.0,Electronics,No
3881,55+,Male,<2,Weekly,5000.0,No,1-3,Mobile,Groceries,30.0,7.0,5000.0,Electronics,Yes
3882,55+,Male,2-5L,Rarely,7000.0,No,1-3,Both,Electronics,10.0,15.0,1000.0,Home & Furniture,No
3883,55+,Female,5-10L,Weekly,5000.0,No,3-5,Mobile,Electronics,40.0,7.0,1000.0,Electronics,Yes
3884,36-45,Male,5L-10L,Weekly,10000.0,No,<1,Mobile,Electronics,15.0,60.0,1000.0,Home & Furniture,Yes
3885,55+,Male,2-5L,Monthly,3000.0,No,3-5,Both,Electronics,30.0,30.0,1000.0,Books,No
3886,18-25,Female,5-10L,Monthly,7000.0,Yes,1-3,Both,Electronics,40.0,7.0,500.0,Groceries,Yes
3887,55+,Male,<2,Monthly,5000.0,No,3-5,Mobile,Books,25.0,7.0,1000.0,Fashion,Yes
3888,55+,Male,<2L,Weekly,20000.0,Yes,1-3,Desktop,Electronics,20.0,15.0,2000.0,Electronics,Yes
3889,55+,Male,10-20L,Weekly,15000.0,No,<1,Mobile,Fashion,30.0,30.0,1000.0,Electronics,No
3891,55+,Male,<2,Weekly,10000.0,No,3-5,Mobile,Fashion,30.0,60.0,1000.0,Home & Furniture,No
3892,46-55,Male,5-10L,Bi-weekly,20000.0,No,<1,Both,Electronics,30.0,30.0,5000.0,Home & Furniture,No
3893,46-55,Male,>20L,Weekly,5000.0,No,3-5,Desktop,Fashion,25.0,30.0,2000.0,Fashion,No
3896,46-55,Male,10-20L,Rarely,10000.0,No,1-3,Desktop,Electronics,25.0,30.0,500.0,Groceries,Yes
3897,55+,Male,5-10L,Weekly,5000.0,Yes,1-3,Desktop,Home & Furniture,15.0,30.0,1000.0,Groceries,No
3898,36-45,Male,5L-10L,Monthly,10000.0,No,3-5,Mobile,Electronics,30.0,60.0,1000.0,Home & Furniture,No
3899,55+,Male,>20L,Rarely,20000.0,Yes,1-3,Desktop,Fashion,40.0,7.0,1000.0,Fashion,No
3900,26-35,Male,5-10L,Bi-weekly,10000.0,No,1-3,Mobile,Fashion,30.0,7.0,1000.0,Fashion,No
3901,18-25,Male,5L-10L,Weekly,5000.0,No,3-5,Mobile,Electronics,40.0,30.0,1000.0,Fashion,No
3903,55+,Female,>20L,Quarterly,5000.0,Yes,<1,Desktop,Home & Furniture,30.0,30.0,1000.0,Electronics,Yes
3904,46-55,Male,>20L,Weekly,10000.0,Yes,1-3,Both,Electronics,15.0,7.0,500.0,Groceries,No
3905,36-45,Male,5-10L,Quarterly,10000.0,No,3-5,Mobile,Electronics,10.0,60.0,2000.0,Groceries,No
3906,46-55,Male,5-10L,Quarterly,5000.0,No,3-5,Both,Fashion,30.0,30.0,5000.0,Home & Furniture,No
3907,55+,Male,<2L,Weekly,15000.0,Yes,<1,Desktop,Electronics,25.0,30.0,1000.0,Groceries,Yes
3908,55+,Female,5L-10L,Weekly,7000.0,Yes,1-3,Mobile,Electronics,50.0,30.0,1000.0,Electronics,No
3910,55+,Male,5L-10L,Quarterly,15000.0,No,5+,Mobile,Books,25.0,30.0,5000.0,Fashion,Yes
3911,46-55,Female,5L-10L,Weekly,10000.0,No,1-3,Mobile,Fashion,25.0,7.0,500.0,Fashion,No
3914,36-45,Male,<2,Quarterly,5000.0,No,1-3,Mobile,Groceries,40.0,15.0,1000.0,Books,Yes
3916,26-35,Female,>20L,Weekly,20000.0,Yes,<1,Desktop,Fashion,40.0,15.0,500.0,Electronics,Yes
3918,46-55,Male,10-20L,Weekly,7000.0,No,3-5,Desktop,Electronics,30.0,15.0,500.0,Books,No
3919,46-55,Female,10-20L,Quarterly,15000.0,Yes,3-5,Mobile,Groceries,30.0,60.0,500.0,Groceries,No
3920,36-45,Female,>20L,Weekly,10000.0,No,3-5,Mobile,Electronics,30.0,15.0,5000.0,Home & Furniture,No
3921,26-35,Male,<2,Monthly,5000.0,No,3-5,Both,Electronics,40.0,7.0,10000.0,Fashion,Yes
3922,55+,Female,>20L,Quarterly,5000.0,No,<1,Both,Electronics,30.0,15.0,500.0,Books,Yes
3925,26-35,Female,10-20L,Weekly,15000.0,No,3-5,Both,Electronics,15.0,7.0,1000.0,Electronics,Yes
3926,46-55,Male,10-20L,Rarely,12000.0,No,3-5,Mobile,Electronics,30.0,15.0,500.0,Books,No
3927,46-55,Female,2-5L,Weekly,5000.0,Yes,1-3,Mobile,Electronics,20.0,30.0,500.0,Groceries,No
3928,55+,Male,10-20L,Weekly,10000.0,Yes,3-5,Desktop,Home & Furniture,20.0,7.0,1000.0,Fashion,No
3929,18-25,Male,5-10L,Weekly,5000.0,No,3-5,Mobile,Electronics,20.0,15.0,1000.0,Home & Furniture,No
3930,55+,Male,2-5L,Weekly,5000.0,Yes,3-5,Mobile,Books,30.0,30.0,500.0,Groceries,No
3931,46-55,Male,5-10L,Weekly,12000.0,Yes,5+,Both,Books,25.0,30.0,1000.0,Home & Furniture,Yes
3932,46-55,Female,<2L,Quarterly,5000.0,No,3-5,Mobile,Electronics,60.0,15.0,5000.0,Home & Furniture,Yes
3933,46-55,Male,2-5L,Rarely,7000.0,No,<1,Desktop,Fashion,30.0,30.0,500.0,Electronics,No
3934,18-25,Male,2-5L,Weekly,15000.0,No,1-3,Mobile,Home & Furniture,30.0,7.0,500.0,Fashion,No
3935,36-45,Male,>20L,Weekly,10000.0,No,5+,Mobile,Electronics,30.0,60.0,500.0,Fashion,Yes
3936,26-35,Male,5-10L,Weekly,5000.0,Yes,5+,Mobile,Fashion,30.0,30.0,10000.0,Books,Yes
3938,46-55,Male,5L-10L,Weekly,7000.0,Yes,5+,Mobile,Fashion,30.0,30.0,500.0,Groceries,No
3940,18-25,Male,<2L,Weekly,15000.0,No,<1,Mobile,Electronics,10.0,15.0,2000.0,Fashion,No
3941,18-25,Male,5-10L,Quarterly,10000.0,No,<1,Mobile,Home & Furniture,30.0,60.0,1000.0,Fashion,Yes
3942,26-35,Male,5L-10L,Weekly,5000.0,No,5+,Mobile,Groceries,25.0,30.0,500.0,Electronics,Yes
3943,26-35,Male,2-5L,Rarely,10000.0,Yes,3-5,Mobile,Home & Furniture,60.0,7.0,1000.0,Fashion,Yes
3944,46-55,Male,5L-10L,Weekly,7000.0,No,<1,Mobile,Home & Furniture,15.0,60.0,1000.0,Home & Furniture,Yes
3945,26-35,Male,<2,Weekly,15000.0,No,3-5,Mobile,Electronics,30.0,7.0,2000.0,Groceries,No
3947,55+,Male,>20L,Weekly,7000.0,Yes,3-5,Desktop,Electronics,10.0,60.0,10000.0,Fashion,No
3948,18-25,Female,>20L,Quarterly,7000.0,Yes,<1,Mobile,Fashion,15.0,60.0,5000.0,Home & Furniture,Yes
3949,55+,Male,5-10L,Bi-weekly,10000.0,No,1-3,Mobile,Electronics,25.0,7.0,1000.0,Home & Furniture,No
3950,26-35,Female,>20L,Quarterly,5000.0,Yes,3-5,Mobile,Home & Furniture,40.0,60.0,2000.0,Fashion,Yes
3952,55+,Male,<2L,Quarterly,12000.0,Yes,5+,Mobile,Home & Furniture,30.0,7.0,500.0,Electronics,Yes
3954,55+,Male,>20L,Rarely,5000.0,No,1-3,Desktop,Books,10.0,30.0,1000.0,Home & Furniture,Yes
3956,46-55,Male,<2L,Weekly,10000.0,No,<1,Mobile,Groceries,25.0,30.0,2000.0,Fashion,No
3957,55+,Male,<2L,Weekly,10000.0,Yes,<1,Mobile,Fashion,25.0,60.0,5000.0,Fashion,No
3958,55+,Male,2-5L,Bi-weekly,5000.0,Yes,1-3,Mobile,Fashion,20.0,7.0,2000.0,Fashion,Yes
3959,18-25,Female,>20L,Quarterly,3000.0,No,3-5,Mobile,Electronics,50.0,15.0,1000.0,Groceries,Yes
3961,36-45,Male,<2,Bi-weekly,7000.0,No,3-5,Mobile,Electronics,25.0,30.0,500.0,Groceries,Yes
3962,18-25,Male,<2,Weekly,15000.0,Yes,1-3,Mobile,Groceries,10.0,7.0,1000.0,Fashion,Yes
3964,26-35,Female,2-5L,Quarterly,10000.0,Yes,1-3,Desktop,Electronics,15.0,7.0,2000.0,Home & Furniture,No
3966,18-25,Female,5-10L,Weekly,10000.0,Yes,1-3,Desktop,Books,10.0,60.0,500.0,Groceries,No
3967,36-45,Male,5-10L,Weekly,5000.0,No,<1,Both,Electronics,20.0,7.0,500.0,Electronics,No
3968,55+,Male,>20L,Weekly,5000.0,Yes,1-3,Desktop,Groceries,10.0,30.0,500.0,Groceries,No
3969,36-45,Male,2-5L,Rarely,5000.0,Yes,5+,Desktop,Home & Furniture,30.0,7.0,500.0,Fashion,No
3970,18-25,Female,<2,Rarely,5000.0,No,<1,Desktop,Groceries,30.0,60.0,5000.0,Fashion,No
3971,55+,Male,5-10L,Weekly,5000.0,No,<1,Both,Electronics,25.0,7.0,5000.0,Home & Furniture,No
3972,18-25,Male,<2,Weekly,5000.0,Yes,1-3,Mobile,Fashion,25.0,60.0,1000.0,Books,No
3973,46-55,Male,<2L,Weekly,10000.0,No,5+,Mobile,Electronics,50.0,30.0,500.0,Home & Furniture,Yes
3974,26-35,Male,5L-10L,Rarely,5000.0,Yes,3-5,Mobile,Books,25.0,30.0,1000.0,Electronics,No
3975,55+,Male,10-20L,Quarterly,12000.0,No,1-3,Mobile,Fashion,25.0,60.0,10000.0,Home & Furniture,No
3978,18-25,Male,<2,Bi-weekly,12000.0,Yes,1-3,Desktop,Groceries,20.0,60.0,1000.0,Electronics,Yes
3979,36-45,Male,5L-10L,Weekly,7000.0,No,5+,Mobile,Electronics,40.0,15.0,1000.0,Fashion,No
3980,46-55,Female,>20L,Weekly,5000.0,No,3-5,Mobile,Books,15.0,30.0,500.0,Fashion,Yes
3981,18-25,Male,5-10L,Rarely,5000.0,Yes,3-5,Mobile,Home & Furniture,20.0,15.0,1000.0,Groceries,No
3982,36-45,Female,10-20L,Weekly,5000.0,No,<1,Mobile,Electronics,15.0,60.0,500.0,Electronics,Yes
3983,46-55,Male,5-10L,Quarterly,5000.0,Yes,3-5,Mobile,Groceries,40.0,7.0,5000.0,Groceries,Yes
3984,26-35,Male,10-20L,Bi-weekly,10000.0,No,3-5,Desktop,Fashion,40.0,30.0,2000.0,Home & Furniture,No
3985,36-45,Male,5-10L,Weekly,10000.0,No,3-5,Both,Fashion,30.0,15.0,5000.0,Home & Furniture,No
3986,18-25,Female,>20L,Weekly,7000.0,Yes,3-5,Mobile,Electronics,20.0,15.0,5000.0,Home & Furniture,Yes
3987,26-35,Male,10-20L,Weekly,20000.0,Yes,3-5,Desktop,Fashion,30.0,30.0,2000.0,Fashion,No
3988,55+,Male,<2L,Monthly,15000.0,Yes,<1,Mobile,Groceries,15.0,7.0,2000.0,Electronics,No
3989,55+,Male,<2L,Weekly,10000.0,No,<1,Both,Home & Furniture,20.0,15.0,2000.0,Books,Yes
3990,55+,Female,2-5L,Weekly,12000.0,Yes,3-5,Mobile,Books,30.0,7.0,1000.0,Home & Furniture,No
3992,36-45,Male,5-10L,Monthly,12000.0,No,1-3,Mobile,Electronics,30.0,30.0,2000.0,Electronics,No
3993,18-25,Male,5-10L,Weekly,10000.0,No,<1,Mobile,Electronics,10.0,7.0,10000.0,Home & Furniture,No
3994,36-45,Male,>20L,Quarterly,5000.0,No,<1,Mobile,Electronics,20.0,60.0,10000.0,Groceries,No
3995,55+,Female,2-5L,Rarely,10000.0,Yes,5+,Mobile,Electronics,60.0,15.0,2000.0,Fashion,No
3996,18-25,Male,2-5L,Monthly,10000.0,Yes,<1,Mobile,Books,10.0,30.0,500.0,Books,Yes
3997,18-25,Female,10-20L,Weekly,5000.0,No,5+,Desktop,Fashion,30.0,7.0,500.0,Books,No
3998,36-45,Female,5L-10L,Rarely,10000.0,Yes,3-5,Mobile,Books,50.0,30.0,1000.0,Electronics,No
4000,26-35,Female,10-20L,Rarely,7000.0,Yes,5+,Mobile,Fashion,20.0,7.0,1000.0,Groceries,No
4001,55+,Female,>20L,Quarterly,5000.0,No,1-3,Mobile,Electronics,30.0,7.0,1000.0,Fashion,No
4003,55+,Female,2-5L,Rarely,10000.0,Yes,1-3,Mobile,Electronics,30.0,30.0,1000.0,Books,No
4004,26-35,Male,5L-10L,Weekly,10000.0,Yes,5+,Desktop,Electronics,30.0,30.0,1000.0,Electronics,Yes
4005,46-55,Female,2-5L,Weekly,10000.0,Yes,3-5,Both,Fashion,30.0,30.0,5000.0,Home & Furniture,No
4006,26-35,Male,2-5L,Weekly,10000.0,No,3-5,Both,Groceries,25.0,30.0,5000.0,Groceries,Yes
4007,36-45,Female,10-20L,Quarterly,3000.0,Yes,3-5,Mobile,Electronics,30.0,60.0,2000.0,Books,Yes
4008,18-25,Male,<2,Weekly,7000.0,No,1-3,Desktop,Electronics,20.0,15.0,5000.0,Electronics,Yes
4009,26-35,Male,<2,Bi-weekly,7000.0,No,<1,Desktop,Fashion,50.0,30.0,5000.0,Home & Furniture,No
4010,46-55,Female,<2,Quarterly,15000.0,Yes,1-3,Desktop,Groceries,10.0,15.0,500.0,Fashion,Yes
4011,26-35,Male,<2L,Weekly,10000.0,No,3-5,Mobile,Books,20.0,60.0,2000.0,Fashion,No
4012,26-35,Male,5-10L,Quarterly,12000.0,No,3-5,Mobile,Fashion,40.0,30.0,2000.0,Groceries,Yes
4014,18-25,Female,2-5L,Quarterly,5000.0,Yes,5+,Mobile,Groceries,25.0,7.0,1000.0,Home & Furniture,Yes
4015,46-55,Male,5-10L,Monthly,10000.0,Yes,1-3,Desktop,Electronics,25.0,30.0,2000.0,Electronics,No
4017,26-35,Female,5-10L,Weekly,12000.0,Yes,1-3,Mobile,Fashion,50.0,7.0,1000.0,Electronics,No
4018,36-45,Female,5-10L,Weekly,10000.0,Yes,<1,Mobile,Electronics,30.0,7.0,5000.0,Electronics,No
4019,18-25,Male,2-5L,Rarely,5000.0,Yes,3-5,Mobile,Home & Furniture,50.0,60.0,1000.0,Groceries,Yes
4020,55+,Male,5L-10L,Weekly,5000.0,No,3-5,Mobile,Home & Furniture,50.0,30.0,2000.0,Electronics,No
4021,26-35,Female,10-20L,Weekly,12000.0,Yes,3-5,Mobile,Fashion,25.0,30.0,1000.0,Electronics,No
4022,26-35,Female,5-10L,Weekly,5000.0,No,3-5,Mobile,Groceries,20.0,30.0,5000.0,Books,Yes
4023,36-45,Male,2-5L,Weekly,5000.0,No,5+,Mobile,Groceries,15.0,60.0,2000.0,Books,No
4024,55+,Male,<2,Rarely,20000.0,Yes,5+,Desktop,Electronics,15.0,15.0,5000.0,Fashion,No
4025,55+,Male,<2L,Monthly,20000.0,No,3-5,Mobile,Electronics,30.0,7.0,10000.0,Electronics,Yes
4026,55+,Female,2-5L,Weekly,5000.0,No,<1,Mobile,Fashion,15.0,30.0,500.0,Electronics,No
4028,46-55,Male,<2L,Rarely,7000.0,No,3-5,Mobile,Fashion,30.0,15.0,500.0,Fashion,Yes
4029,36-45,Male,5-10L,Weekly,3000.0,No,3-5,Mobile,Electronics,50.0,60.0,5000.0,Fashion,No
4030,55+,Male,<2,Rarely,5000.0,Yes,3-5,Desktop,Electronics,40.0,7.0,1000.0,Electronics,Yes
4031,55+,Female,2-5L,Monthly,5000.0,No,1-3,Mobile,Books,30.0,30.0,5000.0,Fashion,Yes
4032,36-45,Male,5L-10L,Rarely,15000.0,Yes,5+,Mobile,Books,20.0,15.0,10000.0,Groceries,No
4033,46-55,Male,<2L,Quarterly,5000.0,Yes,3-5,Both,Electronics,25.0,30.0,2000.0,Home & Furniture,Yes
4034,55+,Male,<2L,Weekly,3000.0,Yes,3-5,Desktop,Fashion,25.0,7.0,1000.0,Electronics,No
4035,18-25,Female,<2,Bi-weekly,10000.0,No,3-5,Mobile,Electronics,40.0,30.0,500.0,Groceries,No
4036,36-45,Male,5-10L,Weekly,3000.0,Yes,<1,Mobile,Fashion,20.0,30.0,2000.0,Books,No
4037,55+,Male,2-5L,Monthly,15000.0,Yes,3-5,Mobile,Fashion,15.0,15.0,1000.0,Fashion,No
4038,55+,Male,>20L,Monthly,5000.0,Yes,3-5,Mobile,Electronics,30.0,7.0,5000.0,Books,No
4039,36-45,Female,<2,Weekly,5000.0,No,3-5,Mobile,Electronics,25.0,30.0,5000.0,Electronics,No
4042,55+,Male,<2,Quarterly,3000.0,No,<1,Both,Electronics,30.0,7.0,2000.0,Fashion,No
4043,18-25,Male,2-5L,Weekly,15000.0,Yes,5+,Mobile,Electronics,30.0,7.0,1000.0,Books,No
4044,55+,Female,5-10L,Monthly,15000.0,No,5+,Both,Electronics,60.0,30.0,1000.0,Fashion,No
4045,36-45,Female,2-5L,Weekly,15000.0,No,<1,Mobile,Fashion,20.0,15.0,1000.0,Groceries,No
4047,26-35,Female,>20L,Rarely,3000.0,No,3-5,Both,Books,20.0,60.0,2000.0,Home & Furniture,Yes
4048,26-35,Male,5-10L,Weekly,10000.0,No,1-3,Mobile,Fashion,60.0,15.0,1000.0,Fashion,No
4050,55+,Male,5-10L,Weekly,7000.0,No,3-5,Mobile,Home & Furniture,10.0,15.0,5000.0,Groceries,No
4051,55+,Male,5-10L,Weekly,12000.0,No,<1,Mobile,Fashion,50.0,7.0,5000.0,Fashion,No
4052,46-55,Female,5-10L,Rarely,10000.0,Yes,1-3,Desktop,Electronics,20.0,15.0,2000.0,Home & Furniture,No
4053,55+,Female,5-10L,Quarterly,10000.0,Yes,3-5,Mobile,Home & Furniture,30.0,60.0,500.0,Home & Furniture,Yes
4055,55+,Male,2-5L,Quarterly,20000.0,Yes,3-5,Mobile,Groceries,20.0,60.0,10000.0,Home & Furniture,No
4056,55+,Female,<2,Weekly,12000.0,Yes,3-5,Desktop,Electronics,50.0,60.0,5000.0,Home & Furniture,No
4057,26-35,Male,5L-10L,Monthly,15000.0,Yes,1-3,Mobile,Books,30.0,15.0,1000.0,Groceries,No
4058,55+,Male,5-10L,Weekly,10000.0,No,1-3,Mobile,Books,30.0,60.0,1000.0,Books,No
4059,55+,Male,5-10L,Weekly,5000.0,Yes,5+,Mobile,Electronics,10.0,60.0,1000.0,Home & Furniture,No
4060,55+,Male,>20L,Weekly,10000.0,Yes,3-5,Desktop,Home & Furniture,30.0,30.0,1000.0,Groceries,Yes
4061,55+,Male,5-10L,Weekly,10000.0,No,1-3,Both,Groceries,15.0,60.0,2000.0,Fashion,Yes
4063,55+,Male,<2L,Monthly,10000.0,No,3-5,Mobile,Books,25.0,15.0,2000.0,Home & Furniture,No
4065,18-25,Male,<2,Weekly,5000.0,No,3-5,Desktop,Books,25.0,30.0,1000.0,Home & Furniture,No
4066,55+,Female,5L-10L,Quarterly,10000.0,Yes,1-3,Mobile,Electronics,30.0,7.0,5000.0,Electronics,No
4067,26-35,Male,5-10L,Monthly,15000.0,Yes,<1,Both,Fashion,30.0,7.0,2000.0,Books,Yes
4068,55+,Female,10-20L,Rarely,5000.0,No,3-5,Mobile,Home & Furniture,10.0,7.0,1000.0,Fashion,Yes
4069,55+,Male,5-10L,Quarterly,12000.0,No,3-5,Mobile,Fashion,40.0,7.0,1000.0,Books,No
4070,26-35,Male,5-10L,Weekly,5000.0,No,5+,Mobile,Groceries,10.0,7.0,2000.0,Home & Furniture,No
4071,36-45,Female,<2L,Quarterly,10000.0,No,1-3,Both,Fashion,60.0,60.0,5000.0,Electronics,Yes
4073,36-45,Male,2-5L,Bi-weekly,15000.0,Yes,<1,Mobile,Electronics,20.0,30.0,5000.0,Home & Furniture,No
4074,26-35,Male,2-5L,Rarely,5000.0,No,<1,Desktop,Fashion,30.0,15.0,2000.0,Books,Yes
4075,55+,Male,5L-10L,Weekly,15000.0,Yes,1-3,Mobile,Electronics,50.0,15.0,500.0,Fashion,Yes
4076,36-45,Male,2-5L,Monthly,15000.0,No,5+,Mobile,Books,15.0,30.0,2000.0,Electronics,Yes
4077,46-55,Female,5L-10L,Bi-weekly,5000.0,Yes,3-5,Mobile,Fashion,50.0,60.0,500.0,Fashion,No
4078,46-55,Male,2-5L,Monthly,7000.0,No,1-3,Desktop,Electronics,50.0,30.0,2000.0,Electronics,No
4079,18-25,Male,10-20L,Weekly,12000.0,Yes,3-5,Both,Books,25.0,60.0,500.0,Electronics,No
4080,36-45,Male,2-5L,Bi-weekly,3000.0,Yes,<1,Desktop,Electronics,40.0,30.0,500.0,Home & Furniture,No
4081,36-45,Female,<2,Weekly,10000.0,Yes,1-3,Mobile,Fashion,20.0,7.0,2000.0,Home & Furniture,No
4082,55+,Female,5L-10L,Monthly,7000.0,Yes,3-5,Mobile,Books,30.0,7.0,5000.0,Home & Furniture,Yes
4083,55+,Female,2-5L,Weekly,10000.0,No,3-5,Both,Books,30.0,30.0,2000.0,Electronics,Yes
4084,36-45,Male,5-10L,Quarterly,7000.0,No,3-5,Mobile,Electronics,15.0,30.0,5000.0,Home & Furniture,No
4085,46-55,Male,>20L,Quarterly,5000.0,Yes,3-5,Mobile,Fashion,60.0,15.0,10000.0,Electronics,Yes
4086,55+,Female,<2L,Quarterly,5000.0,Yes,3-5,Mobile,Electronics,60.0,15.0,10000.0,Fashion,Yes
4087,46-55,Female,5L-10L,Weekly,15000.0,No,3-5,Desktop,Fashion,60.0,60.0,2000.0,Fashion,No
4088,55+,Female,2-5L,Monthly,10000.0,No,<1,Desktop,Electronics,30.0,30.0,2000.0,Home & Furniture,No
4090,26-35,Female,10-20L,Monthly,10000.0,No,3-5,Mobile,Books,40.0,30.0,5000.0,Fashion,Yes
4091,18-25,Male,<2,Quarterly,5000.0,No,3-5,Mobile,Home & Furniture,30.0,30.0,1000.0,Fashion,No
4092,55+,Male,5-10L,Quarterly,5000.0,Yes,3-5,Both,Books,50.0,30.0,2000.0,Home & Furniture,No
4093,55+,Female,5-10L,Weekly,10000.0,No,3-5,Desktop,Electronics,50.0,60.0,2000.0,Groceries,Yes
4095,26-35,Male,<2,Weekly,5000.0,No,3-5,Mobile,Electronics,30.0,7.0,10000.0,Electronics,No
4096,55+,Male,<2L,Weekly,10000.0,No,3-5,Mobile,Electronics,25.0,7.0,1000.0,Fashion,Yes
4097,46-55,Male,5L-10L,Monthly,15000.0,Yes,1-3,Mobile,Electronics,60.0,15.0,2000.0,Home & Furniture,Yes
4098,46-55,Male,5-10L,Quarterly,5000.0,No,3-5,Mobile,Groceries,25.0,30.0,2000.0,Fashion,No
4099,55+,Female,<2,Weekly,10000.0,Yes,3-5,Mobile,Electronics,10.0,7.0,2000.0,Home & Furniture,No
4100,55+,Male,<2L,Rarely,10000.0,No,1-3,Desktop,Electronics,30.0,60.0,1000.0,Home & Furniture,No
4101,26-35,Male,5L-10L,Weekly,12000.0,Yes,3-5,Mobile,Fashion,20.0,30.0,1000.0,Fashion,No
4102,46-55,Male,5-10L,Bi-weekly,5000.0,No,3-5,Mobile,Books,10.0,30.0,500.0,Books,Yes
4103,46-55,Male,>20L,Weekly,15000.0,Yes,1-3,Desktop,Home & Furniture,30.0,30.0,2000.0,Home & Furniture,Yes
4104,55+,Male,5-10L,Monthly,20000.0,Yes,3-5,Mobile,Electronics,40.0,15.0,1000.0,Fashion,No
4105,55+,Male,5L-10L,Rarely,5000.0,No,3-5,Both,Fashion,30.0,30.0,500.0,Fashion,Yes
4106,18-25,Male,<2,Weekly,5000.0,Yes,1-3,Mobile,Electronics,25.0,7.0,1000.0,Home & Furniture,No
4107,55+,Male,2-5L,Quarterly,10000.0,Yes,5+,Mobile,Electronics,20.0,7.0,1000.0,Electronics,No
4108,55+,Male,10-20L,Weekly,3000.0,No,5+,Mobile,Fashion,50.0,60.0,1000.0,Home & Furniture,No
4109,55+,Female,2-5L,Weekly,5000.0,Yes,3-5,Mobile,Electronics,40.0,7.0,1000.0,Books,No
4110,55+,Male,2-5L,Weekly,15000.0,No,5+,Both,Electronics,15.0,60.0,500.0,Home & Furniture,Yes
4111,36-45,Male,10-20L,Weekly,10000.0,Yes,3-5,Desktop,Electronics,10.0,30.0,500.0,Home & Furniture,No
4115,55+,Female,>20L,Weekly,12000.0,No,<1,Desktop,Groceries,15.0,30.0,500.0,Groceries,No
4116,55+,Male,2-5L,Bi-weekly,15000.0,No,1-3,Mobile,Home & Furniture,25.0,30.0,2000.0,Fashion,No
4119,36-45,Female,<2L,Weekly,10000.0,No,5+,Mobile,Fashion,25.0,15.0,5000.0,Home & Furniture,Yes
4120,36-45,Male,5-10L,Weekly,12000.0,No,3-5,Mobile,Groceries,60.0,15.0,500.0,Groceries,No
4121,55+,Male,5-10L,Quarterly,7000.0,No,3-5,Mobile,Home & Furniture,30.0,7.0,1000.0,Books,Yes
4122,55+,Male,5-10L,Weekly,5000.0,Yes,3-5,Desktop,Fashion,15.0,30.0,500.0,Groceries,No
4123,55+,Male,<2L,Weekly,7000.0,Yes,3-5,Mobile,Books,30.0,7.0,5000.0,Electronics,No
4125,55+,Female,>20L,Monthly,5000.0,No,<1,Mobile,Electronics,50.0,15.0,2000.0,Home & Furniture,No
4126,18-25,Male,5-10L,Quarterly,5000.0,Yes,3-5,Mobile,Home & Furniture,30.0,30.0,2000.0,Fashion,No
4127,46-55,Male,>20L,Bi-weekly,10000.0,No,1-3,Mobile,Home & Furniture,25.0,7.0,2000.0,Home & Furniture,Yes
4128,36-45,Female,<2,Weekly,3000.0,No,3-5,Desktop,Electronics,15.0,15.0,5000.0,Books,No
4129,55+,Male,5-10L,Weekly,10000.0,Yes,1-3,Mobile,Electronics,15.0,30.0,1000.0,Fashion,No
4130,55+,Female,<2L,Weekly,10000.0,Yes,1-3,Mobile,Groceries,15.0,30.0,2000.0,Home & Furniture,No
4131,55+,Male,<2,Quarterly,10000.0,Yes,1-3,Mobile,Electronics,30.0,30.0,10000.0,Fashion,No
4132,46-55,Male,>20L,Rarely,10000.0,Yes,<1,Mobile,Electronics,40.0,15.0,5000.0,Electronics,Yes
4133,36-45,Male,<2L,Weekly,7000.0,Yes,<1,Mobile,Fashion,20.0,15.0,2000.0,Books,Yes
4135,55+,Male,2-5L,Rarely,12000.0,Yes,3-5,Mobile,Electronics,30.0,30.0,500.0,Home & Furniture,No
4136,18-25,Male,5-10L,Weekly,10000.0,No,3-5,Desktop,Groceries,30.0,30.0,1000.0,Home & Furniture,No
4137,36-45,Male,5-10L,Weekly,12000.0,No,3-5,Mobile,Electronics,30.0,30.0,1000.0,Fashion,No
4138,55+,Male,<2,Quarterly,5000.0,Yes,<1,Desktop,Books,40.0,60.0,2000.0,Fashion,No
4139,55+,Male,5L-10L,Bi-weekly,10000.0,No,1-3,Mobile,Groceries,60.0,15.0,2000.0,Home & Furniture,No
4140,55+,Male,<2,Weekly,12000.0,Yes,<1,Mobile,Fashion,50.0,7.0,2000.0,Home & Furniture,Yes
4141,36-45,Female,10-20L,Weekly,5000.0,Yes,3-5,Both,Books,30.0,30.0,2000.0,Home & Furniture,Yes
4142,46-55,Male,<2,Quarterly,5000.0,Yes,5+,Mobile,Home & Furniture,60.0,15.0,500.0,Home & Furniture,Yes
4143,55+,Male,2-5L,Weekly,10000.0,No,<1,Both,Electronics,25.0,30.0,1000.0,Electronics,No
4144,36-45,Female,2-5L,Weekly,7000.0,No,3-5,Both,Fashion,10.0,7.0,10000.0,Electronics,No
4145,36-45,Female,<2L,Quarterly,15000.0,No,1-3,Mobile,Fashion,15.0,7.0,2000.0,Fashion,No
4146,26-35,Male,<2L,Quarterly,12000.0,No,3-5,Mobile,Groceries,60.0,7.0,1000.0,Fashion,No
4147,18-25,Male,>20L,Bi-weekly,3000.0,No,5+,Mobile,Fashion,60.0,15.0,2000.0,Fashion,No
4148,55+,Male,>20L,Monthly,7000.0,No,1-3,Mobile,Electronics,60.0,30.0,2000.0,Fashion,Yes
4149,36-45,Female,>20L,Rarely,12000.0,Yes,<1,Mobile,Home & Furniture,40.0,7.0,1000.0,Fashion,Yes
4151,26-35,Male,<2L,Quarterly,10000.0,Yes,3-5,Both,Home & Furniture,50.0,30.0,1000.0,Home & Furniture,Yes
4152,46-55,Male,5-10L,Weekly,5000.0,No,<1,Mobile,Books,25.0,60.0,500.0,Electronics,No
4153,36-45,Male,5-10L,Rarely,15000.0,No,<1,Mobile,Electronics,30.0,15.0,1000.0,Home & Furniture,No
4154,36-45,Male,5-10L,Weekly,7000.0,Yes,3-5,Both,Fashion,60.0,7.0,1000.0,Groceries,Yes
4156,18-25,Male,2-5L,Rarely,5000.0,No,<1,Mobile,Books,30.0,30.0,2000.0,Home & Furniture,No
4157,55+,Male,2-5L,Weekly,12000.0,No,3-5,Mobile,Electronics,25.0,15.0,10000.0,Home & Furniture,Yes
4158,18-25,Female,5L-10L,Quarterly,10000.0,No,3-5,Desktop,Books,30.0,30.0,5000.0,Electronics,Yes
4159,55+,Male,10-20L,Monthly,5000.0,Yes,3-5,Mobile,Fashion,60.0,60.0,2000.0,Groceries,Yes
4160,26-35,Male,10-20L,Weekly,10000.0,Yes,5+,Mobile,Electronics,40.0,15.0,1000.0,Electronics,Yes
4161,46-55,Male,5-10L,Rarely,20000.0,Yes,<1,Mobile,Fashion,30.0,15.0,2000.0,Groceries,Yes
4162,55+,Female,2-5L,Bi-weekly,10000.0,No,5+,Mobile,Electronics,40.0,30.0,10000.0,Groceries,No
4163,55+,Male,<2,Quarterly,7000.0,No,1-3,Mobile,Electronics,30.0,15.0,500.0,Electronics,Yes
4164,36-45,Female,5L-10L,Monthly,5000.0,No,3-5,Mobile,Fashion,20.0,60.0,2000.0,Home & Furniture,No
4165,46-55,Male,>20L,Quarterly,5000.0,Yes,3-5,Mobile,Electronics,30.0,60.0,5000.0,Home & Furniture,No
4166,55+,Male,5-10L,Bi-weekly,15000.0,Yes,<1,Mobile,Home & Furniture,15.0,15.0,500.0,Home & Furniture,Yes
4169,46-55,Male,2-5L,Quarterly,5000.0,Yes,5+,Mobile,Electronics,40.0,15.0,1000.0,Home & Furniture,Yes
4170,36-45,Female,<2L,Quarterly,5000.0,No,<1,Mobile,Fashion,20.0,7.0,500.0,Books,No
4172,55+,Male,<2,Weekly,15000.0,Yes,3-5,Mobile,Groceries,25.0,7.0,1000.0,Fashion,No
4173,55+,Female,<2L,Bi-weekly,5000.0,Yes,3-5,Desktop,Fashion,20.0,7.0,500.0,Books,No
4174,26-35,Male,>20L,Weekly,5000.0,Yes,<1,Both,Fashion,40.0,30.0,10000.0,Electronics,Yes
4175,55+,Male,2-5L,Weekly,7000.0,No,3-5,Mobile,Home & Furniture,40.0,60.0,5000.0,Fashion,Yes
4176,55+,Male,10-20L,Weekly,15000.0,No,<1,Desktop,Electronics,25.0,7.0,1000.0,Home & Furniture,No
4177,46-55,Male,<2L,Weekly,10000.0,Yes,3-5,Mobile,Electronics,15.0,30.0,500.0,Fashion,Yes
4178,55+,Female,5L-10L,Rarely,20000.0,No,3-5,Mobile,Fashion,40.0,30.0,5000.0,Groceries,No
4179,46-55,Male,>20L,Quarterly,5000.0,No,1-3,Both,Electronics,40.0,7.0,5000.0,Electronics,Yes
4180,55+,Male,<2L,Weekly,10000.0,Yes,5+,Both,Home & Furniture,40.0,7.0,1000.0,Home & Furniture,Yes
4182,18-25,Male,5-10L,Weekly,3000.0,Yes,3-5,Desktop,Electronics,50.0,7.0,2000.0,Fashion,No
4183,55+,Female,2-5L,Weekly,10000.0,Yes,1-3,Mobile,Fashion,60.0,15.0,500.0,Home & Furniture,No
4184,36-45,Female,10-20L,Weekly,10000.0,No,1-3,Desktop,Fashion,40.0,7.0,2000.0,Groceries,Yes
4185,55+,Male,>20L,Bi-weekly,10000.0,No,<1,Mobile,Home & Furniture,40.0,30.0,5000.0,Home & Furniture,Yes
4186,55+,Male,2-5L,Monthly,5000.0,No,1-3,Mobile,Electronics,40.0,30.0,2000.0,Home & Furniture,Yes
4187,18-25,Female,10-20L,Rarely,5000.0,No,1-3,Mobile,Groceries,60.0,15.0,2000.0,Fashion,Yes
4188,18-25,Male,5-10L,Bi-weekly,10000.0,No,3-5,Mobile,Home & Furniture,30.0,7.0,1000.0,Books,Yes
4189,18-25,Male,<2L,Weekly,5000.0,Yes,<1,Mobile,Electronics,25.0,60.0,1000.0,Fashion,No
4192,55+,Male,5-10L,Rarely,5000.0,Yes,<1,Mobile,Electronics,50.0,15.0,1000.0,Home & Furniture,Yes
4193,46-55,Male,5-10L,Weekly,3000.0,No,3-5,Mobile,Home & Furniture,30.0,7.0,1000.0,Books,No
4194,55+,Female,5L-10L,Monthly,5000.0,No,5+,Mobile,Groceries,30.0,15.0,1000.0,Books,No
4195,26-35,Male,5L-10L,Quarterly,3000.0,Yes,<1,Mobile,Fashion,25.0,30.0,1000.0,Books,No
4196,46-55,Male,2-5L,Quarterly,5000.0,No,5+,Both,Groceries,20.0,30.0,2000.0,Electronics,No
4197,18-25,Male,2-5L,Weekly,12000.0,Yes,<1,Mobile,Electronics,15.0,30.0,1000.0,Electronics,No
4199,26-35,Male,5-10L,Quarterly,3000.0,Yes,1-3,Mobile,Electronics,20.0,60.0,1000.0,Fashion,No
4200,18-25,Male,5L-10L,Weekly,10000.0,Yes,3-5,Mobile,Home & Furniture,30.0,30.0,5000.0,Electronics,No
4201,26-35,Male,10-20L,Weekly,5000.0,Yes,3-5,Mobile,Electronics,30.0,7.0,500.0,Groceries,Yes
4202,55+,Male,2-5L,Weekly,5000.0,Yes,<1,Desktop,Electronics,25.0,30.0,500.0,Home & Furniture,Yes
4203,18-25,Male,10-20L,Weekly,10000.0,No,1-3,Mobile,Home & Furniture,30.0,30.0,1000.0,Electronics,Yes
4204,46-55,Male,5L-10L,Rarely,20000.0,Yes,5+,Mobile,Electronics,30.0,7.0,1000.0,Fashion,No
4205,55+,Male,<2,Weekly,5000.0,No,3-5,Mobile,Fashion,10.0,60.0,2000.0,Home & Furniture,Yes
4206,55+,Male,10-20L,Quarterly,12000.0,No,3-5,Desktop,Electronics,25.0,7.0,500.0,Books,No
4207,26-35,Female,2-5L,Weekly,5000.0,No,5+,Desktop,Electronics,25.0,7.0,1000.0,Home & Furniture,No
4208,18-25,Male,10-20L,Bi-weekly,12000.0,Yes,<1,Desktop,Electronics,20.0,60.0,5000.0,Electronics,No
4209,36-45,Male,5-10L,Weekly,10000.0,Yes,3-5,Mobile,Electronics,20.0,60.0,2000.0,Fashion,No
4210,55+,Male,>20L,Weekly,10000.0,No,3-5,Mobile,Fashion,15.0,30.0,500.0,Fashion,Yes
4211,55+,Male,>20L,Bi-weekly,12000.0,Yes,3-5,Mobile,Groceries,30.0,7.0,1000.0,Home & Furniture,No
4212,55+,Male,5-10L,Quarterly,10000.0,No,3-5,Mobile,Electronics,30.0,7.0,2000.0,Electronics,No
4213,36-45,Female,<2,Weekly,20000.0,Yes,3-5,Mobile,Groceries,50.0,7.0,1000.0,Books,Yes
4214,18-25,Female,>20L,Weekly,5000.0,Yes,3-5,Mobile,Books,20.0,30.0,1000.0,Home & Furniture,Yes
4215,46-55,Male,5-10L,Rarely,20000.0,No,1-3,Desktop,Electronics,20.0,7.0,1000.0,Groceries,Yes
4216,26-35,Female,<2L,Weekly,10000.0,Yes,1-3,Mobile,Books,20.0,30.0,500.0,Electronics,No
4217,55+,Male,5-10L,Quarterly,10000.0,Yes,3-5,Mobile,Fashion,15.0,15.0,1000.0,Groceries,No
4218,18-25,Male,5-10L,Weekly,10000.0,Yes,3-5,Mobile,Home & Furniture,30.0,7.0,500.0,Home & Furniture,Yes
4219,55+,Female,5-10L,Rarely,15000.0,Yes,5+,Mobile,Fashion,15.0,30.0,5000.0,Books,Yes
4222,18-25,Male,>20L,Monthly,3000.0,Yes,1-3,Mobile,Books,40.0,30.0,500.0,Fashion,Yes
4224,18-25,Male,<2L,Quarterly,10000.0,No,<1,Mobile,Books,50.0,7.0,500.0,Groceries,Yes
4225,26-35,Male,2-5L,Weekly,5000.0,No,<1,Mobile,Electronics,25.0,7.0,5000.0,Electronics,Yes
4226,55+,Male,5-10L,Rarely,10000.0,Yes,1-3,Mobile,Books,50.0,30.0,2000.0,Books,Yes
4227,46-55,Female,<2L,Quarterly,7000.0,Yes,3-5,Mobile,Books,20.0,7.0,2000.0,Home & Furniture,No
4228,26-35,Male,2-5L,Monthly,5000.0,Yes,<1,Desktop,Books,40.0,30.0,1000.0,Home & Furniture,No
4229,55+,Male,5L-10L,Weekly,10000.0,Yes,5+,Mobile,Electronics,20.0,7.0,500.0,Fashion,No
4230,26-35,Male,2-5L,Quarterly,5000.0,Yes,1-3,Both,Fashion,25.0,60.0,2000.0,Electronics,Yes
4232,18-25,Male,>20L,Monthly,10000.0,No,3-5,Mobile,Fashion,50.0,30.0,1000.0,Electronics,No
4233,55+,Male,<2,Weekly,20000.0,Yes,1-3,Desktop,Fashion,30.0,7.0,1000.0,Groceries,Yes
4235,55+,Female,>20L,Quarterly,12000.0,Yes,<1,Mobile,Electronics,30.0,15.0,500.0,Home & Furniture,Yes
4236,26-35,Male,5-10L,Weekly,5000.0,Yes,3-5,Mobile,Electronics,20.0,30.0,5000.0,Electronics,Yes
4237,36-45,Male,<2L,Monthly,12000.0,Yes,3-5,Mobile,Electronics,50.0,7.0,500.0,Electronics,Yes
4238,55+,Male,5-10L,Quarterly,12000.0,No,<1,Both,Electronics,30.0,60.0,2000.0,Home & Furniture,No
4239,55+,Female,5-10L,Weekly,20000.0,Yes,3-5,Desktop,Home & Furniture,25.0,7.0,1000.0,Fashion,Yes
4240,46-55,Male,<2L,Quarterly,10000.0,No,3-5,Both,Fashion,20.0,30.0,500.0,Books,Yes
4241,55+,Female,5-10L,Weekly,15000.0,Yes,5+,Mobile,Electronics,40.0,30.0,1000.0,Home & Furniture,No
4242,55+,Female,5-10L,Rarely,15000.0,No,3-5,Mobile,Books,25.0,60.0,2000.0,Electronics,No
4243,36-45,Male,>20L,Quarterly,15000.0,No,1-3,Mobile,Home & Furniture,50.0,30.0,5000.0,Fashion,No
4244,55+,Male,>20L,Quarterly,10000.0,No,<1,Desktop,Electronics,60.0,30.0,2000.0,Fashion,Yes
4245,55+,Male,5-10L,Weekly,5000.0,No,<1,Mobile,Home & Furniture,50.0,60.0,1000.0,Home & Furniture,Yes
4246,26-35,Male,2-5L,Weekly,10000.0,Yes,<1,Mobile,Books,30.0,15.0,5000.0,Home & Furniture,Yes
4247,55+,Male,2-5L,Bi-weekly,15000.0,Yes,1-3,Mobile,Fashion,50.0,7.0,1000.0,Electronics,No
4248,18-25,Male,<2,Weekly,20000.0,No,1-3,Both,Fashion,30.0,15.0,2000.0,Home & Furniture,No
4249,26-35,Female,5L-10L,Quarterly,20000.0,No,3-5,Desktop,Electronics,30.0,15.0,2000.0,Electronics,No
4250,55+,Male,2-5L,Monthly,7000.0,No,<1,Desktop,Fashion,15.0,7.0,5000.0,Home & Furniture,No
4251,36-45,Male,<2L,Weekly,12000.0,No,1-3,Desktop,Home & Furniture,10.0,30.0,5000.0,Home & Furniture,No
4253,26-35,Male,2-5L,Monthly,10000.0,No,5+,Mobile,Electronics,50.0,15.0,1000.0,Electronics,No
4255,55+,Male,<2L,Rarely,5000.0,Yes,1-3,Mobile,Electronics,50.0,30.0,500.0,Home & Furniture,No
4256,18-25,Male,2-5L,Weekly,7000.0,Yes,3-5,Mobile,Fashion,20.0,30.0,1000.0,Fashion,No
4258,36-45,Male,<2L,Rarely,7000.0,No,1-3,Mobile,Electronics,25.0,7.0,5000.0,Groceries,No
4259,55+,Female,5-10L,Weekly,10000.0,Yes,5+,Mobile,Groceries,15.0,7.0,500.0,Electronics,No
4260,26-35,Male,2-5L,Rarely,5000.0,No,1-3,Desktop,Electronics,20.0,60.0,500.0,Electronics,No
4261,55+,Female,>20L,Weekly,10000.0,No,1-3,Mobile,Books,20.0,60.0,1000.0,Groceries,No
4262,55+,Male,5L-10L,Quarterly,3000.0,No,<1,Mobile,Electronics,30.0,30.0,1000.0,Home & Furniture,No
4263,55+,Female,<2,Weekly,3000.0,No,3-5,Both,Electronics,50.0,60.0,1000.0,Electronics,Yes
4264,55+,Male,2-5L,Monthly,5000.0,Yes,<1,Mobile,Fashion,15.0,7.0,500.0,Groceries,No
4266,46-55,Male,10-20L,Weekly,15000.0,No,5+,Mobile,Home & Furniture,50.0,30.0,2000.0,Electronics,Yes
4267,36-45,Female,<2L,Weekly,12000.0,No,3-5,Desktop,Books,30.0,60.0,2000.0,Fashion,No
4268,55+,Male,<2,Rarely,10000.0,No,1-3,Mobile,Electronics,40.0,30.0,500.0,Electronics,No
4269,55+,Male,5-10L,Weekly,10000.0,Yes,3-5,Mobile,Electronics,15.0,60.0,500.0,Electronics,No
4270,55+,Female,5-10L,Quarterly,10000.0,No,1-3,Mobile,Electronics,50.0,60.0,10000.0,Groceries,No
4271,55+,Male,2-5L,Weekly,15000.0,No,5+,Mobile,Electronics,30.0,7.0,10000.0,Home & Furniture,No
4272,36-45,Male,5L-10L,Weekly,10000.0,Yes,3-5,Both,Groceries,10.0,7.0,500.0,Groceries,No
4274,55+,Male,5-10L,Weekly,15000.0,No,3-5,Mobile,Home & Furniture,30.0,15.0,2000.0,Groceries,No
4275,26-35,Female,<2,Weekly,7000.0,Yes,5+,Mobile,Home & Furniture,30.0,7.0,2000.0,Fashion,No
4278,55+,Female,>20L,Bi-weekly,7000.0,No,3-5,Mobile,Home & Furniture,30.0,7.0,5000.0,Electronics,Yes
4280,55+,Male,10-20L,Monthly,3000.0,Yes,3-5,Mobile,Electronics,50.0,7.0,1000.0,Electronics,No
4282,36-45,Female,2-5L,Weekly,10000.0,Yes,<1,Desktop,Home & Furniture,20.0,30.0,500.0,Fashion,No
4283,46-55,Male,5-10L,Rarely,15000.0,No,5+,Both,Books,30.0,30.0,10000.0,Home & Furniture,Yes
4284,18-25,Female,>20L,Bi-weekly,7000.0,No,1-3,Mobile,Books,25.0,15.0,2000.0,Home & Furniture,Yes
4285,55+,Male,5-10L,Rarely,10000.0,Yes,1-3,Mobile,Home & Furniture,40.0,30.0,1000.0,Books,No
4286,18-25,Male,<2L,Weekly,3000.0,No,5+,Mobile,Books,30.0,30.0,2000.0,Home & Furniture,Yes
4287,55+,Male,10-20L,Monthly,7000.0,No,5+,Mobile,Fashion,30.0,7.0,500.0,Home & Furniture,Yes
4289,55+,Male,10-20L,Quarterly,5000.0,Yes,5+,Mobile,Electronics,60.0,30.0,5000.0,Electronics,Yes
4290,46-55,Male,5L-10L,Rarely,10000.0,Yes,1-3,Mobile,Fashion,15.0,30.0,1000.0,Electronics,No
4291,18-25,Male,<2,Rarely,10000.0,No,3-5,Desktop,Books,30.0,7.0,10000.0,Fashion,No
4292,18-25,Male,<2L,Rarely,5000.0,No,1-3,Mobile,Electronics,10.0,15.0,2000.0,Home & Furniture,No
4294,46-55,Male,<2L,Rarely,10000.0,No,3-5,Desktop,Fashion,50.0,7.0,1000.0,Home & Furniture,No
4295,55+,Male,5-10L,Monthly,12000.0,No,3-5,Mobile,Electronics,30.0,60.0,1000.0,Groceries,No
4297,36-45,Male,>20L,Quarterly,10000.0,No,5+,Both,Fashion,60.0,30.0,500.0,Home & Furniture,Yes
4298,46-55,Male,5L-10L,Weekly,5000.0,No,<1,Desktop,Fashion,50.0,30.0,500.0,Groceries,Yes
4299,46-55,Male,2-5L,Rarely,5000.0,Yes,1-3,Mobile,Books,50.0,30.0,2000.0,Home & Furniture,No
4300,55+,Male,2-5L,Monthly,15000.0,No,3-5,Mobile,Electronics,40.0,30.0,500.0,Books,No
4301,36-45,Male,5-10L,Rarely,5000.0,No,3-5,Mobile,Books,15.0,30.0,500.0,Electronics,No
4302,55+,Male,<2L,Weekly,5000.0,Yes,5+,Mobile,Electronics,30.0,15.0,2000.0,Electronics,No
4303,55+,Female,>20L,Weekly,10000.0,Yes,3-5,Mobile,Home & Furniture,30.0,7.0,1000.0,Electronics,No
4304,36-45,Male,5L-10L,Bi-weekly,15000.0,Yes,1-3,Desktop,Fashion,60.0,7.0,5000.0,Fashion,No
4305,18-25,Male,>20L,Quarterly,5000.0,No,3-5,Mobile,Fashion,50.0,60.0,2000.0,Home & Furniture,Yes
4306,18-25,Male,5-10L,Weekly,10000.0,No,3-5,Mobile,Fashion,20.0,60.0,500.0,Groceries,No
4307,46-55,Female,<2,Rarely,15000.0,No,<1,Mobile,Electronics,40.0,7.0,2000.0,Home & Furniture,Yes
4309,55+,Female,>20L,Weekly,7000.0,No,3-5,Mobile,Fashion,25.0,60.0,2000.0,Books,No
4310,46-55,Female,5-10L,Quarterly,5000.0,Yes,1-3,Mobile,Books,60.0,15.0,2000.0,Fashion,Yes
4311,46-55,Male,2-5L,Weekly,10000.0,Yes,3-5,Both,Books,10.0,60.0,1000.0,Fashion,No
4312,55+,Male,5-10L,Quarterly,15000.0,No,1-3,Mobile,Electronics,20.0,7.0,2000.0,Books,No
4313,26-35,Male,5-10L,Quarterly,10000.0,Yes,1-3,Mobile,Electronics,25.0,30.0,1000.0,Fashion,Yes
4314,55+,Male,<2,Weekly,20000.0,Yes,<1,Mobile,Electronics,25.0,7.0,500.0,Fashion,Yes
4315,18-25,Female,<2L,Quarterly,10000.0,No,<1,Both,Books,60.0,7.0,1000.0,Groceries,Yes
4316,46-55,Male,5-10L,Weekly,3000.0,Yes,3-5,Desktop,Electronics,30.0,7.0,1000.0,Fashion,Yes
4317,55+,Male,10-20L,Quarterly,7000.0,Yes,<1,Both,Fashion,30.0,7.0,500.0,Fashion,Yes
4318,55+,Female,5-10L,Quarterly,15000.0,Yes,3-5,Both,Electronics,40.0,30.0,2000.0,Fashion,No
4319,55+,Male,>20L,Weekly,3000.0,No,3-5,Mobile,Fashion,10.0,60.0,1000.0,Groceries,Yes
4320,36-45,Female,<2,Weekly,10000.0,Yes,3-5,Mobile,Fashion,30.0,7.0,1000.0,Electronics,Yes
4321,55+,Male,<2,Quarterly,5000.0,No,1-3,Mobile,Home & Furniture,40.0,30.0,500.0,Electronics,No
4322,46-55,Female,2-5L,Weekly,7000.0,No,5+,Mobile,Books,50.0,7.0,500.0,Groceries,No
4323,46-55,Male,5L-10L,Quarterly,10000.0,No,3-5,Mobile,Books,10.0,15.0,2000.0,Home & Furniture,Yes
4324,18-25,Female,10-20L,Bi-weekly,7000.0,Yes,1-3,Mobile,Electronics,20.0,30.0,500.0,Books,Yes
4325,26-35,Male,>20L,Rarely,15000.0,No,3-5,Mobile,Books,20.0,15.0,5000.0,Fashion,No
4326,46-55,Female,<2L,Weekly,5000.0,Yes,3-5,Mobile,Electronics,30.0,15.0,1000.0,Fashion,No
4328,55+,Male,2-5L,Weekly,5000.0,Yes,5+,Desktop,Groceries,60.0,15.0,2000.0,Books,No
4329,55+,Male,>20L,Weekly,5000.0,No,5+,Mobile,Electronics,40.0,30.0,500.0,Groceries,Yes
4330,55+,Male,5-10L,Weekly,5000.0,No,<1,Mobile,Fashion,30.0,30.0,2000.0,Home & Furniture,Yes
4331,18-25,Female,<2,Rarely,5000.0,No,<1,Both,Home & Furniture,50.0,15.0,2000.0,Home & Furniture,No
4333,18-25,Male,5-10L,Rarely,10000.0,Yes,<1,Mobile,Groceries,10.0,7.0,2000.0,Books,Yes
4334,36-45,Female,>20L,Quarterly,3000.0,Yes,<1,Mobile,Groceries,30.0,7.0,1000.0,Fashion,No
4335,55+,Male,5-10L,Bi-weekly,10000.0,No,3-5,Mobile,Electronics,10.0,7.0,2000.0,Fashion,No
4336,18-25,Male,<2L,Weekly,10000.0,No,1-3,Mobile,Electronics,30.0,30.0,5000.0,Groceries,Yes
4337,18-25,Male,>20L,Bi-weekly,20000.0,Yes,<1,Both,Electronics,20.0,30.0,500.0,Fashion,No
4338,18-25,Male,5-10L,Quarterly,10000.0,No,1-3,Desktop,Groceries,60.0,7.0,1000.0,Fashion,Yes
4340,55+,Male,5-10L,Weekly,7000.0,No,5+,Mobile,Books,30.0,15.0,2000.0,Home & Furniture,No
4341,18-25,Male,<2L,Weekly,10000.0,Yes,3-5,Mobile,Electronics,30.0,15.0,10000.0,Fashion,Yes
4342,55+,Male,2-5L,Quarterly,7000.0,No,5+,Mobile,Electronics,30.0,30.0,10000.0,Fashion,No
4343,46-55,Female,<2,Quarterly,10000.0,Yes,1-3,Both,Fashion,50.0,30.0,1000.0,Fashion,No
4344,55+,Male,<2L,Monthly,5000.0,Yes,3-5,Mobile,Electronics,50.0,15.0,5000.0,Electronics,No
4345,55+,Female,2-5L,Quarterly,5000.0,Yes,1-3,Mobile,Electronics,20.0,60.0,500.0,Home & Furniture,No
4346,55+,Male,5-10L,Weekly,15000.0,Yes,3-5,Mobile,Books,25.0,7.0,2000.0,Groceries,Yes
4347,55+,Male,2-5L,Monthly,5000.0,Yes,3-5,Desktop,Books,25.0,30.0,500.0,Groceries,Yes
4348,55+,Female,2-5L,Rarely,5000.0,No,1-3,Mobile,Fashion,25.0,30.0,500.0,Fashion,No
4349,55+,Male,2-5L,Rarely,10000.0,No,5+,Desktop,Electronics,50.0,30.0,5000.0,Fashion,Yes
4351,55+,Male,5-10L,Quarterly,15000.0,No,3-5,Mobile,Books,40.0,30.0,10000.0,Groceries,Yes
4355,55+,Male,>20L,Weekly,5000.0,No,3-5,Mobile,Fashion,30.0,7.0,500.0,Fashion,No
4356,55+,Female,>20L,Rarely,5000.0,Yes,1-3,Mobile,Electronics,60.0,60.0,1000.0,Home & Furniture,No
4357,55+,Male,5-10L,Weekly,15000.0,Yes,<1,Mobile,Fashion,50.0,7.0,10000.0,Groceries,No
4358,36-45,Male,5L-10L,Rarely,15000.0,Yes,5+,Mobile,Electronics,15.0,7.0,1000.0,Electronics,Yes
4360,55+,Male,>20L,Weekly,7000.0,Yes,3-5,Mobile,Electronics,20.0,30.0,5000.0,Electronics,No
4361,26-35,Male,2-5L,Rarely,20000.0,No,5+,Mobile,Home & Furniture,20.0,60.0,10000.0,Home & Furniture,Yes
4364,55+,Male,5-10L,Weekly,5000.0,No,1-3,Mobile,Fashion,30.0,60.0,10000.0,Home & Furniture,Yes
4365,55+,Male,>20L,Monthly,7000.0,Yes,<1,Mobile,Fashion,60.0,30.0,1000.0,Groceries,No
4367,55+,Male,<2,Weekly,12000.0,No,<1,Mobile,Fashion,50.0,7.0,1000.0,Fashion,Yes
4368,46-55,Male,2-5L,Weekly,10000.0,No,3-5,Mobile,Home & Furniture,60.0,30.0,10000.0,Electronics,No
4369,18-25,Male,5L-10L,Weekly,7000.0,No,3-5,Mobile,Electronics,30.0,30.0,1000.0,Home & Furniture,No
4370,36-45,Female,5-10L,Weekly,5000.0,No,1-3,Mobile,Fashion,60.0,7.0,500.0,Home & Furniture,No
4371,26-35,Male,>20L,Rarely,5000.0,No,3-5,Mobile,Fashion,20.0,30.0,2000.0,Home & Furniture,No
4372,18-25,Male,2-5L,Weekly,5000.0,No,1-3,Mobile,Fashion,20.0,7.0,500.0,Home & Furniture,Yes
4373,46-55,Female,>20L,Weekly,10000.0,Yes,5+,Desktop,Electronics,30.0,7.0,5000.0,Electronics,Yes
4374,26-35,Male,2-5L,Quarterly,7000.0,No,<1,Mobile,Home & Furniture,40.0,7.0,1000.0,Electronics,Yes
4375,46-55,Male,2-5L,Monthly,3000.0,Yes,1-3,Mobile,Electronics,30.0,7.0,5000.0,Home & Furniture,No
4377,55+,Female,2-5L,Weekly,5000.0,No,<1,Both,Home & Furniture,25.0,7.0,1000.0,Electronics,Yes
4378,26-35,Male,5L-10L,Quarterly,12000.0,No,3-5,Mobile,Groceries,25.0,7.0,2000.0,Electronics,Yes
4379,55+,Male,2-5L,Rarely,15000.0,Yes,<1,Mobile,Groceries,10.0,30.0,1000.0,Fashion,No
4380,18-25,Male,5L-10L,Quarterly,3000.0,No,5+,Desktop,Books,20.0,7.0,500.0,Electronics,No
4382,36-45,Male,<2L,Weekly,5000.0,No,3-5,Desktop,Fashion,20.0,15.0,2000.0,Fashion,Yes
4383,26-35,Male,5-10L,Rarely,15000.0,No,<1,Mobile,Fashion,30.0,60.0,1000.0,Groceries,No
4384,36-45,Female,<2L,Quarterly,10000.0,No,1-3,Mobile,Books,25.0,15.0,1000.0,Home & Furniture,No
4385,55+,Male,5L-10L,Bi-weekly,5000.0,Yes,<1,Mobile,Electronics,50.0,30.0,5000.0,Books,Yes
4387,26-35,Male,2-5L,Quarterly,3000.0,No,1-3,Mobile,Books,30.0,60.0,1000.0,Electronics,No
4388,18-25,Male,2-5L,Quarterly,10000.0,No,1-3,Mobile,Electronics,20.0,15.0,2000.0,Electronics,No
4389,55+,Male,>20L,Bi-weekly,10000.0,Yes,1-3,Desktop,Electronics,15.0,7.0,2000.0,Home & Furniture,No
4390,46-55,Male,5-10L,Monthly,7000.0,No,3-5,Mobile,Books,20.0,30.0,500.0,Electronics,Yes
4391,26-35,Male,2-5L,Quarterly,5000.0,Yes,3-5,Desktop,Electronics,60.0,60.0,1000.0,Fashion,Yes
4392,55+,Female,<2L,Weekly,12000.0,Yes,3-5,Desktop,Electronics,30.0,15.0,5000.0,Home & Furniture,No
4393,55+,Male,>20L,Quarterly,15000.0,Yes,1-3,Mobile,Electronics,60.0,30.0,1000.0,Books,Yes
4394,46-55,Male,2-5L,Quarterly,7000.0,No,5+,Desktop,Electronics,30.0,15.0,1000.0,Fashion,Yes
4395,36-45,Female,10-20L,Quarterly,12000.0,Yes,5+,Mobile,Books,25.0,30.0,2000.0,Electronics,No
4397,26-35,Female,5-10L,Weekly,10000.0,No,<1,Mobile,Electronics,10.0,7.0,1000.0,Home & Furniture,No
4398,55+,Female,5-10L,Rarely,10000.0,No,<1,Mobile,Fashion,60.0,7.0,5000.0,Electronics,Yes
4399,18-25,Male,2-5L,Quarterly,5000.0,Yes,3-5,Mobile,Fashion,30.0,30.0,2000.0,Fashion,No
4400,55+,Male,>20L,Monthly,3000.0,Yes,1-3,Mobile,Fashion,50.0,30.0,2000.0,Groceries,Yes
4401,55+,Male,5-10L,Bi-weekly,3000.0,Yes,3-5,Mobile,Electronics,50.0,15.0,1000.0,Fashion,No
4402,55+,Female,5L-10L,Weekly,15000.0,No,1-3,Mobile,Electronics,20.0,30.0,2000.0,Groceries,No
4403,18-25,Male,5L-10L,Rarely,10000.0,No,3-5,Mobile,Books,10.0,15.0,5000.0,Electronics,Yes
4404,26-35,Female,2-5L,Rarely,10000.0,Yes,3-5,Mobile,Groceries,40.0,7.0,2000.0,Electronics,No
4407,55+,Male,5L-10L,Weekly,10000.0,No,3-5,Mobile,Fashion,50.0,30.0,500.0,Fashion,Yes
4408,36-45,Female,2-5L,Weekly,15000.0,No,3-5,Mobile,Home & Furniture,30.0,7.0,1000.0,Home & Furniture,No
4409,55+,Male,<2L,Rarely,15000.0,Yes,<1,Desktop,Fashion,30.0,7.0,10000.0,Fashion,Yes
4410,26-35,Male,5-10L,Weekly,5000.0,Yes,3-5,Both,Groceries,30.0,60.0,1000.0,Electronics,No
4411,36-45,Female,5-10L,Quarterly,20000.0,Yes,5+,Mobile,Electronics,15.0,30.0,5000.0,Electronics,No
4412,18-25,Male,5L-10L,Monthly,20000.0,Yes,<1,Both,Groceries,15.0,60.0,1000.0,Fashion,Yes
4413,55+,Male,2-5L,Monthly,5000.0,Yes,3-5,Mobile,Fashion,40.0,15.0,1000.0,Home & Furniture,No
4415,26-35,Female,2-5L,Weekly,5000.0,Yes,3-5,Mobile,Fashion,40.0,60.0,2000.0,Fashion,No
4416,55+,Male,5L-10L,Weekly,7000.0,No,<1,Mobile,Books,30.0,30.0,2000.0,Electronics,Yes
4417,46-55,Male,2-5L,Weekly,10000.0,No,1-3,Mobile,Books,50.0,30.0,1000.0,Home & Furniture,Yes
4419,18-25,Male,<2L,Weekly,10000.0,Yes,<1,Mobile,Fashion,30.0,30.0,1000.0,Home & Furniture,Yes
4420,46-55,Male,5-10L,Weekly,10000.0,No,<1,Mobile,Fashion,25.0,15.0,2000.0,Books,Yes
4422,26-35,Male,<2L,Quarterly,10000.0,No,3-5,Desktop,Books,30.0,30.0,500.0,Electronics,Yes
4423,46-55,Male,10-20L,Weekly,20000.0,No,1-3,Desktop,Fashion,60.0,30.0,5000.0,Home & Furniture,No
4424,26-35,Female,<2,Weekly,3000.0,Yes,1-3,Mobile,Fashion,25.0,15.0,1000.0,Groceries,No
4425,46-55,Male,5-10L,Quarterly,10000.0,No,1-3,Both,Electronics,30.0,60.0,2000.0,Electronics,No
4426,36-45,Male,2-5L,Weekly,5000.0,Yes,3-5,Both,Electronics,20.0,30.0,500.0,Groceries,No
4427,55+,Female,<2,Weekly,5000.0,Yes,3-5,Mobile,Groceries,40.0,30.0,5000.0,Groceries,Yes
4429,26-35,Male,<2,Weekly,5000.0,No,3-5,Desktop,Fashion,30.0,7.0,500.0,Groceries,Yes
4430,18-25,Female,>20L,Rarely,10000.0,Yes,3-5,Mobile,Home & Furniture,30.0,15.0,500.0,Fashion,No
4431,26-35,Male,5-10L,Weekly,5000.0,Yes,3-5,Mobile,Electronics,30.0,60.0,2000.0,Home & Furniture,No
4432,55+,Male,2-5L,Weekly,12000.0,Yes,<1,Mobile,Electronics,20.0,60.0,500.0,Home & Furniture,No
4433,55+,Male,10-20L,Rarely,5000.0,Yes,1-3,Desktop,Fashion,30.0,60.0,1000.0,Home & Furniture,Yes
4434,36-45,Male,>20L,Quarterly,15000.0,No,3-5,Mobile,Fashion,15.0,15.0,5000.0,Home & Furniture,Yes
4435,46-55,Male,<2,Rarely,7000.0,Yes,<1,Mobile,Electronics,40.0,7.0,5000.0,Home & Furniture,No
4436,46-55,Male,5-10L,Bi-weekly,3000.0,No,<1,Mobile,Electronics,30.0,7.0,10000.0,Home & Furniture,Yes
4438,26-35,Male,2-5L,Weekly,10000.0,No,5+,Mobile,Home & Furniture,30.0,30.0,1000.0,Fashion,Yes
4439,26-35,Male,5-10L,Rarely,15000.0,No,5+,Mobile,Home & Furniture,25.0,30.0,10000.0,Fashion,Yes
4440,26-35,Male,>20L,Weekly,10000.0,Yes,3-5,Mobile,Fashion,30.0,30.0,1000.0,Groceries,Yes
4441,55+,Male,5-10L,Weekly,7000.0,No,3-5,Mobile,Home & Furniture,40.0,7.0,2000.0,Books,Yes
4442,36-45,Female,10-20L,Bi-weekly,12000.0,No,3-5,Mobile,Books,60.0,30.0,1000.0,Home & Furniture,No
4443,55+,Female,5L-10L,Weekly,5000.0,Yes,1-3,Mobile,Groceries,25.0,30.0,2000.0,Books,Yes
4444,55+,Female,<2,Quarterly,10000.0,Yes,<1,Desktop,Electronics,25.0,7.0,1000.0,Groceries,No
4445,18-25,Male,>20L,Quarterly,5000.0,Yes,5+,Mobile,Electronics,30.0,15.0,1000.0,Fashion,No
4446,36-45,Male,2-5L,Rarely,15000.0,No,<1,Mobile,Fashion,40.0,7.0,1000.0,Fashion,No
4448,36-45,Male,5-10L,Rarely,5000.0,No,5+,Mobile,Fashion,30.0,15.0,2000.0,Home & Furniture,No
4449,46-55,Female,>20L,Quarterly,5000.0,No,3-5,Both,Fashion,20.0,15.0,5000.0,Books,No
4450,18-25,Male,5L-10L,Rarely,10000.0,Yes,3-5,Mobile,Fashion,30.0,15.0,5000.0,Home & Furniture,No
4452,55+,Male,5-10L,Quarterly,10000.0,No,5+,Mobile,Books,20.0,30.0,1000.0,Home & Furniture,Yes
4453,55+,Male,5-10L,Weekly,10000.0,No,5+,Both,Electronics,30.0,30.0,5000.0,Home & Furniture,Yes
4454,46-55,Male,>20L,Weekly,5000.0,Yes,1-3,Mobile,Fashion,30.0,30.0,5000.0,Groceries,No
4456,36-45,Male,5-10L,Weekly,10000.0,No,3-5,Mobile,Electronics,30.0,30.0,2000.0,Electronics,No
4457,18-25,Male,5-10L,Weekly,10000.0,Yes,3-5,Desktop,Home & Furniture,30.0,7.0,1000.0,Fashion,No
4458,46-55,Female,5-10L,Bi-weekly,5000.0,No,3-5,Both,Groceries,60.0,30.0,1000.0,Home & Furniture,No
4459,18-25,Male,<2,Weekly,5000.0,No,3-5,Both,Electronics,15.0,30.0,2000.0,Fashion,Yes
4460,55+,Male,10-20L,Weekly,15000.0,Yes,3-5,Mobile,Electronics,30.0,30.0,500.0,Electronics,Yes
4461,36-45,Female,5-10L,Weekly,7000.0,Yes,<1,Desktop,Electronics,30.0,15.0,1000.0,Home & Furniture,No
4462,36-45,Male,2-5L,Rarely,10000.0,No,1-3,Mobile,Books,30.0,7.0,2000.0,Fashion,No
4463,36-45,Male,2-5L,Weekly,15000.0,No,5+,Mobile,Home & Furniture,50.0,15.0,1000.0,Fashion,Yes
4464,55+,Female,<2,Weekly,10000.0,Yes,3-5,Desktop,Electronics,60.0,7.0,1000.0,Books,Yes
4465,26-35,Female,>20L,Rarely,12000.0,Yes,5+,Both,Electronics,50.0,7.0,10000.0,Fashion,No
4467,26-35,Male,>20L,Bi-weekly,10000.0,No,5+,Mobile,Fashion,20.0,30.0,1000.0,Home & Furniture,Yes
4468,46-55,Male,10-20L,Quarterly,5000.0,Yes,1-3,Mobile,Electronics,20.0,7.0,2000.0,Electronics,No
4469,55+,Male,5-10L,Weekly,5000.0,Yes,<1,Desktop,Fashion,30.0,15.0,5000.0,Fashion,Yes
4470,26-35,Female,5-10L,Weekly,7000.0,Yes,3-5,Both,Books,25.0,7.0,1000.0,Fashion,No
4474,18-25,Male,5L-10L,Quarterly,3000.0,No,3-5,Mobile,Fashion,25.0,7.0,1000.0,Fashion,No
4475,36-45,Male,<2L,Monthly,7000.0,Yes,3-5,Desktop,Home & Furniture,50.0,30.0,5000.0,Home & Furniture,No
4477,46-55,Male,10-20L,Weekly,5000.0,No,<1,Mobile,Books,25.0,60.0,500.0,Electronics,No
4478,26-35,Male,>20L,Rarely,12000.0,Yes,5+,Mobile,Electronics,25.0,7.0,1000.0,Electronics,No
4479,55+,Male,5L-10L,Weekly,15000.0,No,5+,Mobile,Books,40.0,7.0,1000.0,Home & Furniture,No
4481,36-45,Male,2-5L,Quarterly,15000.0,Yes,1-3,Mobile,Groceries,60.0,7.0,10000.0,Electronics,No
4482,55+,Male,<2L,Weekly,5000.0,No,3-5,Mobile,Fashion,15.0,7.0,2000.0,Fashion,Yes
4484,55+,Female,<2,Weekly,7000.0,No,<1,Mobile,Books,15.0,30.0,1000.0,Home & Furniture,Yes
4485,55+,Male,5-10L,Rarely,10000.0,No,<1,Desktop,Fashion,30.0,7.0,500.0,Groceries,No
4486,26-35,Male,2-5L,Monthly,10000.0,No,5+,Mobile,Electronics,20.0,15.0,500.0,Fashion,No
4487,55+,Female,5L-10L,Weekly,12000.0,No,1-3,Desktop,Electronics,30.0,30.0,5000.0,Fashion,No
4488,18-25,Female,2-5L,Weekly,3000.0,No,1-3,Both,Fashion,40.0,30.0,2000.0,Electronics,No
4489,26-35,Male,<2L,Quarterly,7000.0,Yes,<1,Mobile,Home & Furniture,30.0,7.0,1000.0,Fashion,No
4491,46-55,Male,>20L,Weekly,10000.0,Yes,<1,Mobile,Groceries,40.0,30.0,5000.0,Home & Furniture,No
4492,55+,Male,5-10L,Weekly,5000.0,Yes,<1,Desktop,Electronics,30.0,7.0,2000.0,Fashion,Yes
4493,55+,Male,<2,Quarterly,3000.0,Yes,1-3,Mobile,Groceries,60.0,60.0,500.0,Home & Furniture,Yes
4494,18-25,Female,2-5L,Quarterly,3000.0,Yes,1-3,Mobile,Groceries,50.0,15.0,1000.0,Fashion,No
4495,26-35,Male,2-5L,Weekly,7000.0,Yes,5+,Desktop,Books,60.0,15.0,500.0,Groceries,No
4496,36-45,Male,5-10L,Weekly,10000.0,Yes,3-5,Mobile,Fashion,30.0,30.0,2000.0,Fashion,No
4497,55+,Male,<2L,Weekly,5000.0,Yes,<1,Mobile,Electronics,60.0,7.0,5000.0,Home & Furniture,No
4498,55+,Female,5-10L,Weekly,12000.0,No,5+,Mobile,Electronics,15.0,15.0,1000.0,Electronics,No
4499,55+,Male,2-5L,Weekly,10000.0,Yes,<1,Both,Books,60.0,30.0,2000.0,Fashion,Yes
4500,55+,Male,5L-10L,Rarely,5000.0,No,3-5,Mobile,Books,30.0,15.0,2000.0,Electronics,No
4501,18-25,Male,>20L,Weekly,5000.0,Yes,1-3,Mobile,Groceries,10.0,60.0,500.0,Groceries,No
4502,36-45,Male,5L-10L,Quarterly,10000.0,Yes,3-5,Desktop,Electronics,50.0,7.0,1000.0,Electronics,Yes
4503,46-55,Male,>20L,Weekly,15000.0,No,<1,Desktop,Groceries,50.0,30.0,500.0,Fashion,No
4504,36-45,Male,5-10L,Rarely,20000.0,No,1-3,Mobile,Electronics,30.0,15.0,2000.0,Electronics,No
4506,36-45,Male,2-5L,Weekly,15000.0,No,5+,Both,Home & Furniture,50.0,60.0,10000.0,Fashion,Yes
4507,36-45,Male,5-10L,Weekly,5000.0,Yes,<1,Mobile,Electronics,10.0,60.0,2000.0,Books,Yes
4508,26-35,Male,2-5L,Rarely,5000.0,No,<1,Both,Fashion,50.0,15.0,5000.0,Home & Furniture,Yes
4509,55+,Female,5L-10L,Weekly,3000.0,No,5+,Both,Fashion,40.0,7.0,2000.0,Groceries,No
4510,36-45,Male,>20L,Monthly,10000.0,Yes,3-5,Mobile,Electronics,30.0,60.0,1000.0,Books,No
4512,46-55,Male,5-10L,Quarterly,10000.0,No,3-5,Mobile,Electronics,20.0,30.0,1000.0,Electronics,Yes
4513,55+,Male,<2L,Bi-weekly,3000.0,Yes,3-5,Mobile,Groceries,20.0,30.0,500.0,Fashion,No
4514,18-25,Male,5-10L,Quarterly,10000.0,No,<1,Mobile,Home & Furniture,30.0,7.0,10000.0,Electronics,Yes
4515,18-25,Male,5L-10L,Bi-weekly,15000.0,No,<1,Mobile,Home & Furniture,25.0,60.0,500.0,Home & Furniture,No
4516,26-35,Male,2-5L,Weekly,10000.0,Yes,5+,Desktop,Electronics,20.0,7.0,500.0,Fashion,Yes
4517,55+,Female,>20L,Weekly,5000.0,Yes,<1,Desktop,Electronics,30.0,7.0,2000.0,Fashion,Yes
4518,26-35,Male,<2L,Rarely,3000.0,Yes,1-3,Mobile,Electronics,30.0,60.0,5000.0,Fashion,No
4519,55+,Male,>20L,Quarterly,5000.0,Yes,1-3,Mobile,Home & Furniture,20.0,30.0,2000.0,Fashion,Yes
4520,26-35,Male,<2,Weekly,10000.0,No,3-5,Mobile,Electronics,30.0,30.0,500.0,Fashion,No
4521,18-25,Female,<2,Quarterly,5000.0,No,3-5,Mobile,Home & Furniture,10.0,30.0,1000.0,Home & Furniture,No
4523,55+,Male,<2,Weekly,20000.0,Yes,1-3,Mobile,Groceries,15.0,30.0,5000.0,Groceries,No
4524,55+,Female,>20L,Quarterly,5000.0,No,<1,Mobile,Home & Furniture,50.0,30.0,1000.0,Fashion,Yes
4525,55+,Male,5-10L,Bi-weekly,3000.0,Yes,3-5,Desktop,Home & Furniture,30.0,30.0,1000.0,Fashion,Yes
4526,55+,Male,2-5L,Weekly,5000.0,No,1-3,Both,Electronics,40.0,7.0,1000.0,Books,Yes
4527,55+,Male,>20L,Quarterly,12000.0,No,1-3,Desktop,Home & Furniture,30.0,15.0,5000.0,Groceries,Yes
4528,55+,Female,5L-10L,Weekly,3000.0,No,5+,Mobile,Fashion,30.0,15.0,2000.0,Electronics,No
4529,26-35,Male,10-20L,Weekly,12000.0,Yes,1-3,Mobile,Fashion,50.0,30.0,500.0,Electronics,No
4530,46-55,Male,10-20L,Quarterly,7000.0,No,1-3,Mobile,Fashion,20.0,30.0,2000.0,Electronics,Yes
4532,36-45,Male,5-10L,Weekly,12000.0,No,5+,Mobile,Groceries,50.0,30.0,5000.0,Home & Furniture,Yes
4533,46-55,Female,>20L,Weekly,10000.0,No,3-5,Desktop,Electronics,60.0,60.0,1000.0,Electronics,No
4534,36-45,Male,5-10L,Weekly,15000.0,No,3-5,Mobile,Fashion,30.0,7.0,1000.0,Fashion,No
4535,36-45,Female,<2,Bi-weekly,5000.0,Yes,1-3,Mobile,Books,20.0,30.0,1000.0,Electronics,Yes
4537,46-55,Female,10-20L,Rarely,15000.0,Yes,1-3,Mobile,Electronics,30.0,7.0,2000.0,Groceries,No
4538,55+,Female,5-10L,Quarterly,5000.0,Yes,5+,Mobile,Books,30.0,30.0,5000.0,Electronics,No
4539,18-25,Male,5-10L,Bi-weekly,10000.0,No,3-5,Mobile,Fashion,20.0,60.0,5000.0,Home & Furniture,No
4540,36-45,Male,5L-10L,Rarely,10000.0,Yes,3-5,Desktop,Books,30.0,15.0,2000.0,Electronics,No
4541,18-25,Male,5-10L,Quarterly,5000.0,No,3-5,Mobile,Electronics,20.0,7.0,5000.0,Books,No
4542,18-25,Male,5-10L,Quarterly,10000.0,No,1-3,Mobile,Home & Furniture,10.0,30.0,5000.0,Books,Yes
4543,55+,Male,>20L,Rarely,5000.0,No,1-3,Both,Groceries,25.0,30.0,500.0,Electronics,No
4544,36-45,Female,10-20L,Monthly,12000.0,Yes,<1,Desktop,Fashion,50.0,30.0,5000.0,Groceries,Yes
4545,36-45,Male,2-5L,Bi-weekly,10000.0,No,5+,Desktop,Fashion,40.0,7.0,1000.0,Home & Furniture,Yes
4546,26-35,Male,>20L,Bi-weekly,7000.0,No,1-3,Both,Electronics,10.0,7.0,500.0,Electronics,Yes
4547,55+,Male,2-5L,Rarely,12000.0,No,5+,Mobile,Fashion,50.0,15.0,2000.0,Electronics,Yes
4548,26-35,Male,<2L,Bi-weekly,12000.0,No,<1,Both,Groceries,30.0,30.0,2000.0,Fashion,No
4549,55+,Male,2-5L,Quarterly,5000.0,No,<1,Mobile,Electronics,30.0,7.0,5000.0,Home & Furniture,Yes
4550,26-35,Male,<2L,Quarterly,3000.0,Yes,3-5,Mobile,Electronics,30.0,7.0,500.0,Fashion,No
4551,18-25,Female,>20L,Quarterly,5000.0,Yes,3-5,Mobile,Electronics,10.0,7.0,5000.0,Home & Furniture,No
4552,55+,Male,10-20L,Weekly,15000.0,Yes,3-5,Both,Groceries,25.0,15.0,1000.0,Fashion,No
4553,55+,Male,<2L,Bi-weekly,7000.0,No,3-5,Mobile,Electronics,20.0,7.0,500.0,Books,No
4555,26-35,Male,>20L,Bi-weekly,5000.0,Yes,1-3,Mobile,Electronics,50.0,15.0,1000.0,Home & Furniture,Yes
4556,55+,Male,2-5L,Rarely,7000.0,No,3-5,Mobile,Fashion,30.0,15.0,1000.0,Electronics,No
4557,55+,Male,2-5L,Weekly,7000.0,No,<1,Both,Fashion,30.0,30.0,5000.0,Home & Furniture,No
4559,18-25,Female,5-10L,Weekly,5000.0,Yes,3-5,Mobile,Electronics,40.0,30.0,5000.0,Books,Yes
4560,55+,Male,5-10L,Weekly,5000.0,Yes,3-5,Mobile,Fashion,20.0,30.0,500.0,Home & Furniture,Yes
4562,26-35,Male,5-10L,Quarterly,10000.0,No,5+,Mobile,Electronics,20.0,30.0,1000.0,Fashion,Yes
4563,26-35,Female,2-5L,Weekly,10000.0,Yes,1-3,Mobile,Electronics,30.0,60.0,1000.0,Fashion,Yes
4564,55+,Male,>20L,Monthly,5000.0,Yes,1-3,Mobile,Books,50.0,7.0,1000.0,Fashion,Yes
4565,26-35,Female,<2,Rarely,20000.0,No,1-3,Mobile,Groceries,30.0,7.0,1000.0,Fashion,No
4569,46-55,Male,10-20L,Weekly,5000.0,Yes,3-5,Desktop,Books,25.0,7.0,500.0,Books,Yes
4571,26-35,Female,>20L,Weekly,12000.0,No,1-3,Mobile,Electronics,30.0,30.0,1000.0,Home & Furniture,Yes
4572,55+,Male,<2L,Weekly,10000.0,Yes,3-5,Mobile,Fashion,30.0,7.0,5000.0,Groceries,Yes
4573,26-35,Male,>20L,Weekly,20000.0,No,<1,Mobile,Fashion,30.0,7.0,5000.0,Electronics,No
4574,36-45,Male,>20L,Weekly,10000.0,Yes,3-5,Desktop,Electronics,15.0,30.0,1000.0,Home & Furniture,No
4575,55+,Male,2-5L,Weekly,15000.0,No,3-5,Both,Electronics,15.0,7.0,5000.0,Home & Furniture,Yes
4576,26-35,Female,10-20L,Quarterly,10000.0,No,1-3,Both,Electronics,30.0,60.0,1000.0,Books,No
4577,55+,Male,5L-10L,Monthly,10000.0,No,3-5,Mobile,Electronics,40.0,30.0,1000.0,Groceries,No
4578,55+,Male,>20L,Weekly,20000.0,No,1-3,Mobile,Electronics,20.0,7.0,1000.0,Electronics,No
4579,36-45,Male,5L-10L,Monthly,15000.0,No,<1,Mobile,Groceries,30.0,30.0,1000.0,Home & Furniture,Yes
4580,18-25,Female,5-10L,Rarely,3000.0,Yes,<1,Both,Electronics,60.0,15.0,1000.0,Home & Furniture,Yes
4581,55+,Male,>20L,Weekly,10000.0,No,3-5,Desktop,Groceries,20.0,30.0,2000.0,Fashion,No
4582,55+,Male,>20L,Weekly,5000.0,Yes,1-3,Desktop,Groceries,30.0,60.0,2000.0,Groceries,No
4583,55+,Male,2-5L,Weekly,20000.0,No,1-3,Mobile,Books,50.0,7.0,1000.0,Home & Furniture,Yes
4585,46-55,Male,5L-10L,Rarely,7000.0,No,3-5,Desktop,Groceries,50.0,7.0,1000.0,Home & Furniture,No
4586,55+,Male,5L-10L,Rarely,20000.0,Yes,3-5,Mobile,Electronics,30.0,30.0,1000.0,Books,Yes
4587,46-55,Male,<2L,Weekly,5000.0,No,3-5,Mobile,Home & Furniture,30.0,30.0,500.0,Fashion,No
4590,55+,Male,5-10L,Weekly,5000.0,No,3-5,Both,Fashion,25.0,15.0,10000.0,Electronics,No
4591,26-35,Female,5L-10L,Rarely,5000.0,No,1-3,Desktop,Home & Furniture,50.0,60.0,10000.0,Books,No
4592,36-45,Male,5-10L,Weekly,10000.0,Yes,3-5,Both,Home & Furniture,60.0,60.0,1000.0,Electronics,No
4593,55+,Female,5L-10L,Weekly,3000.0,No,3-5,Mobile,Fashion,25.0,30.0,5000.0,Groceries,Yes
4595,55+,Female,5-10L,Weekly,5000.0,No,5+,Mobile,Fashion,50.0,30.0,5000.0,Electronics,Yes
4596,55+,Male,5-10L,Monthly,5000.0,Yes,1-3,Mobile,Electronics,50.0,7.0,1000.0,Electronics,No
4598,26-35,Female,2-5L,Rarely,5000.0,Yes,1-3,Mobile,Electronics,30.0,7.0,1000.0,Fashion,Yes
4600,36-45,Male,5-10L,Monthly,20000.0,Yes,1-3,Mobile,Electronics,30.0,15.0,1000.0,Home & Furniture,No
4601,46-55,Male,>20L,Bi-weekly,5000.0,Yes,<1,Both,Home & Furniture,30.0,15.0,1000.0,Fashion,No
4602,55+,Male,2-5L,Weekly,5000.0,No,5+,Mobile,Electronics,10.0,60.0,1000.0,Groceries,No
4603,55+,Female,5-10L,Weekly,10000.0,No,1-3,Mobile,Electronics,50.0,7.0,2000.0,Fashion,Yes
4604,46-55,Male,2-5L,Monthly,10000.0,Yes,<1,Desktop,Groceries,60.0,7.0,500.0,Electronics,No
4605,55+,Female,5L-10L,Quarterly,5000.0,Yes,<1,Desktop,Electronics,30.0,7.0,10000.0,Fashion,Yes
4606,36-45,Male,<2,Weekly,5000.0,Yes,1-3,Mobile,Groceries,50.0,30.0,1000.0,Home & Furniture,No
4607,55+,Male,10-20L,Bi-weekly,12000.0,Yes,<1,Mobile,Books,25.0,30.0,1000.0,Groceries,No
4609,18-25,Male,2-5L,Bi-weekly,5000.0,No,1-3,Desktop,Electronics,10.0,7.0,1000.0,Home & Furniture,Yes
4610,55+,Male,5-10L,Weekly,10000.0,No,1-3,Mobile,Home & Furniture,25.0,60.0,2000.0,Home & Furniture,Yes
4611,55+,Male,>20L,Weekly,12000.0,Yes,3-5,Mobile,Books,30.0,15.0,2000.0,Fashion,Yes
4612,26-35,Male,5-10L,Weekly,3000.0,No,<1,Both,Electronics,40.0,15.0,1000.0,Home & Furniture,Yes
4613,55+,Male,5-10L,Weekly,10000.0,Yes,1-3,Desktop,Home & Furniture,20.0,15.0,10000.0,Books,No
4614,36-45,Male,<2L,Bi-weekly,5000.0,No,3-5,Mobile,Books,10.0,60.0,5000.0,Fashion,Yes
4615,36-45,Male,5-10L,Weekly,7000.0,Yes,5+,Desktop,Fashion,50.0,30.0,5000.0,Fashion,Yes
4616,26-35,Female,<2L,Bi-weekly,5000.0,No,1-3,Mobile,Fashion,20.0,7.0,500.0,Groceries,No
4617,18-25,Male,<2L,Weekly,10000.0,Yes,<1,Both,Electronics,30.0,7.0,1000.0,Home & Furniture,Yes
4618,46-55,Male,<2,Bi-weekly,7000.0,Yes,5+,Mobile,Fashion,30.0,60.0,1000.0,Electronics,No
4620,46-55,Male,<2,Quarterly,5000.0,Yes,5+,Mobile,Electronics,60.0,30.0,2000.0,Electronics,Yes
4621,26-35,Female,2-5L,Weekly,10000.0,No,5+,Both,Home & Furniture,10.0,30.0,1000.0,Home & Furniture,Yes
4622,55+,Male,5-10L,Weekly,15000.0,No,<1,Mobile,Home & Furniture,15.0,30.0,1000.0,Groceries,No
4623,46-55,Male,2-5L,Weekly,7000.0,No,<1,Mobile,Fashion,15.0,15.0,2000.0,Fashion,No
4624,55+,Male,5-10L,Bi-weekly,10000.0,No,5+,Both,Electronics,40.0,15.0,2000.0,Books,No
4625,18-25,Male,>20L,Bi-weekly,10000.0,No,3-5,Mobile,Electronics,30.0,15.0,5000.0,Home & Furniture,No
4626,46-55,Male,<2,Quarterly,10000.0,Yes,<1,Mobile,Groceries,20.0,15.0,5000.0,Electronics,Yes
4629,55+,Male,5-10L,Monthly,15000.0,Yes,1-3,Mobile,Fashion,20.0,30.0,2000.0,Books,No
4630,26-35,Male,5-10L,Rarely,20000.0,No,3-5,Mobile,Electronics,30.0,60.0,1000.0,Home & Furniture,Yes
4631,26-35,Male,10-20L,Rarely,15000.0,No,1-3,Desktop,Electronics,20.0,30.0,500.0,Electronics,No
4632,36-45,Male,2-5L,Rarely,10000.0,No,1-3,Both,Fashion,30.0,7.0,500.0,Groceries,No
4633,36-45,Male,>20L,Bi-weekly,10000.0,Yes,3-5,Mobile,Fashion,40.0,7.0,1000.0,Groceries,No
4634,26-35,Male,5-10L,Weekly,10000.0,No,<1,Desktop,Groceries,40.0,15.0,1000.0,Fashion,Yes
4635,46-55,Male,<2,Quarterly,7000.0,No,<1,Both,Electronics,10.0,15.0,2000.0,Fashion,No
4636,18-25,Male,>20L,Rarely,10000.0,Yes,1-3,Mobile,Electronics,20.0,7.0,1000.0,Groceries,Yes
4637,36-45,Male,5-10L,Bi-weekly,5000.0,No,1-3,Both,Books,60.0,7.0,5000.0,Fashion,No
4638,55+,Male,>20L,Weekly,10000.0,No,<1,Mobile,Books,20.0,30.0,500.0,Electronics,No
4639,26-35,Male,<2,Monthly,5000.0,No,5+,Mobile,Electronics,15.0,15.0,500.0,Home & Furniture,Yes
4640,26-35,Male,>20L,Monthly,15000.0,No,1-3,Desktop,Groceries,20.0,7.0,10000.0,Home & Furniture,Yes
4641,26-35,Male,10-20L,Weekly,5000.0,No,3-5,Mobile,Fashion,30.0,15.0,500.0,Home & Furniture,No
4643,36-45,Male,>20L,Quarterly,10000.0,Yes,3-5,Mobile,Electronics,50.0,30.0,1000.0,Groceries,No
4644,18-25,Male,10-20L,Quarterly,12000.0,Yes,3-5,Mobile,Home & Furniture,30.0,30.0,1000.0,Home & Furniture,No
4645,26-35,Male,5L-10L,Rarely,10000.0,No,1-3,Mobile,Electronics,30.0,7.0,1000.0,Electronics,Yes
4646,55+,Male,2-5L,Weekly,12000.0,No,<1,Mobile,Books,10.0,30.0,5000.0,Home & Furniture,No
4647,55+,Female,<2,Monthly,12000.0,Yes,5+,Mobile,Books,25.0,60.0,2000.0,Groceries,No
4648,26-35,Female,>20L,Weekly,3000.0,Yes,1-3,Desktop,Fashion,20.0,15.0,5000.0,Electronics,Yes
4649,36-45,Male,>20L,Weekly,3000.0,Yes,<1,Both,Home & Furniture,20.0,15.0,2000.0,Fashion,No
4651,55+,Male,5L-10L,Rarely,5000.0,No,3-5,Mobile,Books,60.0,60.0,1000.0,Fashion,Yes
4652,55+,Female,10-20L,Quarterly,10000.0,No,<1,Desktop,Fashion,25.0,30.0,2000.0,Home & Furniture,No
4653,18-25,Male,2-5L,Weekly,5000.0,No,<1,Mobile,Books,30.0,7.0,2000.0,Electronics,No
4654,18-25,Male,<2L,Monthly,5000.0,No,3-5,Mobile,Electronics,30.0,15.0,1000.0,Fashion,Yes
4655,36-45,Female,<2L,Bi-weekly,7000.0,Yes,5+,Desktop,Fashion,40.0,7.0,2000.0,Fashion,No
4656,55+,Male,5L-10L,Weekly,10000.0,No,3-5,Mobile,Electronics,15.0,15.0,2000.0,Home & Furniture,No
4657,55+,Male,>20L,Quarterly,20000.0,No,1-3,Desktop,Electronics,30.0,7.0,5000.0,Electronics,Yes
4658,18-25,Male,5-10L,Weekly,10000.0,Yes,1-3,Mobile,Home & Furniture,50.0,60.0,10000.0,Fashion,No
4659,46-55,Male,5-10L,Rarely,5000.0,Yes,3-5,Mobile,Fashion,20.0,15.0,500.0,Home & Furniture,Yes
4660,55+,Male,5-10L,Weekly,5000.0,No,<1,Both,Electronics,30.0,60.0,10000.0,Electronics,No
4661,55+,Male,5-10L,Weekly,3000.0,No,3-5,Mobile,Fashion,30.0,7.0,1000.0,Groceries,No
4662,55+,Male,2-5L,Quarterly,7000.0,Yes,3-5,Both,Books,25.0,30.0,5000.0,Home & Furniture,No
4663,36-45,Male,5-10L,Quarterly,10000.0,No,3-5,Desktop,Electronics,30.0,30.0,2000.0,Home & Furniture,No
4664,18-25,Male,5L-10L,Rarely,20000.0,Yes,3-5,Mobile,Fashion,30.0,60.0,1000.0,Electronics,No
4665,46-55,Female,2-5L,Weekly,5000.0,No,1-3,Desktop,Home & Furniture,40.0,7.0,5000.0,Electronics,Yes
4666,36-45,Female,2-5L,Weekly,5000.0,No,3-5,Both,Electronics,50.0,7.0,500.0,Groceries,No
4667,55+,Female,<2,Weekly,3000.0,Yes,<1,Mobile,Books,40.0,30.0,1000.0,Electronics,Yes
4668,36-45,Female,5-10L,Rarely,10000.0,Yes,1-3,Desktop,Fashion,10.0,30.0,5000.0,Fashion,Yes
4669,55+,Male,<2,Rarely,20000.0,Yes,3-5,Both,Fashion,20.0,30.0,2000.0,Home & Furniture,No
4670,26-35,Male,5L-10L,Weekly,5000.0,Yes,3-5,Mobile,Electronics,50.0,15.0,500.0,Electronics,Yes
4671,18-25,Male,2-5L,Quarterly,10000.0,No,1-3,Both,Fashion,40.0,30.0,2000.0,Groceries,Yes
4672,26-35,Male,>20L,Quarterly,3000.0,Yes,1-3,Mobile,Electronics,60.0,7.0,1000.0,Fashion,No
4673,18-25,Male,2-5L,Rarely,10000.0,No,<1,Desktop,Electronics,30.0,15.0,500.0,Groceries,Yes
4674,26-35,Male,>20L,Weekly,5000.0,No,<1,Mobile,Electronics,50.0,30.0,500.0,Electronics,No
4675,46-55,Male,<2L,Weekly,3000.0,No,5+,Mobile,Electronics,30.0,7.0,1000.0,Books,No
4676,18-25,Female,2-5L,Weekly,10000.0,No,5+,Mobile,Home & Furniture,30.0,15.0,1000.0,Electronics,No
4678,18-25,Male,5-10L,Quarterly,5000.0,Yes,1-3,Desktop,Books,30.0,30.0,2000.0,Books,Yes
4679,18-25,Female,5-10L,Rarely,5000.0,No,1-3,Both,Books,30.0,30.0,2000.0,Fashion,Yes
4680,55+,Male,5-10L,Weekly,5000.0,No,3-5,Both,Electronics,30.0,30.0,500.0,Fashion,No
4681,55+,Male,>20L,Rarely,10000.0,No,3-5,Desktop,Fashion,40.0,30.0,5000.0,Home & Furniture,Yes
4682,18-25,Male,5-10L,Quarterly,5000.0,Yes,3-5,Mobile,Electronics,20.0,15.0,5000.0,Groceries,Yes
4683,55+,Female,<2,Monthly,10000.0,No,3-5,Both,Books,20.0,7.0,1000.0,Groceries,Yes
4684,55+,Female,5L-10L,Weekly,10000.0,No,3-5,Mobile,Fashion,10.0,60.0,5000.0,Groceries,No
4685,55+,Male,<2,Rarely,5000.0,Yes,3-5,Both,Fashion,25.0,15.0,500.0,Electronics,No
4686,36-45,Male,2-5L,Weekly,5000.0,No,<1,Desktop,Home & Furniture,30.0,15.0,500.0,Electronics,Yes
4687,26-35,Male,>20L,Weekly,10000.0,No,1-3,Mobile,Groceries,25.0,30.0,1000.0,Fashion,No
4688,36-45,Male,5-10L,Quarterly,10000.0,Yes,<1,Desktop,Groceries,30.0,15.0,500.0,Home & Furniture,Yes
4689,55+,Female,<2L,Quarterly,10000.0,No,<1,Mobile,Books,10.0,7.0,2000.0,Home & Furniture,Yes
4690,55+,Male,10-20L,Quarterly,10000.0,Yes,<1,Mobile,Home & Furniture,30.0,30.0,2000.0,Fashion,No
4691,36-45,Female,>20L,Quarterly,12000.0,Yes,1-3,Mobile,Fashion,30.0,30.0,500.0,Home & Furniture,No
4695,36-45,Male,<2L,Weekly,20000.0,No,<1,Desktop,Electronics,50.0,60.0,2000.0,Fashion,No
4696,46-55,Male,5L-10L,Quarterly,15000.0,No,<1,Desktop,Electronics,50.0,15.0,1000.0,Groceries,No
4697,36-45,Female,<2,Monthly,5000.0,Yes,3-5,Mobile,Electronics,30.0,30.0,2000.0,Fashion,No
4698,36-45,Male,10-20L,Quarterly,10000.0,Yes,5+,Mobile,Books,10.0,15.0,2000.0,Electronics,Yes
4699,46-55,Female,>20L,Weekly,10000.0,No,<1,Desktop,Fashion,10.0,30.0,1000.0,Home & Furniture,No
4700,55+,Male,10-20L,Monthly,15000.0,Yes,1-3,Mobile,Books,40.0,15.0,1000.0,Books,Yes
4701,55+,Male,5L-10L,Weekly,5000.0,No,1-3,Desktop,Electronics,30.0,15.0,2000.0,Home & Furniture,No
4702,36-45,Female,5L-10L,Monthly,7000.0,Yes,5+,Mobile,Home & Furniture,20.0,60.0,1000.0,Groceries,No
4703,36-45,Male,10-20L,Weekly,3000.0,No,5+,Desktop,Fashion,10.0,7.0,1000.0,Books,No
4705,18-25,Male,<2,Rarely,20000.0,Yes,3-5,Desktop,Books,30.0,15.0,5000.0,Electronics,Yes
4706,26-35,Male,<2L,Weekly,7000.0,Yes,5+,Mobile,Books,30.0,30.0,2000.0,Books,Yes
4707,18-25,Male,<2,Rarely,5000.0,No,3-5,Desktop,Fashion,30.0,30.0,1000.0,Groceries,Yes
4708,36-45,Male,<2,Monthly,10000.0,Yes,5+,Mobile,Electronics,20.0,15.0,2000.0,Groceries,No
4709,26-35,Male,<2,Quarterly,5000.0,Yes,<1,Mobile,Electronics,30.0,7.0,1000.0,Fashion,Yes
4710,36-45,Female,>20L,Monthly,20000.0,No,<1,Mobile,Electronics,30.0,15.0,500.0,Home & Furniture,Yes
4711,55+,Female,<2,Bi-weekly,5000.0,No,3-5,Mobile,Groceries,15.0,7.0,2000.0,Electronics,No
4712,26-35,Male,5L-10L,Weekly,10000.0,No,3-5,Mobile,Home & Furniture,30.0,30.0,2000.0,Electronics,No
4713,46-55,Male,<2L,Bi-weekly,3000.0,Yes,3-5,Mobile,Fashion,20.0,30.0,5000.0,Electronics,Yes
4714,55+,Male,>20L,Weekly,20000.0,Yes,3-5,Desktop,Home & Furniture,50.0,7.0,2000.0,Home & Furniture,No
4715,46-55,Female,5L-10L,Bi-weekly,10000.0,No,3-5,Desktop,Fashion,30.0,60.0,2000.0,Electronics,No
4716,26-35,Male,<2,Monthly,20000.0,Yes,<1,Mobile,Home & Furniture,50.0,15.0,2000.0,Electronics,No
4717,55+,Male,>20L,Quarterly,5000.0,No,<1,Both,Groceries,50.0,60.0,10000.0,Home & Furniture,Yes
4718,46-55,Female,<2L,Quarterly,10000.0,No,3-5,Mobile,Electronics,50.0,7.0,2000.0,Books,Yes
4720,18-25,Male,<2,Monthly,12000.0,No,5+,Desktop,Fashion,15.0,7.0,2000.0,Fashion,Yes
4721,55+,Female,2-5L,Quarterly,5000.0,Yes,<1,Desktop,Electronics,40.0,60.0,2000.0,Home & Furniture,Yes
4722,55+,Male,2-5L,Weekly,7000.0,No,3-5,Mobile,Electronics,20.0,30.0,5000.0,Groceries,Yes
4723,26-35,Male,5L-10L,Weekly,10000.0,No,<1,Desktop,Electronics,30.0,60.0,500.0,Home & Furniture,No
4724,46-55,Male,10-20L,Weekly,5000.0,No,1-3,Desktop,Electronics,30.0,30.0,500.0,Fashion,No
4726,36-45,Female,10-20L,Rarely,12000.0,No,3-5,Desktop,Fashion,30.0,15.0,5000.0,Fashion,No
4727,55+,Female,>20L,Weekly,10000.0,Yes,3-5,Mobile,Home & Furniture,10.0,7.0,500.0,Fashion,No
4728,26-35,Female,5-10L,Monthly,10000.0,No,3-5,Mobile,Fashion,60.0,15.0,5000.0,Books,No
4730,55+,Male,5-10L,Weekly,7000.0,Yes,<1,Mobile,Electronics,20.0,15.0,10000.0,Home & Furniture,Yes
4731,36-45,Male,5-10L,Weekly,15000.0,Yes,3-5,Mobile,Fashion,40.0,30.0,2000.0,Home & Furniture,Yes
4732,55+,Male,10-20L,Quarterly,5000.0,Yes,5+,Mobile,Electronics,30.0,30.0,2000.0,Home & Furniture,No
4733,36-45,Female,>20L,Monthly,20000.0,Yes,<1,Desktop,Electronics,60.0,15.0,1000.0,Groceries,No
4734,26-35,Male,2-5L,Quarterly,10000.0,Yes,1-3,Mobile,Fashion,40.0,60.0,5000.0,Groceries,No
4735,55+,Female,>20L,Weekly,3000.0,No,3-5,Mobile,Fashion,25.0,15.0,500.0,Electronics,No
4736,55+,Male,<2L,Weekly,5000.0,No,5+,Desktop,Groceries,15.0,30.0,1000.0,Fashion,Yes
4737,55+,Male,<2L,Rarely,10000.0,Yes,3-5,Both,Electronics,50.0,30.0,10000.0,Electronics,Yes
4738,18-25,Male,2-5L,Rarely,20000.0,Yes,1-3,Mobile,Electronics,30.0,60.0,2000.0,Groceries,Yes
4739,55+,Female,2-5L,Weekly,10000.0,No,<1,Mobile,Home & Furniture,50.0,30.0,2000.0,Fashion,Yes
4740,55+,Male,>20L,Quarterly,10000.0,Yes,<1,Desktop,Home & Furniture,40.0,15.0,2000.0,Home & Furniture,Yes
4741,26-35,Male,<2L,Monthly,20000.0,Yes,3-5,Desktop,Electronics,60.0,30.0,500.0,Fashion,No
4742,26-35,Female,10-20L,Rarely,10000.0,No,5+,Mobile,Groceries,40.0,7.0,1000.0,Electronics,Yes
4744,26-35,Male,5L-10L,Bi-weekly,12000.0,Yes,<1,Desktop,Electronics,30.0,60.0,500.0,Groceries,Yes
4745,18-25,Female,10-20L,Weekly,10000.0,Yes,3-5,Desktop,Fashion,40.0,7.0,1000.0,Home & Furniture,Yes
4746,18-25,Male,2-5L,Weekly,5000.0,Yes,3-5,Mobile,Electronics,30.0,60.0,5000.0,Home & Furniture,Yes
4747,36-45,Male,5-10L,Quarterly,12000.0,Yes,<1,Desktop,Home & Furniture,15.0,30.0,1000.0,Electronics,No
4748,46-55,Male,<2L,Bi-weekly,5000.0,No,3-5,Mobile,Electronics,20.0,7.0,5000.0,Groceries,Yes
4749,55+,Male,5L-10L,Quarterly,10000.0,No,1-3,Desktop,Books,25.0,7.0,1000.0,Groceries,No
4750,18-25,Male,5-10L,Bi-weekly,15000.0,No,3-5,Mobile,Home & Furniture,20.0,15.0,1000.0,Home & Furniture,Yes
4751,26-35,Male,5-10L,Weekly,10000.0,Yes,3-5,Mobile,Groceries,15.0,30.0,5000.0,Home & Furniture,Yes
4752,46-55,Female,<2L,Weekly,12000.0,Yes,1-3,Desktop,Home & Furniture,10.0,60.0,2000.0,Home & Furniture,Yes
4754,36-45,Female,5-10L,Monthly,5000.0,Yes,3-5,Both,Electronics,15.0,15.0,1000.0,Groceries,No
4757,36-45,Male,10-20L,Quarterly,7000.0,No,1-3,Mobile,Electronics,50.0,30.0,1000.0,Groceries,No
4758,55+,Male,<2L,Quarterly,5000.0,No,1-3,Mobile,Books,30.0,15.0,2000.0,Groceries,Yes
4759,18-25,Male,>20L,Rarely,10000.0,No,3-5,Mobile,Groceries,30.0,60.0,1000.0,Electronics,Yes
4760,55+,Female,5L-10L,Rarely,5000.0,Yes,<1,Both,Electronics,40.0,60.0,1000.0,Fashion,Yes
4761,36-45,Female,>20L,Quarterly,10000.0,Yes,3-5,Mobile,Books,50.0,15.0,500.0,Home & Furniture,No
4762,36-45,Male,5L-10L,Weekly,15000.0,No,3-5,Mobile,Electronics,20.0,7.0,1000.0,Groceries,No
4763,55+,Male,2-5L,Quarterly,10000.0,Yes,<1,Both,Books,25.0,7.0,500.0,Fashion,No
4764,46-55,Male,5-10L,Bi-weekly,5000.0,No,3-5,Mobile,Home & Furniture,50.0,60.0,1000.0,Home & Furniture,No
4765,36-45,Male,>20L,Weekly,10000.0,No,1-3,Mobile,Electronics,20.0,7.0,1000.0,Fashion,Yes
4766,26-35,Female,5-10L,Quarterly,5000.0,No,5+,Mobile,Fashion,30.0,60.0,1000.0,Fashion,Yes
4767,55+,Female,5L-10L,Rarely,5000.0,Yes,<1,Mobile,Home & Furniture,40.0,15.0,1000.0,Fashion,No
4768,46-55,Male,>20L,Weekly,20000.0,No,3-5,Desktop,Fashion,25.0,7.0,5000.0,Fashion,No
4769,26-35,Female,2-5L,Weekly,10000.0,No,3-5,Mobile,Groceries,15.0,60.0,1000.0,Fashion,Yes
4770,55+,Male,<2,Quarterly,10000.0,Yes,<1,Mobile,Fashion,40.0,30.0,1000.0,Home & Furniture,Yes
4771,46-55,Male,>20L,Weekly,10000.0,No,<1,Both,Electronics,25.0,7.0,1000.0,Books,Yes
4772,36-45,Male,>20L,Weekly,10000.0,No,<1,Mobile,Books,30.0,60.0,2000.0,Books,No
4773,18-25,Male,5-10L,Weekly,10000.0,No,5+,Mobile,Electronics,15.0,60.0,1000.0,Electronics,No
4774,36-45,Female,10-20L,Quarterly,15000.0,No,5+,Mobile,Fashion,10.0,7.0,1000.0,Electronics,No
4775,18-25,Male,<2L,Weekly,5000.0,No,1-3,Mobile,Electronics,20.0,15.0,5000.0,Electronics,No
4777,36-45,Male,5-10L,Weekly,5000.0,No,3-5,Desktop,Fashion,20.0,30.0,1000.0,Fashion,Yes
4778,18-25,Male,>20L,Rarely,15000.0,No,<1,Mobile,Books,20.0,7.0,10000.0,Groceries,No
4779,26-35,Male,5-10L,Quarterly,7000.0,Yes,1-3,Mobile,Groceries,50.0,7.0,1000.0,Electronics,No
4780,46-55,Male,<2L,Bi-weekly,10000.0,Yes,5+,Desktop,Groceries,30.0,7.0,2000.0,Fashion,No
4781,36-45,Male,5-10L,Rarely,10000.0,No,1-3,Desktop,Electronics,30.0,15.0,2000.0,Home & Furniture,No
4782,55+,Male,10-20L,Weekly,5000.0,Yes,5+,Mobile,Groceries,25.0,30.0,5000.0,Fashion,No
4783,55+,Female,2-5L,Quarterly,5000.0,No,3-5,Mobile,Electronics,25.0,30.0,1000.0,Electronics,No
4784,55+,Male,2-5L,Weekly,10000.0,No,1-3,Desktop,Books,30.0,15.0,1000.0,Electronics,No
4785,55+,Male,>20L,Monthly,15000.0,No,3-5,Mobile,Home & Furniture,60.0,7.0,500.0,Home & Furniture,Yes
4786,55+,Male,>20L,Quarterly,5000.0,Yes,1-3,Mobile,Electronics,30.0,7.0,500.0,Home & Furniture,No
4787,36-45,Male,<2L,Weekly,12000.0,No,3-5,Mobile,Home & Furniture,30.0,30.0,1000.0,Fashion,No
4788,55+,Male,<2,Rarely,5000.0,No,1-3,Mobile,Electronics,60.0,7.0,1000.0,Groceries,No
4790,55+,Male,5L-10L,Weekly,10000.0,Yes,3-5,Desktop,Electronics,40.0,60.0,500.0,Home & Furniture,Yes
4791,36-45,Male,>20L,Weekly,12000.0,No,5+,Both,Home & Furniture,20.0,7.0,1000.0,Groceries,Yes
4793,26-35,Female,5L-10L,Quarterly,5000.0,Yes,1-3,Mobile,Fashion,30.0,60.0,500.0,Groceries,Yes
4794,55+,Male,2-5L,Weekly,5000.0,Yes,<1,Desktop,Electronics,40.0,30.0,2000.0,Groceries,No
4795,36-45,Male,2-5L,Quarterly,7000.0,Yes,3-5,Mobile,Electronics,30.0,30.0,1000.0,Fashion,No
4796,55+,Male,5-10L,Quarterly,10000.0,No,1-3,Mobile,Fashion,25.0,7.0,1000.0,Home & Furniture,No
4797,26-35,Male,<2,Bi-weekly,5000.0,Yes,3-5,Mobile,Electronics,60.0,7.0,2000.0,Fashion,Yes
4798,36-45,Male,<2,Quarterly,5000.0,No,<1,Mobile,Electronics,25.0,30.0,1000.0,Books,Yes
4799,55+,Male,2-5L,Quarterly,3000.0,Yes,3-5,Mobile,Fashion,25.0,60.0,1000.0,Books,No
4800,55+,Male,5-10L,Monthly,5000.0,No,3-5,Both,Books,15.0,60.0,5000.0,Home & Furniture,No
4801,55+,Female,5-10L,Bi-weekly,10000.0,Yes,3-5,Mobile,Electronics,60.0,7.0,1000.0,Home & Furniture,No
4802,26-35,Female,>20L,Monthly,20000.0,No,1-3,Mobile,Home & Furniture,30.0,7.0,2000.0,Home & Furniture,Yes
4803,18-25,Male,5-10L,Quarterly,5000.0,No,3-5,Mobile,Groceries,40.0,7.0,1000.0,Fashion,No
4805,55+,Male,10-20L,Weekly,5000.0,No,3-5,Desktop,Groceries,25.0,7.0,1000.0,Groceries,No
4806,55+,Male,<2,Weekly,10000.0,No,3-5,Desktop,Books,20.0,7.0,1000.0,Home & Furniture,Yes
4807,36-45,Female,5L-10L,Quarterly,10000.0,No,3-5,Mobile,Electronics,25.0,30.0,2000.0,Groceries,No
4809,36-45,Female,<2,Weekly,3000.0,No,1-3,Mobile,Electronics,50.0,15.0,500.0,Fashion,No
4810,46-55,Male,<2L,Rarely,15000.0,Yes,3-5,Mobile,Home & Furniture,60.0,15.0,500.0,Home & Furniture,Yes
4812,55+,Male,<2L,Weekly,12000.0,No,5+,Mobile,Home & Furniture,30.0,30.0,1000.0,Groceries,No
4813,46-55,Male,>20L,Rarely,7000.0,Yes,5+,Mobile,Electronics,50.0,7.0,2000.0,Home & Furniture,No
4814,55+,Male,5-10L,Quarterly,15000.0,Yes,5+,Mobile,Electronics,40.0,30.0,5000.0,Books,No
4815,36-45,Male,<2L,Bi-weekly,12000.0,No,1-3,Mobile,Fashion,30.0,7.0,2000.0,Home & Furniture,No
4816,18-25,Male,5L-10L,Weekly,5000.0,Yes,3-5,Mobile,Groceries,30.0,60.0,1000.0,Fashion,No
4817,26-35,Male,<2,Quarterly,3000.0,Yes,3-5,Mobile,Electronics,20.0,30.0,500.0,Electronics,No
4818,36-45,Male,>20L,Monthly,5000.0,No,3-5,Desktop,Home & Furniture,60.0,30.0,500.0,Fashion,Yes
4819,46-55,Male,<2L,Weekly,15000.0,No,<1,Mobile,Electronics,20.0,60.0,1000.0,Books,Yes
4820,46-55,Male,5L-10L,Quarterly,5000.0,Yes,<1,Mobile,Electronics,20.0,7.0,500.0,Fashion,No
4821,55+,Female,<2,Weekly,7000.0,No,3-5,Mobile,Fashion,30.0,30.0,2000.0,Groceries,No
4822,26-35,Female,>20L,Weekly,10000.0,No,3-5,Mobile,Electronics,40.0,30.0,1000.0,Fashion,No
4823,46-55,Female,2-5L,Quarterly,10000.0,No,5+,Both,Groceries,30.0,7.0,1000.0,Groceries,No
4824,55+,Female,2-5L,Weekly,7000.0,No,3-5,Mobile,Electronics,40.0,7.0,2000.0,Fashion,Yes
4826,36-45,Male,5-10L,Rarely,5000.0,Yes,3-5,Desktop,Books,30.0,7.0,1000.0,Home & Furniture,Yes
4827,26-35,Male,5L-10L,Quarterly,5000.0,No,1-3,Both,Groceries,50.0,60.0,1000.0,Fashion,Yes
4828,36-45,Male,5-10L,Weekly,5000.0,Yes,3-5,Both,Electronics,30.0,30.0,1000.0,Home & Furniture,No
4829,55+,Female,10-20L,Weekly,15000.0,No,<1,Desktop,Fashion,30.0,30.0,500.0,Home & Furniture,Yes
4830,55+,Male,>20L,Quarterly,20000.0,No,<1,Mobile,Fashion,25.0,15.0,5000.0,Groceries,No
4831,46-55,Female,<2,Weekly,15000.0,No,5+,Desktop,Groceries,15.0,15.0,1000.0,Fashion,No
4832,55+,Female,<2,Weekly,5000.0,No,3-5,Mobile,Electronics,30.0,15.0,1000.0,Groceries,No
4833,55+,Male,<2,Rarely,5000.0,Yes,<1,Desktop,Electronics,25.0,7.0,500.0,Electronics,No
4834,55+,Male,<2,Weekly,10000.0,Yes,1-3,Mobile,Fashion,50.0,7.0,5000.0,Home & Furniture,Yes
4835,36-45,Female,5-10L,Weekly,5000.0,No,3-5,Mobile,Fashion,60.0,15.0,1000.0,Home & Furniture,No
4836,55+,Female,2-5L,Quarterly,15000.0,Yes,1-3,Both,Groceries,25.0,30.0,500.0,Fashion,No
4837,18-25,Female,2-5L,Monthly,12000.0,Yes,<1,Desktop,Electronics,15.0,7.0,1000.0,Groceries,No
4838,18-25,Female,<2,Weekly,20000.0,No,3-5,Desktop,Fashion,40.0,30.0,1000.0,Books,No
4839,18-25,Male,<2L,Monthly,10000.0,Yes,3-5,Both,Books,30.0,7.0,500.0,Home & Furniture,Yes
4840,18-25,Male,2-5L,Rarely,7000.0,No,5+,Both,Electronics,40.0,15.0,1000.0,Electronics,Yes
4841,55+,Male,<2,Weekly,5000.0,Yes,3-5,Desktop,Electronics,25.0,30.0,5000.0,Fashion,No
4842,36-45,Male,2-5L,Weekly,15000.0,Yes,3-5,Mobile,Electronics,10.0,30.0,1000.0,Fashion,No
4844,36-45,Male,2-5L,Weekly,15000.0,Yes,1-3,Desktop,Electronics,60.0,7.0,1000.0,Books,No
4845,55+,Female,<2,Monthly,5000.0,Yes,1-3,Mobile,Electronics,50.0,7.0,1000.0,Books,No
4846,26-35,Male,5-10L,Monthly,10000.0,No,3-5,Mobile,Home & Furniture,30.0,7.0,500.0,Groceries,No
4847,18-25,Female,5L-10L,Weekly,7000.0,Yes,5+,Desktop,Fashion,20.0,7.0,1000.0,Groceries,No
4848,46-55,Male,<2,Monthly,5000.0,No,5+,Desktop,Fashion,20.0,60.0,1000.0,Fashion,No
4849,18-25,Male,<2L,Monthly,10000.0,No,<1,Mobile,Home & Furniture,20.0,60.0,5000.0,Groceries,Yes
4850,55+,Male,2-5L,Bi-weekly,10000.0,Yes,3-5,Mobile,Electronics,30.0,60.0,500.0,Books,Yes
4852,55+,Female,5L-10L,Weekly,10000.0,No,3-5,Desktop,Electronics,25.0,30.0,2000.0,Fashion,No
4853,55+,Male,>20L,Bi-weekly,5000.0,No,3-5,Mobile,Electronics,30.0,15.0,500.0,Electronics,Yes
4854,18-25,Male,2-5L,Rarely,12000.0,No,3-5,Mobile,Home & Furniture,30.0,30.0,1000.0,Home & Furniture,Yes
4856,55+,Male,>20L,Weekly,10000.0,Yes,5+,Desktop,Electronics,30.0,30.0,1000.0,Groceries,No
4857,36-45,Male,2-5L,Quarterly,3000.0,No,3-5,Mobile,Fashion,20.0,7.0,2000.0,Home & Furniture,No
4858,46-55,Male,<2,Weekly,10000.0,Yes,<1,Both,Electronics,30.0,30.0,5000.0,Books,Yes
4859,18-25,Male,2-5L,Weekly,7000.0,Yes,5+,Mobile,Books,15.0,7.0,500.0,Books,No
4861,46-55,Male,>20L,Weekly,10000.0,Yes,1-3,Mobile,Groceries,50.0,60.0,500.0,Books,Yes
4862,55+,Female,5-10L,Rarely,7000.0,Yes,<1,Mobile,Fashion,15.0,30.0,1000.0,Home & Furniture,No
4863,26-35,Male,10-20L,Quarterly,10000.0,No,5+,Mobile,Home & Furniture,30.0,30.0,5000.0,Books,No
4864,55+,Female,>20L,Quarterly,7000.0,Yes,1-3,Mobile,Electronics,15.0,15.0,2000.0,Home & Furniture,No
4865,46-55,Male,5-10L,Weekly,5000.0,Yes,3-5,Mobile,Home & Furniture,20.0,30.0,5000.0,Electronics,No
4866,55+,Male,>20L,Quarterly,7000.0,No,3-5,Mobile,Home & Furniture,15.0,15.0,10000.0,Fashion,No
4867,26-35,Female,5-10L,Monthly,10000.0,Yes,1-3,Both,Electronics,25.0,60.0,500.0,Fashion,No
4868,26-35,Male,<2,Weekly,10000.0,Yes,3-5,Mobile,Electronics,20.0,7.0,1000.0,Home & Furniture,No
4869,36-45,Female,5L-10L,Weekly,10000.0,No,3-5,Mobile,Books,60.0,30.0,500.0,Groceries,No
4871,36-45,Male,10-20L,Rarely,5000.0,Yes,5+,Mobile,Electronics,20.0,7.0,1000.0,Home & Furniture,No
4872,26-35,Male,5-10L,Quarterly,10000.0,No,<1,Mobile,Fashion,40.0,15.0,500.0,Electronics,No
4874,46-55,Male,2-5L,Quarterly,5000.0,Yes,3-5,Mobile,Home & Furniture,25.0,7.0,2000.0,Home & Furniture,Yes
4875,46-55,Male,<2L,Weekly,5000.0,No,1-3,Mobile,Books,20.0,15.0,1000.0,Groceries,No
4876,55+,Male,2-5L,Weekly,20000.0,Yes,3-5,Mobile,Books,40.0,15.0,1000.0,Home & Furniture,No
4877,26-35,Male,5-10L,Rarely,5000.0,Yes,1-3,Mobile,Fashion,30.0,7.0,500.0,Fashion,No
4878,55+,Male,5-10L,Weekly,7000.0,Yes,5+,Mobile,Electronics,30.0,30.0,1000.0,Fashion,No
4879,36-45,Male,2-5L,Weekly,5000.0,No,<1,Mobile,Electronics,25.0,7.0,1000.0,Fashion,No
4880,36-45,Female,2-5L,Weekly,3000.0,No,1-3,Mobile,Electronics,40.0,60.0,2000.0,Groceries,Yes
4881,18-25,Female,2-5L,Quarterly,5000.0,Yes,3-5,Mobile,Electronics,20.0,15.0,1000.0,Home & Furniture,No
4882,46-55,Male,5-10L,Quarterly,5000.0,No,<1,Both,Home & Furniture,20.0,60.0,5000.0,Books,No
4883,46-55,Male,5-10L,Weekly,7000.0,Yes,<1,Mobile,Fashion,20.0,30.0,10000.0,Fashion,No
4886,55+,Female,5L-10L,Weekly,5000.0,Yes,1-3,Both,Electronics,40.0,60.0,1000.0,Fashion,Yes
4887,55+,Female,>20L,Weekly,15000.0,Yes,1-3,Both,Home & Furniture,50.0,60.0,500.0,Home & Furniture,Yes
4888,55+,Female,<2,Weekly,5000.0,No,3-5,Mobile,Home & Furniture,30.0,30.0,2000.0,Home & Furniture,No
4889,55+,Male,<2,Monthly,5000.0,No,5+,Mobile,Electronics,30.0,7.0,500.0,Fashion,No
4891,26-35,Female,10-20L,Weekly,15000.0,Yes,5+,Mobile,Electronics,20.0,7.0,500.0,Electronics,Yes
4893,55+,Male,5-10L,Quarterly,5000.0,No,1-3,Mobile,Electronics,30.0,7.0,500.0,Home & Furniture,No
4894,55+,Male,5-10L,Weekly,15000.0,Yes,3-5,Mobile,Fashion,40.0,7.0,2000.0,Electronics,No
4895,55+,Male,5-10L,Quarterly,10000.0,Yes,<1,Both,Groceries,30.0,30.0,500.0,Groceries,Yes
4896,36-45,Male,5L-10L,Quarterly,7000.0,Yes,<1,Mobile,Home & Furniture,60.0,30.0,1000.0,Fashion,Yes
4897,26-35,Male,<2L,Rarely,7000.0,Yes,1-3,Mobile,Fashion,10.0,30.0,5000.0,Electronics,Yes
4898,46-55,Male,5-10L,Weekly,3000.0,Yes,1-3,Mobile,Electronics,40.0,60.0,1000.0,Electronics,No
4899,55+,Male,5-10L,Quarterly,10000.0,Yes,<1,Mobile,Electronics,30.0,7.0,2000.0,Electronics,No
4900,55+,Male,5L-10L,Weekly,5000.0,Yes,<1,Mobile,Home & Furniture,30.0,30.0,2000.0,Fashion,No
4901,36-45,Female,>20L,Weekly,5000.0,Yes,3-5,Mobile,Electronics,25.0,7.0,2000.0,Fashion,No
4903,26-35,Female,5L-10L,Monthly,15000.0,No,1-3,Mobile,Fashion,40.0,30.0,500.0,Electronics,No
4904,55+,Male,<2,Monthly,3000.0,Yes,<1,Mobile,Electronics,30.0,30.0,5000.0,Groceries,No
4905,55+,Male,>20L,Monthly,10000.0,No,3-5,Mobile,Books,40.0,30.0,10000.0,Electronics,No
4906,55+,Female,>20L,Rarely,10000.0,Yes,3-5,Mobile,Groceries,40.0,7.0,5000.0,Books,No
4907,55+,Male,<2L,Quarterly,5000.0,Yes,5+,Mobile,Home & Furniture,30.0,15.0,500.0,Electronics,Yes
4908,18-25,Female,2-5L,Weekly,12000.0,No,3-5,Mobile,Electronics,40.0,7.0,1000.0,Fashion,No
4909,55+,Male,10-20L,Weekly,20000.0,Yes,5+,Mobile,Electronics,30.0,30.0,2000.0,Groceries,No
4910,26-35,Male,<2,Weekly,10000.0,Yes,3-5,Desktop,Electronics,30.0,30.0,500.0,Fashion,Yes
4912,36-45,Male,<2,Bi-weekly,15000.0,Yes,<1,Both,Fashion,30.0,60.0,5000.0,Home & Furniture,No
4914,55+,Male,5-10L,Quarterly,7000.0,No,3-5,Mobile,Books,30.0,7.0,2000.0,Home & Furniture,No
4915,36-45,Female,5-10L,Weekly,10000.0,Yes,5+,Desktop,Electronics,40.0,30.0,1000.0,Groceries,No
4916,55+,Male,<2,Weekly,5000.0,Yes,5+,Mobile,Electronics,30.0,15.0,2000.0,Fashion,No
4917,55+,Male,5-10L,Monthly,5000.0,Yes,3-5,Desktop,Electronics,10.0,7.0,2000.0,Fashion,Yes
4918,46-55,Male,<2,Monthly,12000.0,Yes,3-5,Desktop,Groceries,30.0,30.0,1000.0,Electronics,Yes
4919,55+,Male,5-10L,Quarterly,5000.0,Yes,3-5,Mobile,Groceries,25.0,30.0,2000.0,Electronics,No
4921,36-45,Male,2-5L,Quarterly,10000.0,No,5+,Mobile,Electronics,20.0,30.0,1000.0,Electronics,No
4922,26-35,Male,<2,Rarely,3000.0,No,1-3,Desktop,Electronics,40.0,15.0,1000.0,Books,No
4923,26-35,Male,5-10L,Rarely,10000.0,No,<1,Desktop,Electronics,30.0,30.0,500.0,Home & Furniture,Yes
4924,55+,Male,5-10L,Weekly,20000.0,No,<1,Mobile,Books,30.0,7.0,1000.0,Books,No
4925,36-45,Male,>20L,Rarely,20000.0,No,1-3,Mobile,Fashion,40.0,60.0,500.0,Books,No
4926,36-45,Female,5-10L,Quarterly,5000.0,Yes,3-5,Mobile,Electronics,25.0,15.0,500.0,Fashion,Yes
4927,26-35,Female,<2L,Weekly,20000.0,Yes,<1,Mobile,Books,40.0,7.0,5000.0,Books,No
4928,36-45,Male,10-20L,Weekly,5000.0,Yes,3-5,Desktop,Electronics,40.0,30.0,5000.0,Electronics,Yes
4930,26-35,Male,5-10L,Rarely,5000.0,No,<1,Mobile,Books,40.0,30.0,2000.0,Fashion,Yes
4931,55+,Male,2-5L,Bi-weekly,15000.0,Yes,3-5,Desktop,Electronics,20.0,30.0,2000.0,Books,No
4932,46-55,Male,10-20L,Quarterly,5000.0,No,5+,Mobile,Home & Furniture,20.0,15.0,5000.0,Electronics,No
4933,55+,Male,5L-10L,Bi-weekly,10000.0,Yes,5+,Mobile,Home & Furniture,60.0,30.0,1000.0,Groceries,No
4934,26-35,Male,5L-10L,Weekly,12000.0,No,<1,Both,Books,30.0,7.0,2000.0,Fashion,Yes
4935,46-55,Female,2-5L,Weekly,7000.0,Yes,5+,Mobile,Home & Furniture,30.0,60.0,2000.0,Home & Furniture,Yes
4936,18-25,Female,5-10L,Quarterly,12000.0,No,3-5,Mobile,Groceries,40.0,30.0,1000.0,Home & Furniture,Yes
4937,36-45,Male,5-10L,Weekly,5000.0,Yes,1-3,Mobile,Groceries,15.0,7.0,2000.0,Home & Furniture,No
4938,55+,Male,2-5L,Weekly,5000.0,No,1-3,Mobile,Home & Furniture,20.0,7.0,5000.0,Fashion,No
4939,46-55,Male,5-10L,Weekly,7000.0,Yes,1-3,Mobile,Electronics,30.0,60.0,1000.0,Groceries,No
4941,55+,Male,5-10L,Weekly,3000.0,Yes,3-5,Mobile,Home & Furniture,10.0,30.0,2000.0,Fashion,No
4942,18-25,Female,2-5L,Weekly,12000.0,No,1-3,Mobile,Fashion,40.0,30.0,1000.0,Home & Furniture,No
4943,46-55,Male,5-10L,Monthly,10000.0,No,<1,Mobile,Books,10.0,7.0,500.0,Fashion,No
4944,55+,Male,10-20L,Weekly,10000.0,Yes,3-5,Mobile,Electronics,40.0,7.0,1000.0,Fashion,No
4945,46-55,Male,2-5L,Bi-weekly,5000.0,Yes,5+,Both,Home & Furniture,20.0,30.0,1000.0,Fashion,No
4946,55+,Female,2-5L,Quarterly,10000.0,Yes,1-3,Mobile,Electronics,30.0,30.0,5000.0,Electronics,Yes
4947,46-55,Male,5L-10L,Bi-weekly,7000.0,Yes,<1,Mobile,Fashion,30.0,60.0,2000.0,Groceries,No
4948,55+,Female,10-20L,Weekly,10000.0,No,3-5,Mobile,Electronics,30.0,15.0,500.0,Home & Furniture,No
4949,46-55,Male,<2L,Weekly,5000.0,Yes,3-5,Desktop,Electronics,25.0,15.0,500.0,Fashion,No
4950,55+,Male,>20L,Rarely,10000.0,No,1-3,Desktop,Fashion,30.0,15.0,2000.0,Home & Furniture,Yes
4951,26-35,Female,<2L,Quarterly,5000.0,No,1-3,Desktop,Books,50.0,30.0,2000.0,Fashion,No
4952,55+,Male,<2,Quarterly,5000.0,No,<1,Mobile,Books,30.0,15.0,1000.0,Fashion,No
4953,26-35,Female,5-10L,Weekly,5000.0,No,3-5,Mobile,Home & Furniture,20.0,60.0,1000.0,Home & Furniture,Yes
4954,55+,Male,>20L,Weekly,15000.0,Yes,3-5,Mobile,Electronics,25.0,15.0,5000.0,Electronics,No
4955,26-35,Male,5L-10L,Monthly,5000.0,Yes,5+,Mobile,Fashion,30.0,30.0,500.0,Groceries,No
4956,26-35,Male,<2,Quarterly,7000.0,No,1-3,Mobile,Electronics,30.0,15.0,5000.0,Fashion,No
4958,26-35,Female,<2,Rarely,10000.0,No,<1,Mobile,Home & Furniture,30.0,30.0,1000.0,Books,No
4959,36-45,Male,<2L,Weekly,5000.0,Yes,5+,Mobile,Electronics,20.0,7.0,2000.0,Groceries,Yes
4962,55+,Male,2-5L,Weekly,10000.0,Yes,3-5,Mobile,Groceries,20.0,30.0,2000.0,Fashion,No
4963,36-45,Male,10-20L,Weekly,5000.0,No,3-5,Desktop,Home & Furniture,30.0,7.0,1000.0,Electronics,No
4964,26-35,Male,5-10L,Quarterly,10000.0,Yes,1-3,Mobile,Fashion,10.0,60.0,1000.0,Home & Furniture,Yes
4966,18-25,Male,>20L,Weekly,20000.0,No,3-5,Mobile,Groceries,50.0,15.0,500.0,Electronics,No
4967,36-45,Male,5L-10L,Weekly,10000.0,No,5+,Mobile,Home & Furniture,20.0,7.0,2000.0,Groceries,No
4968,36-45,Male,10-20L,Rarely,12000.0,Yes,3-5,Both,Groceries,10.0,60.0,1000.0,Fashion,No
4969,18-25,Male,10-20L,Quarterly,5000.0,No,1-3,Mobile,Electronics,20.0,30.0,1000.0,Fashion,Yes
4970,46-55,Female,5L-10L,Weekly,10000.0,Yes,1-3,Mobile,Electronics,60.0,30.0,500.0,Groceries,Yes
4971,46-55,Male,>20L,Quarterly,10000.0,Yes,5+,Desktop,Home & Furniture,30.0,15.0,2000.0,Electronics,Yes
4974,55+,Male,<2L,Weekly,5000.0,No,3-5,Desktop,Fashion,30.0,60.0,1000.0,Electronics,Yes
4975,46-55,Male,2-5L,Weekly,5000.0,Yes,<1,Both,Fashion,40.0,30.0,500.0,Fashion,No
4976,36-45,Male,>20L,Monthly,10000.0,Yes,3-5,Desktop,Home & Furniture,50.0,30.0,2000.0,Books,Yes
4977,36-45,Male,5-10L,Bi-weekly,5000.0,Yes,<1,Desktop,Books,20.0,15.0,500.0,Home & Furniture,Yes
4978,55+,Male,<2,Monthly,10000.0,Yes,3-5,Mobile,Fashion,30.0,30.0,5000.0,Home & Furniture,Yes
4979,55+,Male,5-10L,Weekly,12000.0,No,1-3,Mobile,Home & Furniture,30.0,30.0,2000.0,Home & Furniture,No
4980,55+,Male,2-5L,Rarely,10000.0,Yes,<1,Mobile,Electronics,40.0,30.0,500.0,Electronics,No
4981,55+,Female,<2L,Bi-weekly,12000.0,No,1-3,Mobile,Home & Furniture,25.0,15.0,500.0,Groceries,Yes
4983,36-45,Male,5-10L,Weekly,3000.0,No,<1,Mobile,Books,50.0,60.0,500.0,Fashion,No
4986,36-45,Male,2-5L,Weekly,10000.0,Yes,5+,Mobile,Fashion,15.0,15.0,2000.0,Home & Furniture,No
4987,46-55,Female,5-10L,Rarely,10000.0,No,3-5,Mobile,Books,25.0,30.0,1000.0,Fashion,No
4988,55+,Female,<2,Weekly,10000.0,No,<1,Mobile,Fashion,50.0,15.0,10000.0,Fashion,Yes
4989,55+,Male,5-10L,Weekly,5000.0,Yes,3-5,Mobile,Electronics,30.0,7.0,2000.0,Groceries,Yes
4990,55+,Male,5L-10L,Rarely,12000.0,No,1-3,Mobile,Fashion,25.0,15.0,1000.0,Groceries,Yes
4991,18-25,Male,10-20L,Bi-weekly,3000.0,No,<1,Mobile,Electronics,25.0,30.0,5000.0,Groceries,No
4992,55+,Female,2-5L,Bi-weekly,5000.0,Yes,3-5,Mobile,Books,30.0,30.0,5000.0,Electronics,Yes
4994,55+,Male,>20L,Monthly,5000.0,Yes,5+,Mobile,Electronics,50.0,30.0,2000.0,Fashion,Yes
4995,46-55,Female,2-5L,Quarterly,20000.0,Yes,3-5,Mobile,Electronics,15.0,15.0,1000.0,Books,No
4996,26-35,Male,>20L,Rarely,7000.0,Yes,3-5,Mobile,Fashion,25.0,7.0,500.0,Fashion,Yes
4997,26-35,Female,<2L,Bi-weekly,7000.0,No,3-5,Mobile,Groceries,30.0,60.0,1000.0,Home & Furniture,No
4998,36-45,Male,10-20L,Bi-weekly,3000.0,Yes,1-3,Mobile,Electronics,40.0,15.0,5000.0,Home & Furniture,No
4999,36-45,Male,2-5L,Rarely,10000.0,No,<1,Desktop,Groceries,10.0,30.0,1000.0,Books,Yes
5000,46-55,Male,<2,Rarely,3000.0,No,1-3,Both,Groceries,30.0,7.0,500.0,Electronics,Yes
5001,26-35,Male,2-5L,Weekly,10000.0,Yes,<1,Mobile,Electronics,15.0,30.0,2000.0,Home & Furniture,No
5002,46-55,Male,2-5L,Weekly,20000.0,No,3-5,Mobile,Home & Furniture,30.0,30.0,1000.0,Fashion,No
5003,55+,Male,<2L,Weekly,5000.0,No,3-5,Mobile,Electronics,20.0,7.0,1000.0,Fashion,No
5004,26-35,Male,<2,Quarterly,12000.0,No,<1,Mobile,Fashion,15.0,7.0,1000.0,Fashion,Yes
5005,18-25,Male,<2,Monthly,20000.0,No,1-3,Mobile,Fashion,15.0,15.0,2000.0,Electronics,No
5007,55+,Male,5-10L,Rarely,12000.0,No,1-3,Desktop,Electronics,30.0,15.0,5000.0,Books,No
5008,46-55,Male,>20L,Weekly,15000.0,Yes,3-5,Mobile,Electronics,50.0,15.0,500.0,Home & Furniture,No
5009,55+,Female,2-5L,Quarterly,5000.0,No,<1,Mobile,Fashion,20.0,15.0,1000.0,Fashion,No
5011,26-35,Male,5-10L,Quarterly,10000.0,No,1-3,Mobile,Groceries,25.0,7.0,2000.0,Electronics,No
5012,46-55,Male,5-10L,Weekly,5000.0,Yes,1-3,Mobile,Home & Furniture,30.0,7.0,5000.0,Electronics,No
5013,26-35,Male,<2,Rarely,5000.0,No,<1,Mobile,Electronics,15.0,30.0,1000.0,Home & Furniture,Yes
5014,55+,Male,2-5L,Rarely,5000.0,No,3-5,Both,Fashion,10.0,30.0,1000.0,Home & Furniture,No
5015,26-35,Male,<2L,Weekly,3000.0,No,1-3,Mobile,Electronics,40.0,7.0,2000.0,Fashion,No
5016,26-35,Male,10-20L,Monthly,7000.0,Yes,3-5,Mobile,Home & Furniture,30.0,7.0,500.0,Books,Yes
5018,36-45,Female,>20L,Weekly,10000.0,Yes,1-3,Both,Electronics,30.0,60.0,1000.0,Fashion,No
5019,46-55,Male,10-20L,Rarely,10000.0,No,<1,Mobile,Fashion,30.0,15.0,1000.0,Fashion,Yes
5021,55+,Male,5-10L,Weekly,3000.0,No,<1,Desktop,Electronics,30.0,7.0,500.0,Electronics,No
5022,55+,Male,5L-10L,Weekly,3000.0,No,3-5,Mobile,Home & Furniture,20.0,60.0,1000.0,Fashion,Yes
5023,55+,Female,>20L,Weekly,5000.0,No,<1,Mobile,Electronics,25.0,7.0,2000.0,Home & Furniture,No
5024,46-55,Male,<2,Weekly,15000.0,Yes,1-3,Both,Home & Furniture,40.0,15.0,5000.0,Fashion,Yes
5025,46-55,Male,<2L,Weekly,15000.0,No,3-5,Both,Fashion,40.0,7.0,1000.0,Groceries,Yes
5026,46-55,Male,2-5L,Bi-weekly,10000.0,No,1-3,Both,Home & Furniture,25.0,15.0,1000.0,Electronics,No
5028,36-45,Female,5-10L,Weekly,20000.0,Yes,1-3,Mobile,Home & Furniture,25.0,30.0,2000.0,Books,Yes
5029,55+,Male,5L-10L,Quarterly,3000.0,Yes,3-5,Mobile,Home & Furniture,10.0,7.0,5000.0,Electronics,No
5030,55+,Male,5L-10L,Monthly,5000.0,Yes,1-3,Desktop,Books,20.0,60.0,2000.0,Electronics,Yes
5031,55+,Male,10-20L,Weekly,10000.0,No,<1,Desktop,Groceries,30.0,30.0,10000.0,Fashion,No
5032,55+,Male,5-10L,Rarely,10000.0,Yes,1-3,Mobile,Electronics,20.0,30.0,5000.0,Fashion,No
5033,18-25,Male,>20L,Rarely,20000.0,Yes,3-5,Desktop,Electronics,30.0,15.0,500.0,Home & Furniture,No
5034,46-55,Male,5-10L,Quarterly,12000.0,No,<1,Mobile,Books,60.0,7.0,500.0,Books,Yes
5035,46-55,Male,2-5L,Weekly,20000.0,No,5+,Desktop,Electronics,40.0,60.0,5000.0,Home & Furniture,No
5036,26-35,Male,2-5L,Monthly,10000.0,No,3-5,Mobile,Fashion,50.0,60.0,5000.0,Electronics,Yes
5037,55+,Female,<2L,Rarely,15000.0,Yes,3-5,Mobile,Books,25.0,7.0,2000.0,Home & Furniture,No
5038,26-35,Female,>20L,Weekly,10000.0,Yes,1-3,Mobile,Fashion,40.0,7.0,1000.0,Electronics,No
5039,55+,Male,10-20L,Weekly,10000.0,No,3-5,Desktop,Groceries,30.0,30.0,1000.0,Groceries,No
5041,26-35,Female,>20L,Bi-weekly,15000.0,Yes,<1,Mobile,Home & Furniture,25.0,15.0,1000.0,Groceries,Yes
5042,18-25,Male,<2,Quarterly,5000.0,No,<1,Mobile,Fashion,30.0,30.0,5000.0,Fashion,No
5043,36-45,Male,2-5L,Monthly,10000.0,No,3-5,Mobile,Electronics,10.0,7.0,10000.0,Electronics,Yes
5044,36-45,Female,<2,Monthly,7000.0,Yes,<1,Mobile,Electronics,15.0,60.0,1000.0,Fashion,No
5046,55+,Male,<2,Weekly,10000.0,No,5+,Mobile,Electronics,40.0,30.0,500.0,Home & Furniture,Yes
5047,55+,Male,<2L,Quarterly,7000.0,Yes,5+,Mobile,Electronics,10.0,30.0,1000.0,Electronics,No
5048,55+,Male,5L-10L,Weekly,10000.0,No,1-3,Mobile,Electronics,30.0,30.0,2000.0,Electronics,Yes
5049,26-35,Male,10-20L,Rarely,10000.0,Yes,<1,Both,Electronics,40.0,15.0,1000.0,Home & Furniture,No
5050,55+,Male,5-10L,Quarterly,5000.0,No,5+,Mobile,Home & Furniture,25.0,60.0,10000.0,Fashion,Yes
5051,55+,Male,>20L,Quarterly,10000.0,Yes,1-3,Desktop,Fashion,15.0,30.0,500.0,Electronics,No
5052,36-45,Male,5L-10L,Rarely,3000.0,No,3-5,Both,Fashion,30.0,30.0,1000.0,Home & Furniture,No
5057,46-55,Female,2-5L,Quarterly,5000.0,No,3-5,Both,Fashion,50.0,7.0,5000.0,Electronics,Yes
5058,46-55,Female,<2,Bi-weekly,12000.0,No,1-3,Mobile,Books,20.0,7.0,1000.0,Groceries,Yes
5059,46-55,Female,5-10L,Weekly,3000.0,No,3-5,Both,Groceries,50.0,60.0,5000.0,Home & Furniture,No
5060,18-25,Male,5-10L,Weekly,10000.0,Yes,3-5,Both,Electronics,40.0,30.0,500.0,Electronics,No
5062,26-35,Female,5L-10L,Bi-weekly,12000.0,Yes,<1,Mobile,Groceries,50.0,7.0,1000.0,Fashion,Yes
5064,18-25,Male,>20L,Bi-weekly,10000.0,Yes,3-5,Mobile,Electronics,30.0,7.0,1000.0,Home & Furniture,No
5065,55+,Male,5-10L,Rarely,10000.0,No,3-5,Both,Fashion,40.0,60.0,5000.0,Home & Furniture,Yes
5066,46-55,Male,5L-10L,Bi-weekly,12000.0,No,<1,Mobile,Groceries,20.0,60.0,2000.0,Groceries,Yes
5067,46-55,Female,2-5L,Weekly,7000.0,No,1-3,Desktop,Books,30.0,60.0,10000.0,Home & Furniture,No
5068,36-45,Male,10-20L,Monthly,7000.0,No,5+,Both,Electronics,15.0,30.0,1000.0,Fashion,Yes
5069,26-35,Male,<2,Weekly,3000.0,No,3-5,Mobile,Electronics,30.0,15.0,2000.0,Groceries,No
5070,36-45,Male,5-10L,Rarely,5000.0,No,<1,Mobile,Fashion,30.0,30.0,500.0,Home & Furniture,No
5071,26-35,Male,<2L,Rarely,5000.0,No,3-5,Both,Books,30.0,30.0,1000.0,Electronics,Yes
5072,36-45,Female,5-10L,Weekly,10000.0,No,3-5,Mobile,Electronics,60.0,7.0,5000.0,Home & Furniture,No
5073,36-45,Male,5L-10L,Weekly,10000.0,No,1-3,Mobile,Groceries,40.0,60.0,10000.0,Groceries,No
5074,46-55,Male,<2L,Quarterly,10000.0,Yes,<1,Mobile,Groceries,30.0,15.0,2000.0,Electronics,Yes
5075,55+,Male,5-10L,Monthly,5000.0,No,3-5,Mobile,Groceries,40.0,7.0,1000.0,Electronics,Yes
5076,26-35,Female,<2L,Weekly,10000.0,No,<1,Mobile,Electronics,25.0,30.0,5000.0,Electronics,No
5077,36-45,Male,<2L,Quarterly,12000.0,Yes,1-3,Both,Electronics,30.0,7.0,2000.0,Groceries,Yes
5078,55+,Male,<2L,Weekly,5000.0,Yes,3-5,Desktop,Electronics,50.0,7.0,1000.0,Fashion,No
5079,36-45,Male,2-5L,Weekly,10000.0,Yes,3-5,Both,Home & Furniture,50.0,15.0,1000.0,Home & Furniture,No
5080,55+,Female,5L-10L,Quarterly,7000.0,No,1-3,Both,Fashion,30.0,60.0,1000.0,Home & Furniture,No
5081,26-35,Female,>20L,Weekly,7000.0,Yes,<1,Mobile,Fashion,25.0,7.0,10000.0,Fashion,Yes
5082,46-55,Female,2-5L,Rarely,3000.0,No,3-5,Both,Fashion,30.0,15.0,500.0,Books,No
5083,36-45,Male,2-5L,Monthly,3000.0,No,1-3,Mobile,Fashion,40.0,30.0,500.0,Fashion,Yes
5084,18-25,Female,2-5L,Weekly,10000.0,Yes,1-3,Both,Electronics,25.0,60.0,1000.0,Fashion,Yes
5085,55+,Female,>20L,Weekly,15000.0,No,3-5,Mobile,Home & Furniture,25.0,30.0,5000.0,Electronics,No
5086,36-45,Male,2-5L,Weekly,5000.0,No,1-3,Mobile,Electronics,50.0,30.0,500.0,Fashion,No
5087,55+,Female,>20L,Weekly,3000.0,No,3-5,Desktop,Books,50.0,30.0,1000.0,Books,No
5088,36-45,Male,5-10L,Monthly,10000.0,No,1-3,Both,Home & Furniture,15.0,30.0,1000.0,Books,Yes
5089,55+,Male,2-5L,Quarterly,20000.0,Yes,3-5,Both,Electronics,50.0,30.0,1000.0,Home & Furniture,No
5091,36-45,Male,2-5L,Weekly,12000.0,Yes,1-3,Desktop,Home & Furniture,25.0,30.0,10000.0,Fashion,No
5092,55+,Male,>20L,Quarterly,5000.0,Yes,1-3,Mobile,Fashion,25.0,7.0,1000.0,Fashion,Yes
5093,36-45,Male,>20L,Rarely,5000.0,No,3-5,Mobile,Electronics,30.0,15.0,1000.0,Fashion,Yes
5094,36-45,Male,<2,Quarterly,20000.0,No,5+,Mobile,Electronics,30.0,30.0,1000.0,Groceries,Yes
5095,55+,Male,>20L,Weekly,10000.0,No,<1,Desktop,Electronics,30.0,15.0,10000.0,Fashion,No
5096,46-55,Male,<2,Weekly,10000.0,No,<1,Mobile,Electronics,25.0,60.0,1000.0,Home & Furniture,Yes
5097,55+,Male,5-10L,Weekly,5000.0,Yes,3-5,Desktop,Electronics,40.0,60.0,10000.0,Electronics,No
5098,46-55,Male,>20L,Weekly,10000.0,Yes,3-5,Both,Electronics,30.0,30.0,500.0,Electronics,No
5100,55+,Male,>20L,Weekly,7000.0,No,<1,Mobile,Electronics,60.0,7.0,500.0,Groceries,Yes
5101,46-55,Male,<2L,Weekly,10000.0,Yes,<1,Mobile,Fashion,30.0,15.0,1000.0,Fashion,No
5102,55+,Male,<2,Weekly,10000.0,Yes,3-5,Desktop,Fashion,40.0,30.0,500.0,Groceries,No
5103,18-25,Male,>20L,Quarterly,10000.0,Yes,3-5,Mobile,Fashion,30.0,30.0,500.0,Home & Furniture,No
5104,46-55,Male,2-5L,Weekly,5000.0,Yes,1-3,Both,Groceries,30.0,30.0,1000.0,Books,No
5105,55+,Male,2-5L,Quarterly,12000.0,No,3-5,Mobile,Electronics,30.0,7.0,10000.0,Books,No
5106,36-45,Male,10-20L,Bi-weekly,20000.0,Yes,5+,Mobile,Books,20.0,7.0,1000.0,Electronics,No
5108,55+,Male,5-10L,Quarterly,5000.0,No,5+,Mobile,Home & Furniture,20.0,60.0,5000.0,Electronics,Yes
5109,46-55,Male,5-10L,Weekly,5000.0,No,<1,Mobile,Books,40.0,7.0,2000.0,Home & Furniture,Yes
5110,55+,Male,10-20L,Quarterly,10000.0,No,3-5,Mobile,Fashion,30.0,15.0,5000.0,Home & Furniture,No
5111,55+,Male,5L-10L,Weekly,10000.0,No,<1,Mobile,Home & Furniture,30.0,7.0,5000.0,Groceries,No
5112,46-55,Male,2-5L,Quarterly,15000.0,Yes,3-5,Mobile,Home & Furniture,20.0,15.0,5000.0,Groceries,No
5113,55+,Male,5-10L,Bi-weekly,5000.0,Yes,3-5,Mobile,Electronics,40.0,7.0,2000.0,Electronics,No
5115,18-25,Female,2-5L,Monthly,5000.0,No,3-5,Mobile,Electronics,50.0,7.0,2000.0,Home & Furniture,No
5117,55+,Male,>20L,Weekly,5000.0,Yes,1-3,Both,Home & Furniture,40.0,7.0,500.0,Fashion,Yes
5118,55+,Male,>20L,Weekly,15000.0,Yes,5+,Mobile,Groceries,10.0,30.0,1000.0,Home & Furniture,Yes
5119,18-25,Male,2-5L,Weekly,15000.0,No,<1,Mobile,Electronics,30.0,15.0,2000.0,Books,No
5120,46-55,Male,<2L,Weekly,3000.0,No,3-5,Mobile,Home & Furniture,15.0,60.0,1000.0,Fashion,Yes
5121,46-55,Male,<2,Quarterly,12000.0,No,1-3,Desktop,Electronics,25.0,7.0,5000.0,Books,No
5122,26-35,Male,<2L,Monthly,5000.0,No,3-5,Mobile,Home & Furniture,30.0,60.0,5000.0,Home & Furniture,No
5123,36-45,Female,5-10L,Weekly,5000.0,Yes,<1,Mobile,Electronics,60.0,7.0,1000.0,Electronics,Yes
5124,46-55,Male,5-10L,Rarely,7000.0,No,3-5,Mobile,Home & Furniture,40.0,60.0,2000.0,Electronics,Yes
5125,46-55,Male,5L-10L,Quarterly,15000.0,Yes,3-5,Desktop,Home & Furniture,20.0,30.0,1000.0,Fashion,Yes
5126,18-25,Female,5-10L,Bi-weekly,7000.0,Yes,3-5,Mobile,Groceries,40.0,7.0,2000.0,Groceries,No
5127,36-45,Male,2-5L,Quarterly,5000.0,No,1-3,Mobile,Groceries,30.0,7.0,500.0,Home & Furniture,Yes
5128,26-35,Male,5-10L,Rarely,10000.0,No,<1,Mobile,Fashion,30.0,30.0,1000.0,Fashion,Yes
5129,55+,Male,2-5L,Weekly,7000.0,Yes,<1,Desktop,Electronics,15.0,30.0,1000.0,Home & Furniture,Yes
5133,26-35,Male,2-5L,Bi-weekly,10000.0,No,<1,Mobile,Fashion,15.0,15.0,2000.0,Home & Furniture,No
5134,36-45,Male,5-10L,Quarterly,10000.0,No,1-3,Mobile,Fashion,25.0,15.0,5000.0,Fashion,No
5135,55+,Male,<2L,Weekly,10000.0,No,<1,Both,Fashion,50.0,30.0,500.0,Groceries,No
5136,36-45,Male,2-5L,Weekly,5000.0,No,5+,Desktop,Electronics,20.0,7.0,2000.0,Electronics,No
5137,18-25,Male,5L-10L,Quarterly,12000.0,Yes,3-5,Both,Books,50.0,15.0,2000.0,Electronics,Yes
5138,18-25,Male,5-10L,Rarely,10000.0,Yes,3-5,Mobile,Electronics,30.0,15.0,5000.0,Home & Furniture,No
5140,55+,Female,<2L,Monthly,15000.0,No,<1,Mobile,Home & Furniture,30.0,60.0,5000.0,Home & Furniture,No
5141,46-55,Female,<2L,Weekly,10000.0,Yes,5+,Desktop,Fashion,25.0,7.0,5000.0,Home & Furniture,No
5142,46-55,Female,<2L,Quarterly,10000.0,Yes,3-5,Mobile,Fashion,40.0,7.0,1000.0,Home & Furniture,Yes
5143,36-45,Male,5-10L,Rarely,3000.0,No,3-5,Mobile,Fashion,50.0,30.0,1000.0,Books,Yes
5144,55+,Female,5-10L,Monthly,3000.0,Yes,3-5,Mobile,Home & Furniture,10.0,30.0,500.0,Books,Yes
5145,36-45,Female,2-5L,Monthly,10000.0,Yes,3-5,Mobile,Electronics,25.0,7.0,10000.0,Home & Furniture,No
5146,55+,Male,5-10L,Monthly,15000.0,No,1-3,Mobile,Electronics,50.0,30.0,2000.0,Electronics,No
5148,36-45,Male,5L-10L,Weekly,10000.0,Yes,5+,Desktop,Electronics,25.0,30.0,500.0,Home & Furniture,Yes
5149,55+,Female,2-5L,Quarterly,10000.0,Yes,5+,Mobile,Home & Furniture,30.0,30.0,1000.0,Books,No
5150,26-35,Female,2-5L,Bi-weekly,5000.0,Yes,<1,Mobile,Home & Furniture,20.0,60.0,10000.0,Fashion,Yes
5152,55+,Male,>20L,Weekly,15000.0,No,<1,Mobile,Electronics,50.0,30.0,2000.0,Fashion,No
5153,36-45,Female,<2,Quarterly,10000.0,No,1-3,Desktop,Home & Furniture,25.0,30.0,5000.0,Home & Furniture,No
5154,26-35,Male,5L-10L,Rarely,10000.0,Yes,5+,Mobile,Electronics,30.0,30.0,1000.0,Books,No
5155,18-25,Male,>20L,Rarely,5000.0,No,3-5,Mobile,Books,40.0,60.0,1000.0,Home & Furniture,Yes
5156,55+,Male,2-5L,Quarterly,5000.0,Yes,<1,Mobile,Electronics,30.0,30.0,5000.0,Home & Furniture,Yes
5157,55+,Female,5-10L,Weekly,10000.0,No,<1,Mobile,Electronics,30.0,15.0,2000.0,Home & Furniture,No
5159,36-45,Male,2-5L,Weekly,10000.0,No,5+,Mobile,Books,30.0,15.0,1000.0,Fashion,No
5160,26-35,Male,2-5L,Weekly,12000.0,Yes,5+,Mobile,Electronics,60.0,60.0,2000.0,Fashion,Yes
5161,55+,Male,>20L,Rarely,10000.0,Yes,1-3,Mobile,Home & Furniture,30.0,7.0,5000.0,Home & Furniture,Yes
5162,55+,Male,5-10L,Quarterly,10000.0,No,5+,Mobile,Home & Furniture,40.0,60.0,500.0,Electronics,No
5163,18-25,Female,2-5L,Quarterly,5000.0,No,5+,Mobile,Electronics,10.0,30.0,1000.0,Home & Furniture,Yes
5164,55+,Male,10-20L,Weekly,7000.0,No,3-5,Mobile,Groceries,40.0,30.0,1000.0,Books,No
5165,55+,Male,5-10L,Weekly,10000.0,No,5+,Mobile,Electronics,40.0,7.0,2000.0,Fashion,No
5167,36-45,Female,2-5L,Quarterly,5000.0,No,3-5,Mobile,Books,60.0,15.0,1000.0,Books,Yes
5169,18-25,Male,10-20L,Weekly,5000.0,No,<1,Mobile,Fashion,40.0,30.0,500.0,Groceries,Yes
5170,36-45,Male,<2,Monthly,20000.0,No,<1,Mobile,Electronics,40.0,30.0,5000.0,Groceries,Yes
5172,46-55,Male,5L-10L,Rarely,10000.0,Yes,1-3,Mobile,Home & Furniture,10.0,30.0,2000.0,Electronics,Yes
5174,18-25,Male,<2L,Monthly,10000.0,No,3-5,Mobile,Books,60.0,7.0,1000.0,Home & Furniture,No
5175,26-35,Female,>20L,Weekly,10000.0,No,1-3,Mobile,Books,30.0,15.0,10000.0,Home & Furniture,Yes
5176,18-25,Female,5-10L,Quarterly,20000.0,No,<1,Mobile,Groceries,30.0,30.0,2000.0,Electronics,No
5177,26-35,Male,<2,Weekly,5000.0,Yes,5+,Both,Electronics,60.0,60.0,2000.0,Books,Yes
5178,55+,Male,<2L,Quarterly,7000.0,Yes,1-3,Both,Fashion,20.0,30.0,500.0,Electronics,No
5179,36-45,Male,>20L,Weekly,10000.0,Yes,5+,Mobile,Groceries,40.0,30.0,1000.0,Home & Furniture,Yes
5182,36-45,Male,>20L,Quarterly,10000.0,No,3-5,Desktop,Electronics,25.0,30.0,5000.0,Home & Furniture,Yes
5183,18-25,Male,>20L,Weekly,5000.0,No,1-3,Desktop,Electronics,15.0,60.0,2000.0,Home & Furniture,No
5184,55+,Male,>20L,Monthly,5000.0,Yes,<1,Mobile,Groceries,15.0,15.0,2000.0,Home & Furniture,Yes
5186,55+,Male,5-10L,Quarterly,10000.0,Yes,5+,Desktop,Home & Furniture,50.0,7.0,1000.0,Groceries,No
5187,18-25,Female,<2,Rarely,7000.0,Yes,5+,Desktop,Electronics,30.0,60.0,2000.0,Groceries,No
5189,55+,Female,2-5L,Weekly,7000.0,Yes,3-5,Mobile,Electronics,50.0,30.0,1000.0,Home & Furniture,Yes
5191,46-55,Female,5-10L,Quarterly,5000.0,No,3-5,Desktop,Fashion,15.0,15.0,500.0,Home & Furniture,No
5192,55+,Male,5-10L,Monthly,7000.0,Yes,<1,Desktop,Electronics,15.0,60.0,1000.0,Books,No
5193,18-25,Male,<2,Monthly,7000.0,Yes,<1,Mobile,Home & Furniture,60.0,7.0,500.0,Home & Furniture,No
5194,55+,Male,<2,Weekly,7000.0,No,<1,Mobile,Fashion,25.0,30.0,1000.0,Home & Furniture,No
5195,55+,Male,2-5L,Weekly,3000.0,Yes,1-3,Mobile,Electronics,10.0,15.0,1000.0,Groceries,No
5196,55+,Male,5L-10L,Weekly,10000.0,Yes,5+,Mobile,Groceries,20.0,7.0,5000.0,Home & Furniture,Yes
5197,36-45,Male,2-5L,Bi-weekly,3000.0,No,1-3,Mobile,Groceries,30.0,60.0,2000.0,Fashion,Yes
5198,36-45,Male,<2,Weekly,5000.0,No,<1,Desktop,Electronics,50.0,15.0,2000.0,Home & Furniture,Yes
5199,55+,Female,>20L,Bi-weekly,12000.0,No,1-3,Mobile,Electronics,60.0,15.0,5000.0,Fashion,No
5200,46-55,Male,<2,Rarely,10000.0,No,1-3,Desktop,Electronics,50.0,60.0,2000.0,Books,No
5201,26-35,Female,2-5L,Monthly,20000.0,No,<1,Mobile,Electronics,15.0,7.0,500.0,Groceries,No
5203,26-35,Male,2-5L,Bi-weekly,5000.0,No,<1,Mobile,Fashion,10.0,7.0,5000.0,Fashion,Yes
5204,36-45,Male,<2,Monthly,15000.0,No,1-3,Mobile,Electronics,20.0,30.0,5000.0,Groceries,Yes
5205,26-35,Male,5-10L,Weekly,10000.0,Yes,1-3,Mobile,Electronics,15.0,15.0,1000.0,Home & Furniture,No
5206,18-25,Female,<2L,Bi-weekly,20000.0,No,1-3,Mobile,Home & Furniture,50.0,30.0,2000.0,Electronics,Yes
5207,18-25,Female,<2,Weekly,10000.0,No,5+,Mobile,Home & Furniture,20.0,30.0,500.0,Electronics,No
5208,55+,Male,5-10L,Rarely,10000.0,No,5+,Desktop,Electronics,60.0,15.0,500.0,Home & Furniture,Yes
5209,18-25,Male,<2,Rarely,3000.0,No,5+,Mobile,Electronics,10.0,15.0,500.0,Fashion,No
5210,18-25,Male,5L-10L,Monthly,5000.0,No,1-3,Mobile,Electronics,30.0,30.0,2000.0,Fashion,No
5211,36-45,Female,>20L,Weekly,10000.0,Yes,5+,Mobile,Fashion,60.0,7.0,500.0,Home & Furniture,Yes
5212,26-35,Female,>20L,Rarely,20000.0,No,<1,Mobile,Books,20.0,7.0,1000.0,Electronics,Yes
5213,55+,Female,5-10L,Rarely,7000.0,Yes,3-5,Desktop,Home & Furniture,30.0,60.0,1000.0,Electronics,Yes
5214,55+,Male,5-10L,Monthly,3000.0,No,1-3,Mobile,Books,20.0,30.0,5000.0,Groceries,No
5215,36-45,Male,5-10L,Quarterly,7000.0,No,3-5,Desktop,Electronics,15.0,30.0,5000.0,Groceries,Yes
5216,36-45,Male,<2,Weekly,5000.0,Yes,<1,Mobile,Home & Furniture,50.0,30.0,1000.0,Groceries,Yes
5217,36-45,Male,5L-10L,Rarely,20000.0,No,5+,Desktop,Electronics,15.0,60.0,500.0,Electronics,No
5218,18-25,Male,5-10L,Monthly,5000.0,No,1-3,Mobile,Groceries,30.0,30.0,2000.0,Home & Furniture,Yes
5220,18-25,Female,5L-10L,Weekly,7000.0,Yes,3-5,Mobile,Fashion,10.0,60.0,500.0,Fashion,Yes
5221,18-25,Male,<2L,Quarterly,10000.0,Yes,1-3,Mobile,Fashion,50.0,60.0,500.0,Fashion,Yes
5222,46-55,Male,10-20L,Rarely,10000.0,Yes,1-3,Mobile,Books,15.0,60.0,2000.0,Groceries,Yes
5223,18-25,Male,5L-10L,Weekly,5000.0,No,1-3,Mobile,Home & Furniture,25.0,30.0,1000.0,Books,No
5224,18-25,Female,2-5L,Rarely,15000.0,No,1-3,Both,Electronics,20.0,7.0,1000.0,Fashion,Yes
5225,36-45,Female,10-20L,Rarely,10000.0,Yes,3-5,Mobile,Books,15.0,15.0,2000.0,Fashion,Yes
5226,36-45,Male,>20L,Weekly,3000.0,No,1-3,Mobile,Electronics,30.0,30.0,10000.0,Fashion,No
5227,18-25,Male,5-10L,Rarely,3000.0,Yes,1-3,Both,Fashion,50.0,30.0,500.0,Home & Furniture,No
5228,55+,Male,5-10L,Monthly,7000.0,Yes,3-5,Desktop,Electronics,60.0,30.0,1000.0,Home & Furniture,No
5229,26-35,Male,<2L,Weekly,7000.0,Yes,5+,Mobile,Electronics,10.0,30.0,5000.0,Home & Furniture,No
5231,55+,Male,>20L,Weekly,3000.0,Yes,3-5,Desktop,Home & Furniture,40.0,7.0,2000.0,Electronics,Yes
5232,55+,Male,<2L,Weekly,3000.0,Yes,3-5,Mobile,Home & Furniture,25.0,7.0,5000.0,Home & Furniture,No
5233,36-45,Male,2-5L,Weekly,3000.0,No,<1,Mobile,Electronics,30.0,60.0,2000.0,Home & Furniture,Yes
5234,36-45,Male,5L-10L,Rarely,12000.0,No,1-3,Desktop,Fashion,25.0,7.0,2000.0,Fashion,Yes
5235,55+,Female,5-10L,Bi-weekly,10000.0,No,5+,Mobile,Books,20.0,30.0,1000.0,Home & Furniture,No
5236,46-55,Male,<2L,Monthly,5000.0,No,<1,Mobile,Home & Furniture,30.0,7.0,2000.0,Fashion,No
5237,26-35,Male,<2L,Quarterly,7000.0,No,1-3,Desktop,Books,10.0,15.0,5000.0,Electronics,Yes
5238,18-25,Female,5-10L,Weekly,20000.0,No,5+,Both,Groceries,30.0,7.0,1000.0,Electronics,No
5239,36-45,Male,10-20L,Rarely,3000.0,Yes,1-3,Both,Books,50.0,30.0,5000.0,Home & Furniture,No
5240,46-55,Male,10-20L,Monthly,5000.0,Yes,5+,Mobile,Groceries,25.0,30.0,2000.0,Fashion,No
5241,18-25,Male,>20L,Weekly,7000.0,Yes,1-3,Mobile,Groceries,20.0,30.0,5000.0,Home & Furniture,Yes
5242,26-35,Female,<2,Quarterly,5000.0,Yes,5+,Mobile,Home & Furniture,25.0,7.0,500.0,Fashion,No
5244,26-35,Male,5-10L,Weekly,20000.0,Yes,3-5,Both,Electronics,30.0,15.0,5000.0,Fashion,No
5245,36-45,Male,5-10L,Weekly,10000.0,No,<1,Mobile,Home & Furniture,15.0,7.0,500.0,Electronics,No
5246,55+,Male,<2,Bi-weekly,10000.0,No,<1,Mobile,Groceries,40.0,30.0,500.0,Fashion,No
5247,46-55,Male,<2L,Weekly,10000.0,Yes,1-3,Mobile,Fashion,10.0,60.0,10000.0,Groceries,No
5248,26-35,Male,<2L,Quarterly,5000.0,Yes,<1,Desktop,Electronics,20.0,30.0,500.0,Home & Furniture,No
5249,55+,Male,<2L,Quarterly,10000.0,No,<1,Mobile,Electronics,30.0,60.0,2000.0,Fashion,Yes
5250,55+,Male,<2,Weekly,20000.0,Yes,3-5,Mobile,Home & Furniture,10.0,7.0,2000.0,Electronics,No
5251,36-45,Male,5-10L,Quarterly,10000.0,No,<1,Mobile,Fashion,30.0,7.0,2000.0,Home & Furniture,Yes
5252,18-25,Male,2-5L,Weekly,15000.0,Yes,3-5,Both,Fashion,30.0,30.0,2000.0,Fashion,No
5254,55+,Male,>20L,Rarely,5000.0,No,5+,Mobile,Books,15.0,30.0,5000.0,Electronics,Yes
5257,46-55,Male,2-5L,Bi-weekly,10000.0,Yes,3-5,Desktop,Books,30.0,15.0,2000.0,Fashion,Yes
5258,55+,Female,<2L,Bi-weekly,7000.0,Yes,3-5,Mobile,Home & Furniture,30.0,7.0,1000.0,Electronics,No
5259,36-45,Female,2-5L,Weekly,3000.0,Yes,3-5,Both,Books,25.0,60.0,500.0,Groceries,No
5260,26-35,Male,>20L,Weekly,3000.0,Yes,3-5,Mobile,Groceries,15.0,30.0,1000.0,Fashion,No
5261,46-55,Female,10-20L,Weekly,5000.0,No,3-5,Desktop,Electronics,30.0,15.0,2000.0,Books,No
5262,46-55,Male,2-5L,Weekly,7000.0,Yes,3-5,Mobile,Electronics,60.0,30.0,1000.0,Electronics,Yes
5263,18-25,Female,<2,Weekly,10000.0,No,3-5,Desktop,Electronics,20.0,7.0,500.0,Fashion,Yes
5264,55+,Male,5-10L,Rarely,5000.0,No,<1,Mobile,Electronics,30.0,60.0,10000.0,Fashion,No
5265,36-45,Male,2-5L,Weekly,20000.0,Yes,5+,Mobile,Fashion,30.0,7.0,500.0,Groceries,No
5266,18-25,Female,<2L,Weekly,7000.0,Yes,5+,Mobile,Electronics,30.0,15.0,1000.0,Home & Furniture,No
5267,36-45,Male,<2,Monthly,20000.0,No,5+,Mobile,Books,30.0,30.0,5000.0,Electronics,Yes
5268,55+,Female,5-10L,Rarely,5000.0,Yes,1-3,Mobile,Electronics,60.0,7.0,500.0,Fashion,Yes
5271,55+,Female,<2L,Weekly,20000.0,Yes,5+,Mobile,Home & Furniture,60.0,7.0,500.0,Electronics,Yes
5274,55+,Female,<2L,Quarterly,3000.0,Yes,3-5,Both,Electronics,30.0,30.0,5000.0,Fashion,No
5275,55+,Male,<2L,Rarely,5000.0,Yes,3-5,Mobile,Electronics,25.0,7.0,500.0,Home & Furniture,No
5276,55+,Male,2-5L,Quarterly,15000.0,Yes,1-3,Mobile,Electronics,30.0,7.0,1000.0,Fashion,No
5279,26-35,Male,5-10L,Quarterly,5000.0,No,3-5,Desktop,Fashion,10.0,7.0,2000.0,Electronics,No
5280,55+,Male,>20L,Quarterly,12000.0,No,<1,Desktop,Groceries,40.0,7.0,5000.0,Fashion,No
5281,55+,Female,5L-10L,Weekly,10000.0,No,5+,Desktop,Books,40.0,60.0,10000.0,Books,Yes
5282,26-35,Male,<2,Weekly,10000.0,No,3-5,Mobile,Books,50.0,30.0,1000.0,Fashion,No
5284,36-45,Male,<2L,Weekly,5000.0,Yes,<1,Mobile,Electronics,15.0,60.0,1000.0,Home & Furniture,No
5285,26-35,Male,2-5L,Rarely,7000.0,Yes,1-3,Mobile,Electronics,25.0,60.0,10000.0,Home & Furniture,Yes
5286,18-25,Male,<2L,Weekly,5000.0,No,1-3,Both,Home & Furniture,25.0,7.0,1000.0,Groceries,No
5287,55+,Male,5L-10L,Rarely,10000.0,No,5+,Mobile,Fashion,50.0,15.0,2000.0,Groceries,No
5289,26-35,Male,>20L,Monthly,12000.0,No,<1,Desktop,Groceries,50.0,7.0,500.0,Fashion,No
5290,46-55,Female,<2L,Bi-weekly,10000.0,No,<1,Mobile,Electronics,20.0,30.0,2000.0,Electronics,No
5291,36-45,Female,5-10L,Quarterly,5000.0,Yes,3-5,Mobile,Books,25.0,7.0,2000.0,Home & Furniture,No
5292,36-45,Male,2-5L,Weekly,10000.0,Yes,<1,Both,Books,50.0,7.0,5000.0,Groceries,No
5293,55+,Female,5-10L,Quarterly,7000.0,Yes,<1,Mobile,Books,25.0,7.0,1000.0,Groceries,No
5294,46-55,Female,>20L,Monthly,5000.0,No,<1,Mobile,Home & Furniture,15.0,30.0,2000.0,Home & Furniture,Yes
5295,55+,Male,5L-10L,Quarterly,5000.0,Yes,<1,Mobile,Home & Furniture,30.0,60.0,5000.0,Electronics,No
5296,46-55,Female,5-10L,Weekly,10000.0,Yes,<1,Mobile,Books,40.0,7.0,1000.0,Home & Furniture,Yes
5297,55+,Male,5-10L,Monthly,5000.0,Yes,5+,Mobile,Electronics,50.0,7.0,5000.0,Home & Furniture,Yes
5298,55+,Male,<2,Weekly,12000.0,No,1-3,Mobile,Electronics,40.0,30.0,500.0,Home & Furniture,Yes
5299,26-35,Male,5L-10L,Weekly,5000.0,Yes,<1,Desktop,Groceries,30.0,15.0,500.0,Fashion,No
5300,18-25,Female,>20L,Weekly,5000.0,No,3-5,Desktop,Electronics,30.0,15.0,500.0,Home & Furniture,No
5301,46-55,Female,2-5L,Weekly,3000.0,No,3-5,Mobile,Fashion,15.0,30.0,2000.0,Fashion,Yes
5302,46-55,Female,>20L,Monthly,5000.0,Yes,1-3,Mobile,Home & Furniture,15.0,30.0,5000.0,Groceries,Yes
5303,55+,Female,<2L,Weekly,5000.0,No,<1,Mobile,Groceries,30.0,60.0,500.0,Home & Furniture,No
5304,36-45,Male,5L-10L,Quarterly,5000.0,No,3-5,Mobile,Fashion,20.0,60.0,2000.0,Fashion,No
5305,18-25,Male,5-10L,Rarely,10000.0,No,3-5,Mobile,Groceries,40.0,30.0,1000.0,Home & Furniture,No
5306,46-55,Male,5L-10L,Rarely,10000.0,Yes,5+,Both,Electronics,40.0,30.0,1000.0,Groceries,No
5307,55+,Male,<2L,Rarely,5000.0,No,<1,Desktop,Electronics,30.0,7.0,500.0,Books,Yes
5308,26-35,Male,<2,Weekly,20000.0,Yes,3-5,Both,Fashion,30.0,30.0,1000.0,Electronics,Yes
5309,26-35,Female,5-10L,Rarely,10000.0,Yes,1-3,Mobile,Fashion,25.0,30.0,500.0,Home & Furniture,Yes
5310,26-35,Male,10-20L,Weekly,12000.0,Yes,5+,Desktop,Home & Furniture,30.0,15.0,1000.0,Electronics,Yes
5311,36-45,Male,>20L,Weekly,7000.0,No,1-3,Both,Electronics,25.0,30.0,5000.0,Groceries,No
5312,26-35,Female,2-5L,Quarterly,5000.0,Yes,<1,Mobile,Books,20.0,30.0,5000.0,Fashion,Yes
5313,36-45,Female,2-5L,Rarely,7000.0,Yes,1-3,Mobile,Electronics,10.0,15.0,2000.0,Home & Furniture,No
5314,46-55,Male,2-5L,Monthly,7000.0,Yes,<1,Mobile,Electronics,30.0,30.0,1000.0,Books,Yes
5318,55+,Male,>20L,Weekly,5000.0,No,<1,Mobile,Fashion,30.0,30.0,5000.0,Fashion,No
5320,55+,Male,<2,Rarely,3000.0,No,1-3,Mobile,Groceries,30.0,30.0,1000.0,Fashion,Yes
5321,18-25,Male,<2L,Weekly,12000.0,Yes,<1,Mobile,Fashion,30.0,30.0,2000.0,Fashion,No
5322,46-55,Male,5-10L,Quarterly,10000.0,No,<1,Both,Fashion,20.0,15.0,2000.0,Electronics,Yes
5323,55+,Male,>20L,Weekly,15000.0,No,3-5,Mobile,Fashion,10.0,7.0,1000.0,Books,Yes
5325,18-25,Male,<2,Monthly,5000.0,Yes,1-3,Mobile,Books,30.0,30.0,500.0,Electronics,No
5326,18-25,Male,2-5L,Weekly,10000.0,No,1-3,Both,Fashion,40.0,15.0,5000.0,Fashion,Yes
5327,46-55,Male,10-20L,Quarterly,5000.0,Yes,3-5,Mobile,Home & Furniture,25.0,7.0,500.0,Home & Furniture,Yes
5328,55+,Male,<2,Weekly,15000.0,Yes,1-3,Mobile,Books,25.0,7.0,10000.0,Home & Furniture,No
5330,36-45,Male,<2L,Bi-weekly,7000.0,No,3-5,Mobile,Home & Furniture,30.0,15.0,1000.0,Home & Furniture,No
5332,55+,Male,10-20L,Weekly,10000.0,No,1-3,Mobile,Electronics,25.0,7.0,2000.0,Home & Furniture,No
5333,26-35,Male,5L-10L,Rarely,5000.0,No,1-3,Mobile,Groceries,20.0,7.0,500.0,Fashion,Yes
5334,26-35,Male,5L-10L,Rarely,7000.0,No,1-3,Desktop,Electronics,30.0,60.0,5000.0,Home & Furniture,No
5335,36-45,Male,5L-10L,Weekly,5000.0,No,1-3,Mobile,Home & Furniture,30.0,30.0,2000.0,Home & Furniture,No
5337,55+,Female,<2,Monthly,15000.0,Yes,<1,Desktop,Electronics,10.0,60.0,2000.0,Groceries,Yes
5338,46-55,Male,5-10L,Weekly,3000.0,No,3-5,Desktop,Electronics,50.0,30.0,500.0,Home & Furniture,Yes
5339,55+,Male,>20L,Bi-weekly,5000.0,Yes,5+,Both,Fashion,60.0,30.0,1000.0,Groceries,No
5340,26-35,Female,<2L,Weekly,10000.0,Yes,1-3,Mobile,Fashion,40.0,60.0,1000.0,Groceries,Yes
5343,55+,Female,>20L,Bi-weekly,5000.0,No,<1,Desktop,Books,20.0,30.0,5000.0,Home & Furniture,Yes
5344,46-55,Female,10-20L,Weekly,12000.0,No,1-3,Mobile,Electronics,20.0,15.0,2000.0,Home & Furniture,Yes
5345,55+,Female,>20L,Weekly,10000.0,Yes,5+,Both,Home & Furniture,30.0,30.0,1000.0,Books,Yes
5347,55+,Female,<2,Weekly,10000.0,Yes,5+,Both,Home & Furniture,30.0,30.0,2000.0,Fashion,Yes
5348,55+,Male,2-5L,Weekly,10000.0,No,<1,Desktop,Electronics,60.0,30.0,5000.0,Electronics,No
5349,46-55,Male,2-5L,Quarterly,5000.0,No,1-3,Mobile,Home & Furniture,60.0,30.0,500.0,Fashion,No
5350,26-35,Male,<2L,Weekly,10000.0,Yes,<1,Mobile,Electronics,50.0,15.0,5000.0,Electronics,Yes
5351,55+,Male,10-20L,Weekly,10000.0,No,1-3,Mobile,Fashion,30.0,30.0,2000.0,Groceries,No
5352,55+,Female,2-5L,Quarterly,7000.0,No,<1,Desktop,Fashion,30.0,30.0,500.0,Home & Furniture,No
5353,46-55,Male,2-5L,Quarterly,5000.0,No,3-5,Mobile,Electronics,30.0,30.0,500.0,Groceries,No
5354,46-55,Male,>20L,Quarterly,5000.0,Yes,3-5,Mobile,Electronics,30.0,15.0,5000.0,Groceries,No
5355,55+,Male,<2,Weekly,10000.0,Yes,1-3,Mobile,Books,15.0,7.0,2000.0,Groceries,Yes
5356,55+,Male,2-5L,Rarely,10000.0,Yes,<1,Desktop,Electronics,10.0,30.0,1000.0,Groceries,Yes
5358,55+,Male,<2,Quarterly,12000.0,Yes,3-5,Mobile,Electronics,30.0,60.0,2000.0,Home & Furniture,No
5359,36-45,Male,10-20L,Quarterly,10000.0,Yes,3-5,Mobile,Electronics,25.0,15.0,10000.0,Groceries,No
5360,55+,Male,2-5L,Rarely,15000.0,No,1-3,Mobile,Groceries,15.0,15.0,1000.0,Fashion,No
5361,46-55,Male,<2L,Quarterly,7000.0,Yes,<1,Mobile,Electronics,40.0,30.0,2000.0,Books,No
5362,18-25,Male,<2,Weekly,15000.0,Yes,3-5,Desktop,Electronics,30.0,60.0,2000.0,Home & Furniture,No
5363,18-25,Male,2-5L,Rarely,10000.0,Yes,3-5,Mobile,Groceries,30.0,60.0,5000.0,Home & Furniture,No
5364,55+,Female,5L-10L,Bi-weekly,10000.0,No,<1,Mobile,Home & Furniture,60.0,15.0,10000.0,Books,No
5365,55+,Female,2-5L,Weekly,5000.0,No,<1,Mobile,Fashion,25.0,15.0,500.0,Groceries,No
5366,55+,Female,5-10L,Weekly,10000.0,No,<1,Both,Groceries,30.0,30.0,1000.0,Groceries,Yes
5367,36-45,Male,5-10L,Monthly,5000.0,No,5+,Mobile,Electronics,50.0,30.0,1000.0,Fashion,Yes
5368,55+,Male,5-10L,Quarterly,5000.0,Yes,3-5,Mobile,Home & Furniture,60.0,60.0,1000.0,Electronics,Yes
5369,55+,Female,<2,Weekly,10000.0,No,1-3,Mobile,Electronics,30.0,7.0,5000.0,Fashion,No
5370,36-45,Male,<2L,Weekly,15000.0,No,3-5,Mobile,Home & Furniture,30.0,30.0,5000.0,Fashion,No
5371,55+,Male,<2,Weekly,15000.0,No,3-5,Mobile,Electronics,20.0,60.0,5000.0,Home & Furniture,Yes
5372,55+,Male,<2,Quarterly,5000.0,No,1-3,Mobile,Groceries,10.0,30.0,2000.0,Fashion,Yes
5373,18-25,Male,2-5L,Quarterly,12000.0,No,5+,Desktop,Electronics,50.0,60.0,1000.0,Electronics,Yes
5374,46-55,Male,10-20L,Weekly,10000.0,No,<1,Both,Books,25.0,7.0,2000.0,Electronics,Yes
5375,46-55,Male,5L-10L,Quarterly,5000.0,Yes,<1,Both,Fashion,30.0,60.0,1000.0,Home & Furniture,Yes
5376,55+,Male,2-5L,Weekly,15000.0,No,1-3,Desktop,Fashion,30.0,7.0,1000.0,Fashion,No
5378,55+,Male,5L-10L,Weekly,12000.0,No,1-3,Mobile,Fashion,15.0,7.0,2000.0,Electronics,No
5382,55+,Male,5-10L,Rarely,7000.0,No,3-5,Mobile,Electronics,30.0,60.0,1000.0,Fashion,Yes
5383,55+,Male,<2,Weekly,3000.0,Yes,<1,Mobile,Books,10.0,30.0,2000.0,Electronics,Yes
5384,26-35,Male,<2,Quarterly,5000.0,Yes,1-3,Mobile,Home & Furniture,30.0,60.0,2000.0,Fashion,Yes
5385,55+,Female,5L-10L,Weekly,5000.0,Yes,1-3,Mobile,Home & Furniture,20.0,15.0,2000.0,Books,No
5387,18-25,Male,10-20L,Weekly,10000.0,Yes,<1,Both,Electronics,15.0,7.0,10000.0,Fashion,Yes
5388,55+,Female,>20L,Weekly,5000.0,No,5+,Mobile,Electronics,10.0,30.0,1000.0,Electronics,Yes
5389,36-45,Male,<2,Weekly,5000.0,No,<1,Mobile,Groceries,30.0,60.0,1000.0,Electronics,No
5390,55+,Male,5-10L,Weekly,5000.0,Yes,<1,Mobile,Fashion,30.0,30.0,1000.0,Groceries,No
5391,46-55,Female,2-5L,Weekly,10000.0,Yes,5+,Mobile,Electronics,60.0,60.0,5000.0,Fashion,No
5392,36-45,Male,2-5L,Bi-weekly,10000.0,No,3-5,Desktop,Fashion,20.0,30.0,1000.0,Books,No
5393,55+,Male,2-5L,Weekly,12000.0,No,3-5,Desktop,Electronics,30.0,30.0,500.0,Electronics,Yes
5394,36-45,Female,5-10L,Weekly,10000.0,No,3-5,Mobile,Fashion,25.0,60.0,5000.0,Electronics,Yes
5395,36-45,Male,2-5L,Quarterly,5000.0,Yes,5+,Both,Electronics,20.0,30.0,1000.0,Books,No
5396,36-45,Male,<2L,Weekly,5000.0,Yes,<1,Mobile,Home & Furniture,30.0,30.0,500.0,Home & Furniture,Yes
5398,36-45,Male,5-10L,Weekly,15000.0,No,5+,Desktop,Groceries,25.0,15.0,5000.0,Home & Furniture,No
5400,18-25,Male,<2L,Weekly,5000.0,Yes,3-5,Mobile,Electronics,10.0,15.0,1000.0,Electronics,No
5402,26-35,Male,<2L,Weekly,5000.0,Yes,3-5,Both,Fashion,30.0,7.0,2000.0,Groceries,Yes
5403,36-45,Male,10-20L,Monthly,10000.0,No,<1,Mobile,Books,30.0,30.0,2000.0,Electronics,Yes
5405,46-55,Male,>20L,Rarely,5000.0,No,3-5,Desktop,Electronics,25.0,7.0,500.0,Groceries,No
5406,55+,Male,10-20L,Rarely,10000.0,No,3-5,Mobile,Electronics,30.0,15.0,1000.0,Fashion,No
5407,36-45,Female,<2L,Rarely,15000.0,No,3-5,Mobile,Home & Furniture,10.0,15.0,1000.0,Fashion,No
5408,26-35,Male,<2L,Weekly,15000.0,No,1-3,Mobile,Electronics,10.0,30.0,1000.0,Fashion,No
5410,55+,Male,2-5L,Quarterly,5000.0,No,<1,Mobile,Electronics,20.0,15.0,1000.0,Fashion,No
5411,26-35,Male,5-10L,Monthly,7000.0,Yes,1-3,Mobile,Fashion,30.0,30.0,500.0,Groceries,Yes
5412,55+,Female,5-10L,Weekly,5000.0,No,1-3,Mobile,Electronics,50.0,7.0,1000.0,Books,No
5414,26-35,Female,5L-10L,Weekly,5000.0,Yes,<1,Desktop,Electronics,20.0,60.0,2000.0,Electronics,Yes
5415,55+,Male,2-5L,Monthly,5000.0,Yes,1-3,Mobile,Groceries,50.0,60.0,1000.0,Home & Furniture,No
5416,36-45,Male,>20L,Weekly,10000.0,No,<1,Mobile,Fashion,20.0,15.0,5000.0,Home & Furniture,Yes
5418,55+,Male,5-10L,Weekly,10000.0,No,3-5,Mobile,Electronics,30.0,60.0,1000.0,Home & Furniture,No
5419,18-25,Male,5L-10L,Rarely,20000.0,Yes,<1,Mobile,Fashion,15.0,60.0,5000.0,Fashion,No
5420,36-45,Male,>20L,Rarely,10000.0,Yes,<1,Mobile,Fashion,40.0,15.0,500.0,Fashion,No
5421,36-45,Male,5L-10L,Bi-weekly,5000.0,Yes,3-5,Desktop,Electronics,40.0,15.0,10000.0,Home & Furniture,Yes
5422,36-45,Female,<2,Weekly,7000.0,Yes,<1,Both,Electronics,30.0,30.0,500.0,Fashion,Yes
5423,55+,Female,2-5L,Weekly,10000.0,No,<1,Desktop,Fashion,15.0,7.0,5000.0,Electronics,No
5424,18-25,Male,<2,Weekly,15000.0,No,1-3,Mobile,Fashion,15.0,30.0,2000.0,Home & Furniture,Yes
5425,55+,Female,<2,Weekly,10000.0,No,1-3,Mobile,Groceries,30.0,30.0,1000.0,Groceries,Yes
5427,55+,Male,2-5L,Weekly,10000.0,Yes,3-5,Desktop,Electronics,40.0,30.0,5000.0,Home & Furniture,No
5428,55+,Male,5L-10L,Bi-weekly,5000.0,Yes,3-5,Mobile,Electronics,15.0,30.0,1000.0,Home & Furniture,Yes
5429,55+,Male,<2L,Quarterly,5000.0,Yes,<1,Both,Electronics,40.0,7.0,2000.0,Books,No
5430,46-55,Male,<2,Weekly,20000.0,No,5+,Mobile,Books,30.0,15.0,2000.0,Home & Furniture,No
5431,36-45,Male,2-5L,Weekly,15000.0,No,3-5,Mobile,Home & Furniture,20.0,30.0,2000.0,Groceries,No
5432,36-45,Female,<2,Monthly,5000.0,No,3-5,Mobile,Fashion,20.0,7.0,5000.0,Books,No
5434,36-45,Female,2-5L,Rarely,5000.0,No,5+,Mobile,Groceries,40.0,30.0,500.0,Fashion,Yes
5435,55+,Male,2-5L,Quarterly,3000.0,No,<1,Mobile,Fashion,20.0,60.0,2000.0,Electronics,No
5436,18-25,Male,>20L,Weekly,15000.0,Yes,1-3,Desktop,Groceries,15.0,60.0,5000.0,Home & Furniture,Yes
5437,55+,Male,5-10L,Weekly,15000.0,No,3-5,Mobile,Fashion,40.0,30.0,2000.0,Home & Furniture,Yes
5438,26-35,Male,5-10L,Quarterly,5000.0,Yes,5+,Mobile,Home & Furniture,20.0,60.0,2000.0,Electronics,No
5439,55+,Male,5L-10L,Weekly,12000.0,Yes,3-5,Mobile,Electronics,10.0,7.0,5000.0,Electronics,No
5440,18-25,Female,2-5L,Weekly,3000.0,Yes,5+,Desktop,Electronics,30.0,30.0,2000.0,Books,No
5441,18-25,Male,5L-10L,Weekly,10000.0,Yes,<1,Mobile,Fashion,30.0,15.0,500.0,Home & Furniture,No
5442,55+,Male,5-10L,Rarely,20000.0,Yes,1-3,Desktop,Electronics,20.0,60.0,1000.0,Home & Furniture,No
5443,55+,Female,<2,Quarterly,12000.0,Yes,<1,Mobile,Electronics,60.0,60.0,1000.0,Fashion,No
5444,55+,Male,<2L,Rarely,10000.0,No,<1,Desktop,Home & Furniture,40.0,15.0,5000.0,Fashion,Yes
5445,55+,Female,<2L,Bi-weekly,5000.0,No,1-3,Mobile,Books,20.0,15.0,2000.0,Electronics,No
5447,55+,Male,5-10L,Weekly,20000.0,No,<1,Mobile,Electronics,25.0,15.0,1000.0,Books,Yes
5448,36-45,Male,5-10L,Quarterly,5000.0,No,5+,Mobile,Electronics,20.0,30.0,2000.0,Electronics,Yes
5449,46-55,Male,5-10L,Weekly,3000.0,No,<1,Mobile,Books,15.0,15.0,2000.0,Fashion,Yes
5450,36-45,Male,>20L,Weekly,5000.0,Yes,3-5,Mobile,Home & Furniture,30.0,30.0,5000.0,Home & Furniture,No
5452,46-55,Female,5-10L,Weekly,5000.0,No,5+,Mobile,Books,25.0,30.0,5000.0,Home & Furniture,Yes
5453,55+,Female,<2,Quarterly,10000.0,No,3-5,Mobile,Electronics,25.0,30.0,1000.0,Groceries,No
5454,55+,Male,>20L,Quarterly,5000.0,No,<1,Desktop,Fashion,30.0,30.0,2000.0,Fashion,No
5455,55+,Male,10-20L,Weekly,20000.0,Yes,3-5,Mobile,Electronics,10.0,30.0,10000.0,Fashion,Yes
5456,46-55,Female,2-5L,Weekly,5000.0,No,<1,Mobile,Groceries,30.0,30.0,1000.0,Home & Furniture,Yes
5457,26-35,Male,10-20L,Monthly,12000.0,No,<1,Desktop,Electronics,60.0,15.0,1000.0,Fashion,No
5458,46-55,Male,<2L,Weekly,20000.0,No,<1,Mobile,Electronics,50.0,15.0,1000.0,Fashion,No
5459,26-35,Male,10-20L,Weekly,10000.0,No,3-5,Desktop,Home & Furniture,30.0,60.0,2000.0,Electronics,No
5460,18-25,Male,<2L,Weekly,5000.0,Yes,<1,Mobile,Books,60.0,7.0,2000.0,Groceries,Yes
5462,18-25,Female,5L-10L,Monthly,7000.0,Yes,<1,Desktop,Groceries,40.0,7.0,1000.0,Groceries,No
5463,18-25,Male,>20L,Monthly,10000.0,No,1-3,Mobile,Groceries,15.0,60.0,1000.0,Home & Furniture,No
5464,55+,Female,2-5L,Weekly,3000.0,Yes,1-3,Both,Home & Furniture,10.0,30.0,2000.0,Groceries,Yes
5465,18-25,Female,>20L,Weekly,5000.0,No,5+,Mobile,Groceries,50.0,7.0,2000.0,Groceries,No
5466,55+,Male,5L-10L,Weekly,10000.0,No,3-5,Mobile,Home & Furniture,30.0,30.0,5000.0,Fashion,No
5467,55+,Male,<2,Weekly,10000.0,Yes,3-5,Mobile,Home & Furniture,30.0,30.0,1000.0,Fashion,No
5468,18-25,Male,5-10L,Rarely,20000.0,Yes,3-5,Mobile,Electronics,30.0,30.0,1000.0,Home & Furniture,No
5469,55+,Female,5L-10L,Bi-weekly,10000.0,No,1-3,Mobile,Books,10.0,15.0,5000.0,Home & Furniture,No
5471,46-55,Male,5-10L,Weekly,10000.0,Yes,5+,Desktop,Groceries,20.0,7.0,2000.0,Electronics,No
5472,18-25,Male,5-10L,Quarterly,3000.0,Yes,1-3,Both,Fashion,30.0,7.0,2000.0,Home & Furniture,No
5473,55+,Female,5-10L,Rarely,5000.0,No,3-5,Mobile,Fashion,30.0,7.0,500.0,Home & Furniture,No
5475,55+,Female,2-5L,Quarterly,3000.0,Yes,3-5,Mobile,Electronics,25.0,7.0,5000.0,Electronics,No
5476,18-25,Male,5-10L,Quarterly,3000.0,Yes,<1,Mobile,Fashion,15.0,7.0,1000.0,Electronics,No
5477,26-35,Male,2-5L,Monthly,3000.0,Yes,1-3,Mobile,Groceries,25.0,60.0,2000.0,Electronics,No
5479,46-55,Male,<2L,Bi-weekly,15000.0,Yes,3-5,Mobile,Electronics,30.0,30.0,1000.0,Fashion,Yes
5480,55+,Male,>20L,Weekly,5000.0,No,1-3,Both,Groceries,50.0,30.0,500.0,Electronics,Yes
5481,18-25,Male,<2,Weekly,15000.0,Yes,1-3,Mobile,Fashion,10.0,15.0,500.0,Fashion,Yes
5482,18-25,Female,5-10L,Monthly,15000.0,No,<1,Desktop,Fashion,20.0,15.0,500.0,Electronics,Yes
5483,36-45,Female,5L-10L,Monthly,15000.0,Yes,1-3,Mobile,Fashion,30.0,15.0,1000.0,Home & Furniture,No
5484,36-45,Male,5-10L,Quarterly,5000.0,No,<1,Mobile,Home & Furniture,40.0,30.0,1000.0,Home & Furniture,No
5485,55+,Male,5-10L,Weekly,5000.0,No,1-3,Both,Fashion,50.0,30.0,2000.0,Home & Furniture,No
5486,55+,Male,2-5L,Quarterly,10000.0,No,3-5,Mobile,Electronics,30.0,60.0,10000.0,Electronics,No
5487,55+,Male,5-10L,Weekly,7000.0,Yes,1-3,Mobile,Electronics,60.0,30.0,500.0,Fashion,No
5488,18-25,Female,5-10L,Quarterly,3000.0,No,3-5,Both,Electronics,30.0,30.0,5000.0,Home & Furniture,No
5489,36-45,Female,5-10L,Rarely,5000.0,Yes,3-5,Mobile,Electronics,30.0,15.0,10000.0,Fashion,No
5491,36-45,Male,5-10L,Bi-weekly,10000.0,Yes,1-3,Mobile,Electronics,20.0,60.0,1000.0,Home & Furniture,No
5492,46-55,Male,<2L,Monthly,10000.0,No,1-3,Mobile,Books,40.0,30.0,1000.0,Electronics,No
5493,55+,Female,<2,Weekly,5000.0,No,<1,Mobile,Books,30.0,30.0,2000.0,Groceries,No
5494,36-45,Male,5L-10L,Weekly,10000.0,Yes,<1,Desktop,Electronics,30.0,7.0,5000.0,Groceries,Yes
5496,26-35,Male,5L-10L,Quarterly,10000.0,Yes,<1,Mobile,Electronics,40.0,30.0,1000.0,Fashion,No
5497,55+,Female,<2,Weekly,15000.0,Yes,3-5,Mobile,Electronics,20.0,30.0,1000.0,Home & Furniture,No
5498,26-35,Male,<2L,Bi-weekly,10000.0,Yes,3-5,Desktop,Books,15.0,15.0,2000.0,Groceries,Yes
5500,26-35,Male,>20L,Weekly,5000.0,Yes,1-3,Mobile,Electronics,40.0,15.0,1000.0,Fashion,Yes
5501,26-35,Male,5-10L,Weekly,3000.0,No,1-3,Mobile,Books,30.0,7.0,2000.0,Home & Furniture,No
5502,46-55,Male,<2,Weekly,7000.0,Yes,<1,Mobile,Books,25.0,30.0,500.0,Home & Furniture,No
5503,18-25,Female,<2,Bi-weekly,15000.0,No,1-3,Desktop,Home & Furniture,15.0,30.0,2000.0,Home & Furniture,Yes
5504,46-55,Male,5-10L,Bi-weekly,10000.0,Yes,<1,Both,Books,20.0,7.0,2000.0,Home & Furniture,Yes
5505,55+,Female,2-5L,Quarterly,10000.0,Yes,<1,Mobile,Groceries,30.0,30.0,500.0,Home & Furniture,Yes
5506,36-45,Male,5L-10L,Rarely,5000.0,No,1-3,Desktop,Fashion,15.0,60.0,2000.0,Fashion,No
5507,26-35,Female,>20L,Quarterly,10000.0,No,<1,Mobile,Electronics,30.0,15.0,2000.0,Electronics,Yes
5508,36-45,Female,>20L,Weekly,5000.0,Yes,3-5,Mobile,Electronics,25.0,30.0,2000.0,Groceries,Yes
5509,55+,Male,10-20L,Monthly,5000.0,No,<1,Mobile,Electronics,30.0,7.0,10000.0,Groceries,No
5510,46-55,Female,5-10L,Quarterly,10000.0,Yes,5+,Both,Books,50.0,30.0,5000.0,Books,No
5511,18-25,Male,<2L,Bi-weekly,3000.0,No,<1,Desktop,Fashion,60.0,7.0,5000.0,Groceries,No
5512,46-55,Female,<2,Bi-weekly,5000.0,No,3-5,Mobile,Fashion,60.0,30.0,500.0,Books,No
5513,36-45,Female,2-5L,Rarely,5000.0,Yes,1-3,Mobile,Home & Furniture,30.0,60.0,10000.0,Books,Yes
5514,55+,Male,2-5L,Weekly,10000.0,No,1-3,Mobile,Books,40.0,30.0,5000.0,Home & Furniture,Yes
5515,18-25,Male,5L-10L,Weekly,5000.0,Yes,<1,Desktop,Electronics,30.0,15.0,2000.0,Books,No
5516,55+,Female,5-10L,Weekly,10000.0,Yes,<1,Both,Electronics,30.0,30.0,5000.0,Home & Furniture,Yes
5517,26-35,Female,5-10L,Quarterly,5000.0,Yes,<1,Both,Books,30.0,7.0,5000.0,Fashion,No
5518,26-35,Male,>20L,Quarterly,3000.0,No,1-3,Mobile,Home & Furniture,40.0,15.0,5000.0,Electronics,No
5519,18-25,Female,5L-10L,Quarterly,7000.0,Yes,1-3,Mobile,Home & Furniture,50.0,7.0,2000.0,Fashion,No
5520,46-55,Male,>20L,Rarely,5000.0,Yes,<1,Mobile,Home & Furniture,20.0,15.0,2000.0,Groceries,Yes
5522,26-35,Male,>20L,Weekly,15000.0,No,1-3,Mobile,Electronics,30.0,15.0,2000.0,Fashion,Yes
5523,36-45,Male,>20L,Rarely,10000.0,Yes,3-5,Mobile,Groceries,50.0,30.0,5000.0,Groceries,Yes
5524,55+,Male,<2,Quarterly,10000.0,No,<1,Mobile,Electronics,30.0,30.0,1000.0,Home & Furniture,Yes
5525,55+,Male,5L-10L,Weekly,12000.0,No,1-3,Mobile,Electronics,30.0,60.0,1000.0,Electronics,Yes
5526,55+,Male,2-5L,Quarterly,5000.0,No,<1,Desktop,Books,40.0,60.0,5000.0,Groceries,No
5528,26-35,Female,<2,Weekly,7000.0,Yes,3-5,Mobile,Books,40.0,15.0,500.0,Fashion,No
5529,55+,Female,<2,Quarterly,7000.0,No,3-5,Both,Electronics,15.0,7.0,500.0,Home & Furniture,Yes
5530,55+,Female,<2L,Weekly,12000.0,No,5+,Desktop,Home & Furniture,30.0,15.0,1000.0,Electronics,Yes
5531,36-45,Male,5-10L,Quarterly,12000.0,No,5+,Mobile,Electronics,30.0,15.0,500.0,Groceries,No
5532,55+,Female,<2L,Weekly,7000.0,Yes,3-5,Desktop,Home & Furniture,20.0,7.0,10000.0,Fashion,No
5533,46-55,Male,<2L,Weekly,20000.0,No,<1,Desktop,Electronics,30.0,7.0,5000.0,Electronics,Yes
5534,55+,Male,<2L,Rarely,10000.0,Yes,5+,Mobile,Electronics,60.0,30.0,1000.0,Fashion,No
5535,55+,Female,2-5L,Weekly,10000.0,Yes,5+,Mobile,Fashion,25.0,60.0,1000.0,Electronics,No
5536,55+,Male,5-10L,Bi-weekly,10000.0,Yes,3-5,Mobile,Electronics,30.0,30.0,1000.0,Fashion,No
5537,26-35,Female,5-10L,Weekly,12000.0,No,<1,Mobile,Electronics,30.0,15.0,500.0,Home & Furniture,Yes
5538,46-55,Male,2-5L,Rarely,20000.0,Yes,5+,Both,Groceries,20.0,15.0,1000.0,Groceries,Yes
5540,55+,Male,2-5L,Quarterly,10000.0,Yes,3-5,Desktop,Books,40.0,30.0,2000.0,Electronics,No
5543,46-55,Male,10-20L,Bi-weekly,10000.0,Yes,3-5,Mobile,Electronics,50.0,30.0,5000.0,Groceries,No
5544,46-55,Male,>20L,Bi-weekly,20000.0,No,3-5,Mobile,Fashion,30.0,15.0,1000.0,Fashion,Yes
5545,46-55,Female,2-5L,Quarterly,15000.0,Yes,<1,Desktop,Home & Furniture,40.0,30.0,2000.0,Groceries,Yes
5546,26-35,Male,<2,Bi-weekly,7000.0,No,3-5,Mobile,Fashion,20.0,60.0,2000.0,Electronics,No
5547,55+,Male,>20L,Weekly,5000.0,No,3-5,Both,Electronics,20.0,30.0,10000.0,Home & Furniture,No
5548,46-55,Male,5-10L,Quarterly,7000.0,Yes,<1,Mobile,Groceries,50.0,30.0,1000.0,Groceries,No
5549,46-55,Male,>20L,Monthly,5000.0,Yes,1-3,Mobile,Fashion,25.0,15.0,1000.0,Groceries,Yes
5550,36-45,Male,2-5L,Weekly,20000.0,Yes,3-5,Mobile,Electronics,40.0,7.0,2000.0,Books,Yes
5552,18-25,Female,5-10L,Monthly,12000.0,Yes,3-5,Mobile,Fashion,30.0,30.0,500.0,Fashion,No
5553,36-45,Male,>20L,Quarterly,7000.0,Yes,3-5,Desktop,Home & Furniture,30.0,60.0,500.0,Groceries,No
5554,55+,Female,5-10L,Weekly,10000.0,Yes,5+,Both,Groceries,30.0,60.0,2000.0,Fashion,Yes
5555,55+,Male,2-5L,Monthly,15000.0,No,5+,Desktop,Groceries,20.0,30.0,500.0,Home & Furniture,Yes
5557,26-35,Male,2-5L,Weekly,10000.0,No,3-5,Mobile,Electronics,50.0,60.0,2000.0,Groceries,Yes
5559,46-55,Male,5-10L,Quarterly,5000.0,Yes,1-3,Desktop,Electronics,30.0,7.0,1000.0,Home & Furniture,Yes
5561,55+,Male,>20L,Weekly,5000.0,Yes,3-5,Mobile,Home & Furniture,30.0,30.0,1000.0,Books,Yes
5562,36-45,Male,5L-10L,Rarely,10000.0,No,<1,Desktop,Home & Furniture,10.0,7.0,1000.0,Fashion,Yes
5563,55+,Male,>20L,Monthly,7000.0,Yes,3-5,Desktop,Home & Furniture,25.0,60.0,500.0,Electronics,No
5564,26-35,Female,10-20L,Weekly,5000.0,Yes,1-3,Mobile,Home & Furniture,15.0,30.0,2000.0,Home & Furniture,Yes
5566,26-35,Male,<2,Weekly,15000.0,No,3-5,Both,Home & Furniture,30.0,7.0,2000.0,Home & Furniture,Yes
5567,46-55,Male,>20L,Rarely,20000.0,Yes,<1,Both,Electronics,30.0,30.0,5000.0,Electronics,No
5568,18-25,Male,2-5L,Weekly,5000.0,No,5+,Desktop,Fashion,10.0,60.0,1000.0,Home & Furniture,Yes
5569,26-35,Female,5-10L,Weekly,5000.0,Yes,5+,Mobile,Groceries,10.0,30.0,1000.0,Books,No
5570,55+,Male,10-20L,Quarterly,5000.0,Yes,<1,Mobile,Electronics,25.0,15.0,2000.0,Groceries,No
5571,18-25,Male,<2,Weekly,20000.0,No,3-5,Mobile,Fashion,15.0,15.0,1000.0,Fashion,No
5572,18-25,Male,2-5L,Weekly,10000.0,No,3-5,Mobile,Electronics,15.0,30.0,5000.0,Fashion,No
5573,36-45,Male,>20L,Quarterly,15000.0,Yes,5+,Mobile,Books,20.0,15.0,2000.0,Home & Furniture,Yes
5574,55+,Male,2-5L,Weekly,15000.0,No,<1,Mobile,Electronics,60.0,30.0,1000.0,Fashion,No
5575,36-45,Female,5-10L,Weekly,5000.0,Yes,3-5,Desktop,Electronics,60.0,15.0,1000.0,Home & Furniture,No
5576,55+,Female,2-5L,Quarterly,7000.0,No,3-5,Mobile,Electronics,30.0,30.0,1000.0,Electronics,No
5577,55+,Male,2-5L,Rarely,7000.0,No,5+,Mobile,Groceries,30.0,7.0,10000.0,Groceries,No
5578,55+,Male,5-10L,Weekly,10000.0,Yes,5+,Mobile,Electronics,25.0,60.0,5000.0,Groceries,Yes
5581,55+,Male,2-5L,Quarterly,12000.0,No,1-3,Mobile,Electronics,25.0,30.0,500.0,Fashion,Yes
5582,36-45,Male,5-10L,Quarterly,5000.0,No,3-5,Mobile,Books,30.0,30.0,500.0,Fashion,Yes
5584,55+,Female,5-10L,Weekly,5000.0,No,5+,Desktop,Home & Furniture,30.0,15.0,1000.0,Fashion,No
5585,55+,Female,<2,Rarely,10000.0,No,1-3,Mobile,Home & Furniture,30.0,7.0,1000.0,Home & Furniture,No
5586,55+,Female,2-5L,Quarterly,10000.0,Yes,1-3,Desktop,Electronics,15.0,7.0,1000.0,Home & Furniture,No
5588,26-35,Male,5-10L,Weekly,20000.0,Yes,5+,Mobile,Fashion,40.0,30.0,2000.0,Electronics,No
5590,46-55,Male,<2L,Weekly,5000.0,Yes,3-5,Mobile,Electronics,40.0,30.0,2000.0,Fashion,No
5593,46-55,Male,>20L,Rarely,5000.0,No,3-5,Mobile,Books,60.0,7.0,2000.0,Fashion,No
5594,18-25,Male,5-10L,Weekly,10000.0,No,<1,Mobile,Fashion,25.0,30.0,500.0,Home & Furniture,No
5595,46-55,Male,2-5L,Quarterly,5000.0,Yes,3-5,Mobile,Electronics,15.0,7.0,1000.0,Groceries,Yes
5596,46-55,Female,>20L,Quarterly,15000.0,Yes,3-5,Desktop,Electronics,20.0,15.0,1000.0,Electronics,Yes
5597,55+,Male,2-5L,Monthly,20000.0,No,5+,Both,Home & Furniture,30.0,15.0,2000.0,Fashion,Yes
5599,46-55,Male,5L-10L,Rarely,10000.0,No,3-5,Both,Electronics,10.0,30.0,1000.0,Electronics,No
5600,36-45,Female,5-10L,Weekly,5000.0,Yes,<1,Both,Home & Furniture,50.0,30.0,1000.0,Groceries,No
5601,46-55,Male,2-5L,Quarterly,10000.0,Yes,3-5,Both,Electronics,20.0,30.0,5000.0,Books,Yes
5602,18-25,Male,>20L,Weekly,5000.0,No,3-5,Mobile,Fashion,50.0,7.0,1000.0,Electronics,No
5603,55+,Female,5-10L,Rarely,5000.0,No,<1,Desktop,Electronics,30.0,30.0,1000.0,Home & Furniture,No
5604,55+,Male,>20L,Quarterly,7000.0,No,1-3,Mobile,Home & Furniture,30.0,60.0,1000.0,Groceries,Yes
5605,46-55,Male,<2L,Bi-weekly,10000.0,Yes,1-3,Mobile,Electronics,20.0,30.0,2000.0,Electronics,No
5606,46-55,Female,<2L,Quarterly,7000.0,No,3-5,Mobile,Fashion,30.0,15.0,500.0,Fashion,No
5607,18-25,Male,<2L,Rarely,15000.0,Yes,1-3,Mobile,Fashion,30.0,60.0,5000.0,Groceries,Yes
5608,46-55,Male,5-10L,Weekly,5000.0,No,1-3,Desktop,Home & Furniture,30.0,60.0,2000.0,Fashion,No
5609,36-45,Male,>20L,Quarterly,10000.0,No,3-5,Mobile,Groceries,60.0,30.0,1000.0,Electronics,No
5610,55+,Male,<2,Monthly,10000.0,No,3-5,Mobile,Electronics,20.0,60.0,2000.0,Electronics,Yes
5611,18-25,Male,>20L,Weekly,5000.0,No,1-3,Mobile,Fashion,40.0,60.0,2000.0,Fashion,Yes
5612,55+,Female,5-10L,Weekly,5000.0,Yes,1-3,Desktop,Electronics,30.0,30.0,1000.0,Home & Furniture,No
5614,46-55,Male,>20L,Rarely,12000.0,Yes,1-3,Mobile,Electronics,20.0,60.0,1000.0,Fashion,Yes
5615,55+,Female,5-10L,Quarterly,10000.0,Yes,1-3,Mobile,Electronics,50.0,60.0,500.0,Home & Furniture,No
5616,55+,Female,<2L,Weekly,10000.0,Yes,3-5,Mobile,Fashion,20.0,15.0,5000.0,Fashion,No
5617,36-45,Male,>20L,Weekly,3000.0,Yes,<1,Mobile,Home & Furniture,40.0,7.0,10000.0,Fashion,No
5618,55+,Female,5-10L,Weekly,5000.0,No,3-5,Mobile,Electronics,30.0,15.0,5000.0,Fashion,No
5619,46-55,Female,5-10L,Monthly,10000.0,Yes,<1,Desktop,Groceries,30.0,30.0,5000.0,Fashion,Yes
5620,18-25,Female,5-10L,Bi-weekly,5000.0,Yes,1-3,Desktop,Electronics,25.0,30.0,500.0,Electronics,No
5622,36-45,Female,5-10L,Weekly,3000.0,Yes,3-5,Mobile,Books,40.0,60.0,1000.0,Fashion,No
5624,46-55,Male,10-20L,Monthly,7000.0,No,<1,Mobile,Fashion,40.0,7.0,2000.0,Groceries,No
5625,18-25,Male,10-20L,Monthly,3000.0,Yes,3-5,Desktop,Home & Furniture,20.0,7.0,1000.0,Fashion,No
5626,46-55,Male,2-5L,Monthly,10000.0,No,5+,Desktop,Books,20.0,7.0,2000.0,Electronics,No
5627,55+,Male,>20L,Quarterly,15000.0,No,1-3,Mobile,Electronics,20.0,60.0,2000.0,Home & Furniture,Yes
5628,55+,Male,5L-10L,Quarterly,5000.0,No,5+,Mobile,Fashion,30.0,30.0,1000.0,Home & Furniture,No
5629,18-25,Male,<2,Rarely,5000.0,No,1-3,Mobile,Electronics,25.0,15.0,5000.0,Electronics,No
5631,36-45,Male,5L-10L,Quarterly,15000.0,No,1-3,Mobile,Fashion,15.0,15.0,1000.0,Home & Furniture,No
5632,26-35,Male,<2L,Weekly,10000.0,No,5+,Mobile,Electronics,20.0,7.0,1000.0,Fashion,No
5633,36-45,Male,<2,Quarterly,5000.0,Yes,3-5,Mobile,Electronics,20.0,30.0,1000.0,Home & Furniture,No
5634,18-25,Male,10-20L,Rarely,5000.0,No,3-5,Mobile,Electronics,30.0,60.0,5000.0,Fashion,Yes
5635,18-25,Male,10-20L,Weekly,15000.0,Yes,1-3,Mobile,Electronics,30.0,15.0,1000.0,Electronics,Yes
5636,46-55,Male,>20L,Quarterly,10000.0,Yes,1-3,Mobile,Electronics,40.0,15.0,500.0,Groceries,No
5637,26-35,Male,5-10L,Quarterly,5000.0,Yes,3-5,Mobile,Electronics,40.0,30.0,10000.0,Home & Furniture,No
5638,55+,Female,5-10L,Weekly,3000.0,No,3-5,Mobile,Electronics,30.0,7.0,2000.0,Home & Furniture,No
5639,18-25,Male,<2L,Weekly,5000.0,No,3-5,Mobile,Fashion,10.0,7.0,1000.0,Books,No
5640,46-55,Male,<2L,Rarely,10000.0,No,3-5,Mobile,Fashion,30.0,30.0,2000.0,Fashion,No
5641,55+,Female,>20L,Weekly,10000.0,No,5+,Mobile,Books,60.0,30.0,2000.0,Books,No
5643,55+,Male,>20L,Monthly,10000.0,No,<1,Both,Electronics,10.0,15.0,5000.0,Books,Yes
5644,36-45,Male,5-10L,Rarely,12000.0,Yes,3-5,Desktop,Fashion,25.0,60.0,1000.0,Groceries,Yes
5645,55+,Male,5L-10L,Rarely,10000.0,Yes,5+,Mobile,Fashion,20.0,60.0,1000.0,Groceries,Yes
5646,26-35,Male,2-5L,Monthly,5000.0,No,3-5,Mobile,Electronics,20.0,15.0,500.0,Home & Furniture,Yes
5647,46-55,Female,<2L,Weekly,20000.0,Yes,1-3,Mobile,Groceries,40.0,30.0,5000.0,Home & Furniture,No
5648,18-25,Male,<2L,Rarely,3000.0,No,<1,Both,Electronics,25.0,60.0,1000.0,Electronics,Yes
5649,36-45,Female,>20L,Weekly,10000.0,No,5+,Both,Home & Furniture,30.0,30.0,1000.0,Fashion,No
5650,26-35,Male,5-10L,Weekly,5000.0,No,3-5,Desktop,Electronics,40.0,60.0,2000.0,Home & Furniture,Yes
5651,55+,Male,5-10L,Monthly,10000.0,No,<1,Both,Groceries,25.0,7.0,2000.0,Home & Furniture,No
5652,36-45,Male,<2,Bi-weekly,10000.0,Yes,3-5,Mobile,Electronics,15.0,30.0,500.0,Fashion,No
5653,46-55,Male,>20L,Weekly,5000.0,No,3-5,Mobile,Fashion,15.0,30.0,5000.0,Books,Yes
5654,36-45,Male,5L-10L,Weekly,10000.0,No,<1,Desktop,Electronics,25.0,30.0,1000.0,Electronics,No
5655,26-35,Male,10-20L,Weekly,10000.0,Yes,<1,Mobile,Fashion,25.0,15.0,5000.0,Fashion,No
5656,55+,Male,5L-10L,Weekly,7000.0,No,3-5,Desktop,Fashion,15.0,30.0,1000.0,Electronics,Yes
5657,55+,Male,10-20L,Quarterly,3000.0,No,<1,Mobile,Books,30.0,30.0,1000.0,Home & Furniture,Yes
5658,55+,Male,>20L,Weekly,5000.0,No,3-5,Both,Fashion,30.0,30.0,5000.0,Electronics,Yes
5659,18-25,Male,10-20L,Rarely,20000.0,Yes,1-3,Mobile,Electronics,20.0,60.0,1000.0,Fashion,Yes
5660,55+,Male,10-20L,Rarely,5000.0,Yes,1-3,Mobile,Books,10.0,30.0,10000.0,Electronics,No
5661,36-45,Male,<2L,Rarely,7000.0,No,1-3,Mobile,Electronics,60.0,15.0,5000.0,Groceries,No
5662,18-25,Male,5-10L,Bi-weekly,5000.0,No,3-5,Mobile,Electronics,20.0,15.0,1000.0,Home & Furniture,Yes
5663,46-55,Male,5-10L,Monthly,12000.0,Yes,5+,Desktop,Groceries,25.0,30.0,1000.0,Fashion,Yes
5664,18-25,Male,5-10L,Monthly,10000.0,No,3-5,Desktop,Home & Furniture,30.0,30.0,2000.0,Home & Furniture,No
5665,26-35,Male,<2,Monthly,10000.0,No,1-3,Both,Electronics,30.0,30.0,500.0,Home & Furniture,No
5666,55+,Male,>20L,Weekly,10000.0,Yes,1-3,Mobile,Home & Furniture,40.0,30.0,2000.0,Home & Furniture,Yes
5667,26-35,Male,5L-10L,Rarely,10000.0,No,<1,Mobile,Books,20.0,7.0,1000.0,Electronics,Yes
5668,55+,Male,<2,Quarterly,20000.0,No,5+,Mobile,Electronics,25.0,30.0,500.0,Home & Furniture,Yes
5669,46-55,Female,5-10L,Monthly,10000.0,Yes,1-3,Both,Fashion,60.0,30.0,5000.0,Home & Furniture,Yes
5670,55+,Male,5-10L,Quarterly,10000.0,No,3-5,Mobile,Fashion,30.0,7.0,1000.0,Fashion,No
5671,46-55,Male,<2,Weekly,10000.0,No,1-3,Mobile,Home & Furniture,50.0,7.0,10000.0,Groceries,No
5672,55+,Male,2-5L,Quarterly,7000.0,Yes,<1,Both,Fashion,25.0,60.0,1000.0,Electronics,No
5673,36-45,Male,10-20L,Rarely,10000.0,No,<1,Mobile,Home & Furniture,20.0,60.0,500.0,Home & Furniture,Yes
5674,46-55,Male,5L-10L,Weekly,10000.0,Yes,3-5,Desktop,Electronics,15.0,30.0,1000.0,Groceries,No
5676,55+,Male,<2L,Monthly,20000.0,Yes,<1,Mobile,Fashion,30.0,15.0,2000.0,Home & Furniture,Yes
5677,26-35,Male,5L-10L,Quarterly,10000.0,No,5+,Mobile,Home & Furniture,30.0,7.0,500.0,Books,No
5678,46-55,Male,5L-10L,Quarterly,10000.0,No,1-3,Mobile,Groceries,20.0,60.0,5000.0,Books,No
5679,55+,Male,<2L,Bi-weekly,5000.0,No,1-3,Desktop,Electronics,30.0,15.0,2000.0,Home & Furniture,No
5680,36-45,Female,10-20L,Weekly,15000.0,Yes,1-3,Mobile,Fashion,40.0,30.0,1000.0,Home & Furniture,Yes
5682,36-45,Male,5-10L,Monthly,15000.0,Yes,3-5,Mobile,Groceries,10.0,15.0,500.0,Groceries,No
5684,55+,Female,<2,Quarterly,10000.0,Yes,1-3,Desktop,Home & Furniture,30.0,30.0,1000.0,Books,Yes
5685,36-45,Male,10-20L,Weekly,5000.0,No,<1,Mobile,Electronics,20.0,7.0,2000.0,Home & Furniture,Yes
5686,18-25,Male,5-10L,Bi-weekly,10000.0,No,1-3,Mobile,Books,15.0,30.0,1000.0,Fashion,Yes
5688,26-35,Male,<2L,Weekly,10000.0,Yes,3-5,Mobile,Electronics,20.0,7.0,2000.0,Fashion,Yes
5689,55+,Male,5L-10L,Weekly,5000.0,No,5+,Mobile,Electronics,30.0,30.0,500.0,Electronics,Yes
5690,55+,Male,<2,Bi-weekly,5000.0,No,<1,Mobile,Fashion,10.0,15.0,5000.0,Home & Furniture,No
5691,46-55,Male,2-5L,Weekly,15000.0,No,1-3,Mobile,Home & Furniture,30.0,15.0,1000.0,Electronics,Yes
5692,18-25,Male,5L-10L,Weekly,10000.0,Yes,5+,Mobile,Books,60.0,60.0,1000.0,Electronics,Yes
5693,46-55,Female,<2L,Quarterly,5000.0,No,3-5,Both,Fashion,50.0,7.0,1000.0,Fashion,No
5695,55+,Male,5L-10L,Rarely,3000.0,Yes,5+,Mobile,Fashion,30.0,7.0,1000.0,Electronics,No
5696,55+,Male,5-10L,Weekly,5000.0,No,3-5,Mobile,Books,25.0,30.0,5000.0,Fashion,Yes
5697,18-25,Male,10-20L,Quarterly,5000.0,Yes,3-5,Mobile,Fashion,20.0,7.0,1000.0,Electronics,No
5698,55+,Female,5-10L,Monthly,5000.0,No,<1,Mobile,Electronics,30.0,60.0,5000.0,Groceries,Yes
5699,55+,Male,10-20L,Quarterly,15000.0,No,3-5,Both,Electronics,30.0,30.0,2000.0,Groceries,Yes
5700,18-25,Male,5-10L,Rarely,10000.0,Yes,1-3,Mobile,Electronics,50.0,7.0,1000.0,Groceries,No
5701,55+,Male,<2,Rarely,10000.0,No,3-5,Both,Electronics,20.0,30.0,500.0,Electronics,No
5702,18-25,Female,2-5L,Weekly,10000.0,Yes,<1,Mobile,Groceries,20.0,30.0,5000.0,Groceries,Yes
5704,55+,Male,10-20L,Quarterly,10000.0,No,3-5,Desktop,Fashion,30.0,60.0,1000.0,Home & Furniture,Yes
5705,46-55,Male,2-5L,Quarterly,12000.0,No,1-3,Mobile,Electronics,40.0,60.0,500.0,Home & Furniture,No
5706,36-45,Male,5-10L,Weekly,10000.0,No,<1,Desktop,Fashion,50.0,30.0,5000.0,Home & Furniture,No
5707,55+,Female,5L-10L,Quarterly,7000.0,No,5+,Mobile,Groceries,30.0,7.0,1000.0,Home & Furniture,Yes
5708,55+,Female,>20L,Weekly,5000.0,No,3-5,Mobile,Groceries,30.0,30.0,1000.0,Home & Furniture,No
5710,46-55,Female,10-20L,Rarely,3000.0,No,<1,Mobile,Fashion,50.0,30.0,1000.0,Groceries,Yes
5712,46-55,Male,5-10L,Bi-weekly,5000.0,Yes,3-5,Desktop,Electronics,30.0,15.0,2000.0,Home & Furniture,No
5713,55+,Male,<2,Weekly,10000.0,No,5+,Both,Groceries,30.0,30.0,5000.0,Groceries,No
5714,55+,Male,<2,Weekly,10000.0,Yes,3-5,Mobile,Home & Furniture,10.0,7.0,1000.0,Groceries,Yes
5716,26-35,Male,>20L,Bi-weekly,10000.0,Yes,3-5,Desktop,Groceries,20.0,7.0,1000.0,Electronics,Yes
5717,55+,Female,2-5L,Quarterly,5000.0,No,3-5,Mobile,Electronics,30.0,7.0,1000.0,Fashion,Yes
5718,55+,Female,5-10L,Rarely,20000.0,Yes,1-3,Mobile,Books,30.0,7.0,1000.0,Fashion,No
5721,55+,Female,2-5L,Rarely,5000.0,No,<1,Mobile,Fashion,50.0,30.0,2000.0,Fashion,No
5722,18-25,Male,2-5L,Weekly,7000.0,No,1-3,Mobile,Home & Furniture,25.0,15.0,1000.0,Electronics,No
5723,18-25,Female,10-20L,Quarterly,10000.0,No,<1,Desktop,Fashion,15.0,60.0,500.0,Fashion,No
5724,55+,Male,2-5L,Weekly,5000.0,Yes,5+,Mobile,Home & Furniture,50.0,15.0,2000.0,Groceries,Yes
5726,55+,Female,5L-10L,Weekly,7000.0,No,<1,Mobile,Electronics,30.0,30.0,500.0,Groceries,Yes
5727,46-55,Male,>20L,Rarely,15000.0,Yes,3-5,Mobile,Electronics,30.0,15.0,5000.0,Groceries,No
5728,55+,Male,2-5L,Rarely,10000.0,Yes,3-5,Mobile,Electronics,30.0,7.0,2000.0,Groceries,Yes
5729,55+,Male,5-10L,Rarely,5000.0,Yes,<1,Desktop,Electronics,25.0,30.0,10000.0,Groceries,No
5730,26-35,Male,5-10L,Bi-weekly,10000.0,Yes,<1,Mobile,Groceries,30.0,7.0,10000.0,Groceries,No
5731,26-35,Female,2-5L,Weekly,20000.0,Yes,3-5,Mobile,Books,25.0,15.0,500.0,Books,Yes
5733,55+,Male,2-5L,Quarterly,10000.0,No,<1,Mobile,Home & Furniture,20.0,7.0,2000.0,Electronics,No
5734,55+,Male,5L-10L,Weekly,5000.0,No,3-5,Both,Groceries,20.0,7.0,1000.0,Groceries,Yes
5735,18-25,Male,2-5L,Weekly,7000.0,No,1-3,Both,Fashion,25.0,15.0,10000.0,Home & Furniture,No
5736,55+,Male,>20L,Bi-weekly,5000.0,Yes,<1,Mobile,Electronics,30.0,7.0,10000.0,Fashion,No
5737,46-55,Male,5-10L,Weekly,20000.0,Yes,5+,Mobile,Fashion,50.0,30.0,2000.0,Fashion,Yes
5738,46-55,Male,2-5L,Weekly,10000.0,No,3-5,Mobile,Fashion,15.0,60.0,1000.0,Electronics,No
5739,55+,Male,<2,Monthly,5000.0,Yes,3-5,Desktop,Books,20.0,30.0,1000.0,Books,Yes
5740,36-45,Male,5-10L,Weekly,10000.0,No,1-3,Mobile,Electronics,15.0,30.0,2000.0,Groceries,Yes
5741,55+,Male,2-5L,Weekly,3000.0,Yes,<1,Mobile,Fashion,15.0,30.0,2000.0,Fashion,No
5744,55+,Male,5L-10L,Rarely,15000.0,Yes,3-5,Both,Books,50.0,7.0,1000.0,Home & Furniture,No
5745,55+,Male,2-5L,Quarterly,12000.0,No,<1,Desktop,Fashion,60.0,60.0,5000.0,Fashion,No
5746,18-25,Male,<2,Rarely,5000.0,Yes,3-5,Mobile,Electronics,20.0,60.0,1000.0,Fashion,No
5747,26-35,Male,2-5L,Monthly,20000.0,No,<1,Mobile,Electronics,20.0,30.0,1000.0,Fashion,No
5748,55+,Male,>20L,Weekly,20000.0,Yes,1-3,Mobile,Books,20.0,60.0,5000.0,Electronics,No
5749,55+,Male,>20L,Quarterly,12000.0,No,1-3,Desktop,Groceries,30.0,7.0,5000.0,Electronics,No
5750,55+,Male,5-10L,Quarterly,7000.0,No,<1,Mobile,Electronics,30.0,15.0,2000.0,Fashion,No
5751,18-25,Male,<2L,Monthly,10000.0,No,3-5,Desktop,Electronics,25.0,60.0,500.0,Fashion,Yes
5752,36-45,Male,<2L,Weekly,5000.0,Yes,<1,Mobile,Books,20.0,60.0,1000.0,Books,Yes
5755,18-25,Male,5-10L,Weekly,10000.0,Yes,5+,Desktop,Books,15.0,7.0,500.0,Groceries,No
5757,18-25,Male,>20L,Quarterly,20000.0,Yes,<1,Desktop,Fashion,20.0,30.0,1000.0,Books,No
5759,26-35,Male,5-10L,Quarterly,15000.0,Yes,5+,Mobile,Electronics,40.0,30.0,5000.0,Books,No
5760,18-25,Female,<2,Weekly,10000.0,Yes,1-3,Both,Home & Furniture,30.0,60.0,5000.0,Groceries,No
5761,18-25,Female,<2,Weekly,10000.0,No,3-5,Desktop,Groceries,20.0,15.0,1000.0,Home & Furniture,No
5762,55+,Male,<2L,Monthly,3000.0,Yes,1-3,Both,Fashion,30.0,15.0,500.0,Groceries,No
5763,55+,Male,>20L,Quarterly,20000.0,Yes,5+,Desktop,Fashion,40.0,7.0,5000.0,Home & Furniture,Yes
5764,55+,Male,5-10L,Monthly,7000.0,Yes,3-5,Mobile,Books,25.0,30.0,10000.0,Groceries,No
5765,55+,Male,<2,Quarterly,12000.0,Yes,<1,Both,Electronics,30.0,15.0,1000.0,Groceries,Yes
5766,36-45,Male,5L-10L,Monthly,5000.0,Yes,<1,Mobile,Groceries,30.0,7.0,2000.0,Fashion,Yes
5767,36-45,Female,2-5L,Rarely,7000.0,Yes,3-5,Mobile,Electronics,10.0,7.0,1000.0,Groceries,No
5768,46-55,Male,5L-10L,Weekly,7000.0,Yes,3-5,Mobile,Electronics,20.0,15.0,1000.0,Electronics,Yes
5770,55+,Female,>20L,Weekly,5000.0,Yes,<1,Mobile,Fashion,30.0,7.0,1000.0,Fashion,Yes
5771,55+,Female,<2L,Bi-weekly,10000.0,No,3-5,Mobile,Home & Furniture,10.0,30.0,1000.0,Home & Furniture,No
5772,55+,Female,5-10L,Monthly,5000.0,Yes,5+,Desktop,Fashion,60.0,30.0,500.0,Groceries,Yes
5773,26-35,Male,5-10L,Quarterly,10000.0,Yes,3-5,Desktop,Fashion,15.0,15.0,500.0,Home & Furniture,Yes
5774,46-55,Female,<2,Bi-weekly,10000.0,Yes,1-3,Mobile,Fashion,50.0,15.0,2000.0,Fashion,No
5775,26-35,Male,10-20L,Quarterly,5000.0,No,<1,Desktop,Electronics,60.0,15.0,2000.0,Fashion,Yes
5776,18-25,Male,>20L,Rarely,10000.0,No,3-5,Mobile,Fashion,30.0,7.0,500.0,Groceries,Yes
5777,55+,Male,5-10L,Monthly,15000.0,Yes,1-3,Both,Books,50.0,7.0,1000.0,Fashion,No
5778,46-55,Male,5-10L,Weekly,15000.0,Yes,<1,Mobile,Home & Furniture,30.0,60.0,2000.0,Groceries,Yes
5779,55+,Female,>20L,Quarterly,10000.0,Yes,<1,Mobile,Electronics,15.0,60.0,2000.0,Home & Furniture,No
5780,18-25,Male,<2L,Weekly,5000.0,No,<1,Mobile,Electronics,15.0,30.0,10000.0,Books,No
5782,55+,Male,5-10L,Weekly,10000.0,Yes,<1,Desktop,Groceries,30.0,30.0,1000.0,Electronics,Yes
5783,55+,Male,<2,Weekly,12000.0,Yes,<1,Mobile,Electronics,30.0,30.0,1000.0,Home & Furniture,Yes
5784,55+,Male,5-10L,Weekly,10000.0,No,3-5,Mobile,Fashion,20.0,15.0,1000.0,Groceries,No
5785,26-35,Male,>20L,Quarterly,10000.0,No,<1,Desktop,Electronics,30.0,30.0,5000.0,Home & Furniture,No
5786,55+,Male,<2,Bi-weekly,10000.0,Yes,5+,Mobile,Groceries,50.0,15.0,1000.0,Groceries,Yes
5787,55+,Male,5-10L,Weekly,15000.0,No,<1,Desktop,Home & Furniture,30.0,7.0,5000.0,Fashion,Yes
5788,55+,Male,>20L,Rarely,10000.0,No,<1,Mobile,Home & Furniture,30.0,30.0,1000.0,Fashion,Yes
5789,55+,Male,5-10L,Weekly,5000.0,Yes,1-3,Both,Books,25.0,60.0,2000.0,Electronics,Yes
5790,36-45,Male,2-5L,Quarterly,15000.0,Yes,<1,Mobile,Electronics,30.0,7.0,1000.0,Home & Furniture,Yes
5791,55+,Male,10-20L,Weekly,10000.0,No,1-3,Both,Home & Furniture,30.0,30.0,2000.0,Books,Yes
5792,55+,Female,5-10L,Quarterly,10000.0,Yes,3-5,Mobile,Fashion,40.0,15.0,2000.0,Groceries,No
5793,55+,Female,5-10L,Weekly,5000.0,Yes,3-5,Mobile,Electronics,30.0,7.0,2000.0,Home & Furniture,No
5794,18-25,Male,5-10L,Quarterly,5000.0,Yes,3-5,Desktop,Groceries,50.0,7.0,2000.0,Home & Furniture,No
5795,55+,Male,2-5L,Quarterly,12000.0,No,5+,Desktop,Home & Furniture,25.0,7.0,2000.0,Groceries,No
5796,46-55,Female,5L-10L,Weekly,3000.0,Yes,3-5,Mobile,Home & Furniture,10.0,7.0,5000.0,Groceries,Yes
5797,46-55,Female,<2,Weekly,7000.0,No,3-5,Both,Books,60.0,30.0,1000.0,Fashion,No
5798,55+,Male,<2L,Rarely,10000.0,No,3-5,Mobile,Electronics,50.0,60.0,1000.0,Groceries,No
5799,46-55,Male,5-10L,Quarterly,3000.0,Yes,<1,Mobile,Groceries,15.0,30.0,2000.0,Electronics,No
5801,36-45,Male,5L-10L,Weekly,5000.0,No,1-3,Mobile,Electronics,20.0,60.0,5000.0,Electronics,No
5802,46-55,Female,2-5L,Weekly,5000.0,No,3-5,Mobile,Home & Furniture,25.0,60.0,5000.0,Books,Yes
5803,55+,Female,>20L,Quarterly,20000.0,No,1-3,Both,Home & Furniture,30.0,30.0,500.0,Books,Yes
5804,46-55,Female,>20L,Bi-weekly,10000.0,Yes,3-5,Mobile,Home & Furniture,40.0,30.0,2000.0,Electronics,No
5806,55+,Male,2-5L,Quarterly,10000.0,No,5+,Mobile,Books,30.0,7.0,500.0,Fashion,No
5808,55+,Male,<2L,Quarterly,3000.0,Yes,<1,Mobile,Electronics,60.0,60.0,5000.0,Fashion,Yes
5809,18-25,Male,<2L,Rarely,5000.0,Yes,3-5,Mobile,Books,25.0,60.0,5000.0,Fashion,Yes
5810,55+,Male,>20L,Weekly,5000.0,Yes,<1,Desktop,Groceries,60.0,15.0,1000.0,Groceries,Yes
5811,46-55,Male,>20L,Quarterly,3000.0,No,3-5,Mobile,Books,25.0,7.0,1000.0,Home & Furniture,Yes
5812,18-25,Male,5-10L,Bi-weekly,20000.0,Yes,5+,Desktop,Electronics,40.0,60.0,5000.0,Fashion,No
5813,55+,Female,>20L,Weekly,10000.0,No,<1,Mobile,Home & Furniture,40.0,30.0,2000.0,Books,Yes
5814,55+,Male,5L-10L,Quarterly,10000.0,Yes,<1,Mobile,Fashion,50.0,15.0,1000.0,Home & Furniture,No
5815,46-55,Male,<2L,Quarterly,10000.0,No,5+,Mobile,Fashion,20.0,7.0,500.0,Home & Furniture,No
5816,55+,Male,10-20L,Quarterly,5000.0,Yes,<1,Mobile,Groceries,30.0,30.0,5000.0,Electronics,No
5817,26-35,Male,<2,Monthly,10000.0,Yes,<1,Mobile,Electronics,10.0,15.0,1000.0,Fashion,No
5818,55+,Male,5-10L,Weekly,10000.0,No,<1,Mobile,Electronics,50.0,30.0,1000.0,Home & Furniture,No
5819,36-45,Male,>20L,Weekly,5000.0,Yes,5+,Mobile,Groceries,20.0,60.0,2000.0,Home & Furniture,No
5821,55+,Male,5L-10L,Weekly,3000.0,No,<1,Mobile,Electronics,30.0,30.0,5000.0,Home & Furniture,No
5822,55+,Male,<2L,Quarterly,10000.0,Yes,3-5,Mobile,Groceries,40.0,30.0,2000.0,Electronics,Yes
5823,55+,Male,5L-10L,Weekly,10000.0,No,<1,Desktop,Electronics,20.0,30.0,500.0,Home & Furniture,No
5824,26-35,Male,<2L,Quarterly,15000.0,No,1-3,Mobile,Electronics,30.0,30.0,1000.0,Fashion,Yes
5825,36-45,Male,5-10L,Quarterly,20000.0,No,3-5,Desktop,Fashion,40.0,30.0,1000.0,Groceries,Yes
5826,18-25,Male,5-10L,Bi-weekly,5000.0,No,1-3,Desktop,Electronics,40.0,30.0,500.0,Electronics,No
5827,55+,Male,2-5L,Rarely,5000.0,Yes,3-5,Desktop,Books,30.0,60.0,2000.0,Groceries,No
5828,26-35,Male,<2L,Quarterly,15000.0,Yes,3-5,Mobile,Groceries,30.0,30.0,1000.0,Groceries,No
5829,55+,Male,10-20L,Weekly,10000.0,No,3-5,Desktop,Electronics,10.0,15.0,500.0,Home & Furniture,Yes
5830,55+,Male,5L-10L,Weekly,7000.0,Yes,3-5,Desktop,Electronics,10.0,30.0,1000.0,Groceries,No
5831,46-55,Male,>20L,Weekly,10000.0,Yes,<1,Both,Electronics,50.0,30.0,500.0,Electronics,Yes
5832,26-35,Male,>20L,Bi-weekly,7000.0,Yes,5+,Desktop,Fashion,30.0,7.0,5000.0,Home & Furniture,No
5834,46-55,Male,2-5L,Bi-weekly,20000.0,No,1-3,Mobile,Home & Furniture,40.0,30.0,2000.0,Groceries,Yes
5835,55+,Female,10-20L,Quarterly,10000.0,No,5+,Mobile,Electronics,50.0,15.0,500.0,Home & Furniture,Yes
5837,55+,Female,>20L,Rarely,5000.0,Yes,5+,Mobile,Electronics,20.0,60.0,10000.0,Home & Furniture,Yes
5838,46-55,Male,5L-10L,Weekly,20000.0,No,3-5,Mobile,Home & Furniture,30.0,30.0,2000.0,Groceries,No
5841,36-45,Male,<2,Weekly,3000.0,Yes,3-5,Mobile,Electronics,60.0,60.0,500.0,Electronics,No
5842,36-45,Female,5-10L,Weekly,15000.0,No,<1,Mobile,Groceries,50.0,30.0,2000.0,Fashion,No
5843,26-35,Female,<2,Weekly,7000.0,Yes,1-3,Mobile,Electronics,15.0,7.0,10000.0,Home & Furniture,No
5844,46-55,Female,5-10L,Quarterly,20000.0,Yes,3-5,Mobile,Electronics,40.0,7.0,500.0,Home & Furniture,No
5845,55+,Male,<2L,Bi-weekly,5000.0,No,1-3,Mobile,Fashion,20.0,30.0,1000.0,Electronics,No
5846,55+,Female,2-5L,Weekly,5000.0,No,<1,Mobile,Home & Furniture,30.0,15.0,1000.0,Books,Yes
5847,55+,Male,2-5L,Bi-weekly,10000.0,No,<1,Both,Books,20.0,15.0,1000.0,Fashion,Yes
5848,26-35,Female,<2L,Quarterly,5000.0,Yes,<1,Both,Books,10.0,7.0,2000.0,Fashion,Yes
5849,18-25,Male,>20L,Quarterly,10000.0,Yes,5+,Mobile,Fashion,10.0,15.0,10000.0,Books,Yes
5850,55+,Female,5-10L,Rarely,7000.0,Yes,5+,Mobile,Electronics,30.0,15.0,2000.0,Groceries,Yes
5851,55+,Male,5L-10L,Rarely,15000.0,Yes,<1,Desktop,Fashion,20.0,60.0,500.0,Electronics,No
5852,55+,Male,5-10L,Rarely,12000.0,No,<1,Mobile,Books,60.0,60.0,5000.0,Groceries,No
5853,18-25,Female,<2L,Quarterly,5000.0,Yes,<1,Both,Groceries,20.0,30.0,2000.0,Electronics,No
5854,26-35,Male,<2L,Monthly,10000.0,Yes,1-3,Mobile,Fashion,50.0,30.0,2000.0,Home & Furniture,Yes
5855,18-25,Female,5-10L,Weekly,15000.0,Yes,3-5,Desktop,Electronics,30.0,30.0,10000.0,Home & Furniture,Yes
5856,55+,Male,10-20L,Weekly,10000.0,Yes,<1,Mobile,Fashion,30.0,7.0,5000.0,Home & Furniture,No
5857,46-55,Male,>20L,Weekly,5000.0,No,3-5,Desktop,Electronics,20.0,30.0,1000.0,Electronics,Yes
5858,46-55,Female,5-10L,Quarterly,15000.0,Yes,3-5,Mobile,Electronics,10.0,30.0,1000.0,Groceries,No
5859,46-55,Male,5-10L,Weekly,10000.0,Yes,3-5,Desktop,Electronics,25.0,15.0,500.0,Home & Furniture,No
5860,26-35,Male,<2L,Bi-weekly,20000.0,No,3-5,Desktop,Electronics,25.0,30.0,2000.0,Fashion,No
5861,46-55,Male,5-10L,Rarely,10000.0,Yes,3-5,Mobile,Books,20.0,7.0,1000.0,Fashion,No
5862,18-25,Male,2-5L,Quarterly,7000.0,Yes,3-5,Mobile,Home & Furniture,40.0,30.0,2000.0,Groceries,No
5864,55+,Male,<2,Quarterly,15000.0,Yes,5+,Both,Groceries,20.0,7.0,1000.0,Fashion,No
5865,55+,Female,2-5L,Bi-weekly,20000.0,No,3-5,Mobile,Groceries,60.0,30.0,2000.0,Fashion,Yes
5866,36-45,Female,>20L,Monthly,7000.0,Yes,5+,Mobile,Electronics,50.0,30.0,1000.0,Fashion,No
5867,55+,Male,5-10L,Rarely,5000.0,No,3-5,Desktop,Electronics,30.0,30.0,1000.0,Books,No
5868,55+,Male,2-5L,Bi-weekly,3000.0,Yes,3-5,Mobile,Books,50.0,30.0,1000.0,Electronics,Yes
5869,18-25,Male,<2,Weekly,5000.0,Yes,3-5,Mobile,Home & Furniture,50.0,7.0,5000.0,Electronics,Yes
5870,26-35,Male,2-5L,Monthly,5000.0,No,5+,Both,Fashion,30.0,30.0,500.0,Fashion,No
5872,26-35,Male,2-5L,Monthly,5000.0,Yes,3-5,Mobile,Groceries,30.0,30.0,500.0,Books,No
5873,18-25,Male,<2L,Monthly,10000.0,Yes,3-5,Both,Electronics,30.0,15.0,1000.0,Groceries,Yes
5874,18-25,Male,<2L,Weekly,20000.0,Yes,<1,Mobile,Electronics,30.0,15.0,1000.0,Groceries,No
5876,36-45,Female,<2L,Quarterly,10000.0,No,1-3,Both,Books,25.0,7.0,2000.0,Home & Furniture,Yes
5877,46-55,Male,<2L,Weekly,3000.0,No,1-3,Mobile,Fashion,60.0,60.0,2000.0,Electronics,No
5878,55+,Male,5-10L,Weekly,10000.0,No,5+,Desktop,Fashion,40.0,60.0,2000.0,Home & Furniture,Yes
5880,26-35,Male,2-5L,Weekly,5000.0,No,3-5,Mobile,Books,25.0,60.0,500.0,Electronics,No
5881,55+,Male,5L-10L,Quarterly,15000.0,Yes,<1,Mobile,Fashion,30.0,60.0,2000.0,Home & Furniture,Yes
5882,26-35,Female,2-5L,Monthly,5000.0,Yes,3-5,Both,Fashion,60.0,30.0,5000.0,Groceries,No
5883,55+,Male,2-5L,Quarterly,10000.0,Yes,5+,Mobile,Electronics,30.0,7.0,10000.0,Fashion,No
5884,55+,Male,>20L,Quarterly,3000.0,No,1-3,Mobile,Books,20.0,30.0,500.0,Fashion,No
5886,55+,Female,5L-10L,Quarterly,5000.0,Yes,1-3,Mobile,Electronics,30.0,60.0,5000.0,Electronics,No
5888,55+,Male,2-5L,Weekly,10000.0,No,5+,Mobile,Home & Furniture,15.0,60.0,500.0,Fashion,No
5891,55+,Female,5-10L,Bi-weekly,5000.0,Yes,<1,Mobile,Electronics,30.0,30.0,5000.0,Home & Furniture,Yes
5892,46-55,Female,<2L,Rarely,10000.0,Yes,3-5,Desktop,Electronics,50.0,30.0,500.0,Fashion,No
5893,46-55,Female,>20L,Weekly,10000.0,No,<1,Mobile,Electronics,30.0,15.0,1000.0,Fashion,Yes
5895,18-25,Male,10-20L,Quarterly,15000.0,No,5+,Mobile,Books,30.0,7.0,2000.0,Electronics,No
5896,55+,Female,<2,Weekly,10000.0,Yes,1-3,Mobile,Fashion,40.0,30.0,10000.0,Fashion,No
5897,18-25,Male,5-10L,Weekly,20000.0,No,5+,Mobile,Electronics,60.0,30.0,2000.0,Groceries,No
5898,55+,Male,>20L,Weekly,10000.0,No,1-3,Desktop,Home & Furniture,25.0,7.0,1000.0,Fashion,No
5899,55+,Male,<2L,Quarterly,20000.0,Yes,1-3,Mobile,Fashion,25.0,30.0,500.0,Home & Furniture,No
5900,18-25,Male,2-5L,Quarterly,7000.0,Yes,3-5,Mobile,Books,30.0,30.0,500.0,Fashion,No
5901,55+,Male,<2,Rarely,5000.0,No,1-3,Mobile,Home & Furniture,50.0,15.0,2000.0,Fashion,No
5903,18-25,Male,2-5L,Weekly,10000.0,Yes,<1,Desktop,Groceries,40.0,30.0,1000.0,Fashion,Yes
5904,55+,Male,10-20L,Weekly,7000.0,No,1-3,Mobile,Groceries,50.0,30.0,5000.0,Books,No
5905,55+,Female,10-20L,Monthly,3000.0,Yes,1-3,Mobile,Fashion,30.0,15.0,500.0,Home & Furniture,No
5907,46-55,Male,>20L,Weekly,10000.0,Yes,<1,Mobile,Electronics,30.0,7.0,2000.0,Fashion,Yes
5908,46-55,Male,5L-10L,Monthly,10000.0,No,<1,Mobile,Home & Furniture,60.0,60.0,1000.0,Electronics,No
5909,55+,Male,>20L,Weekly,20000.0,No,3-5,Mobile,Fashion,25.0,60.0,500.0,Groceries,No
5910,18-25,Male,10-20L,Rarely,20000.0,No,3-5,Both,Fashion,20.0,7.0,1000.0,Groceries,No
5911,55+,Male,5-10L,Rarely,10000.0,No,3-5,Mobile,Groceries,60.0,7.0,1000.0,Groceries,Yes
5912,18-25,Male,<2,Quarterly,10000.0,Yes,3-5,Mobile,Electronics,10.0,60.0,5000.0,Books,No
5913,46-55,Male,<2L,Rarely,10000.0,No,5+,Desktop,Fashion,60.0,7.0,2000.0,Home & Furniture,No
5914,55+,Male,2-5L,Weekly,15000.0,Yes,3-5,Mobile,Home & Furniture,25.0,30.0,1000.0,Fashion,No
5915,26-35,Male,<2,Bi-weekly,12000.0,No,5+,Mobile,Fashion,40.0,60.0,2000.0,Home & Furniture,No
5916,46-55,Male,5-10L,Weekly,10000.0,Yes,<1,Mobile,Electronics,25.0,30.0,1000.0,Fashion,Yes
5918,55+,Male,2-5L,Quarterly,15000.0,Yes,1-3,Both,Fashion,30.0,7.0,500.0,Books,No
5920,26-35,Male,5-10L,Rarely,5000.0,No,<1,Both,Home & Furniture,40.0,60.0,10000.0,Fashion,No
5921,36-45,Female,2-5L,Rarely,10000.0,No,1-3,Mobile,Home & Furniture,15.0,7.0,5000.0,Books,Yes
5923,55+,Male,5-10L,Bi-weekly,5000.0,No,3-5,Desktop,Home & Furniture,20.0,15.0,1000.0,Home & Furniture,No
5925,46-55,Male,5L-10L,Weekly,10000.0,No,<1,Mobile,Books,15.0,15.0,5000.0,Books,No
5926,26-35,Male,5-10L,Monthly,20000.0,Yes,5+,Mobile,Fashion,40.0,15.0,500.0,Fashion,Yes
5927,55+,Female,<2,Quarterly,20000.0,No,<1,Mobile,Books,15.0,7.0,10000.0,Groceries,No
5929,55+,Male,5-10L,Weekly,5000.0,Yes,1-3,Mobile,Electronics,30.0,7.0,1000.0,Electronics,Yes
5930,55+,Female,>20L,Monthly,5000.0,No,1-3,Mobile,Electronics,60.0,30.0,2000.0,Fashion,Yes
5931,55+,Male,2-5L,Bi-weekly,20000.0,Yes,<1,Mobile,Fashion,40.0,30.0,5000.0,Fashion,Yes
5932,26-35,Male,>20L,Weekly,7000.0,Yes,3-5,Mobile,Fashion,40.0,30.0,5000.0,Fashion,Yes
5934,26-35,Male,2-5L,Rarely,10000.0,No,3-5,Mobile,Fashion,25.0,30.0,1000.0,Electronics,No
5935,26-35,Female,5-10L,Rarely,3000.0,No,<1,Mobile,Home & Furniture,30.0,15.0,2000.0,Home & Furniture,No
5936,46-55,Male,5L-10L,Weekly,10000.0,No,3-5,Desktop,Fashion,20.0,7.0,2000.0,Groceries,Yes
5938,36-45,Male,5L-10L,Rarely,10000.0,Yes,1-3,Mobile,Electronics,40.0,30.0,500.0,Fashion,Yes
5939,46-55,Female,<2L,Quarterly,7000.0,Yes,<1,Desktop,Books,20.0,7.0,5000.0,Electronics,Yes
5940,55+,Male,2-5L,Weekly,5000.0,Yes,<1,Mobile,Fashion,10.0,7.0,500.0,Home & Furniture,No
5941,55+,Female,2-5L,Quarterly,5000.0,Yes,5+,Mobile,Books,20.0,60.0,1000.0,Groceries,No
5942,46-55,Male,5-10L,Bi-weekly,5000.0,Yes,3-5,Mobile,Electronics,10.0,7.0,1000.0,Books,No
5943,18-25,Male,<2L,Monthly,7000.0,Yes,3-5,Mobile,Groceries,30.0,30.0,5000.0,Fashion,No
5944,55+,Male,10-20L,Rarely,5000.0,No,3-5,Mobile,Groceries,50.0,30.0,1000.0,Groceries,Yes
5945,18-25,Female,2-5L,Monthly,10000.0,No,3-5,Both,Electronics,20.0,30.0,1000.0,Fashion,No
5946,26-35,Female,10-20L,Bi-weekly,10000.0,No,3-5,Mobile,Electronics,20.0,7.0,1000.0,Home & Furniture,No
5948,46-55,Male,5-10L,Rarely,5000.0,No,3-5,Desktop,Home & Furniture,40.0,7.0,500.0,Electronics,No
5949,36-45,Male,>20L,Weekly,7000.0,Yes,<1,Both,Books,40.0,60.0,2000.0,Groceries,No
5950,55+,Male,10-20L,Monthly,10000.0,No,3-5,Mobile,Groceries,30.0,30.0,2000.0,Home & Furniture,No
5951,36-45,Male,>20L,Quarterly,10000.0,No,3-5,Mobile,Books,25.0,15.0,1000.0,Fashion,Yes
5953,36-45,Male,>20L,Weekly,10000.0,Yes,5+,Mobile,Electronics,30.0,7.0,2000.0,Home & Furniture,Yes
5954,18-25,Female,5L-10L,Weekly,10000.0,No,3-5,Mobile,Books,20.0,60.0,1000.0,Fashion,No
5955,36-45,Female,5L-10L,Weekly,15000.0,Yes,1-3,Mobile,Electronics,10.0,60.0,1000.0,Home & Furniture,Yes
5956,46-55,Female,<2,Monthly,10000.0,Yes,3-5,Mobile,Fashion,30.0,7.0,500.0,Home & Furniture,Yes
5957,46-55,Female,<2L,Quarterly,10000.0,No,1-3,Mobile,Home & Furniture,20.0,60.0,1000.0,Fashion,No
5958,18-25,Female,>20L,Quarterly,15000.0,Yes,5+,Desktop,Books,10.0,15.0,1000.0,Electronics,Yes
5959,46-55,Male,10-20L,Bi-weekly,15000.0,Yes,3-5,Desktop,Electronics,10.0,15.0,500.0,Fashion,No
5960,36-45,Male,<2L,Quarterly,15000.0,Yes,<1,Desktop,Electronics,15.0,60.0,1000.0,Groceries,Yes
5961,18-25,Male,2-5L,Quarterly,10000.0,Yes,<1,Desktop,Books,15.0,15.0,2000.0,Home & Furniture,No
5962,18-25,Female,5L-10L,Weekly,15000.0,No,3-5,Both,Groceries,40.0,30.0,500.0,Fashion,No
5963,36-45,Male,<2L,Weekly,5000.0,Yes,3-5,Mobile,Books,60.0,30.0,2000.0,Fashion,No
5966,26-35,Male,5-10L,Rarely,5000.0,No,3-5,Mobile,Books,30.0,15.0,500.0,Fashion,No
5967,55+,Male,>20L,Weekly,5000.0,Yes,<1,Mobile,Home & Furniture,40.0,7.0,2000.0,Books,Yes
5968,26-35,Female,5-10L,Weekly,12000.0,Yes,3-5,Desktop,Books,20.0,7.0,1000.0,Fashion,Yes
5969,46-55,Male,5-10L,Bi-weekly,7000.0,Yes,1-3,Mobile,Electronics,15.0,15.0,1000.0,Fashion,Yes
5971,36-45,Male,5L-10L,Weekly,10000.0,Yes,3-5,Desktop,Electronics,50.0,30.0,2000.0,Electronics,No
5972,18-25,Male,2-5L,Weekly,7000.0,Yes,3-5,Mobile,Electronics,60.0,15.0,500.0,Electronics,No
5973,46-55,Male,10-20L,Quarterly,15000.0,Yes,1-3,Mobile,Home & Furniture,20.0,30.0,1000.0,Electronics,No
5974,55+,Male,2-5L,Weekly,7000.0,No,3-5,Desktop,Electronics,30.0,15.0,2000.0,Fashion,No
5975,55+,Female,2-5L,Weekly,10000.0,No,1-3,Mobile,Books,25.0,30.0,1000.0,Books,Yes
5976,55+,Female,10-20L,Monthly,15000.0,No,1-3,Mobile,Groceries,30.0,30.0,2000.0,Home & Furniture,No
5977,55+,Female,<2L,Rarely,5000.0,No,<1,Mobile,Home & Furniture,30.0,60.0,500.0,Fashion,Yes
5978,36-45,Female,10-20L,Quarterly,7000.0,No,3-5,Mobile,Groceries,15.0,30.0,1000.0,Home & Furniture,No
5980,55+,Male,2-5L,Rarely,10000.0,Yes,3-5,Both,Fashion,30.0,60.0,5000.0,Groceries,No
5981,36-45,Male,2-5L,Monthly,12000.0,Yes,1-3,Mobile,Electronics,30.0,60.0,5000.0,Electronics,Yes
5982,46-55,Female,5L-10L,Weekly,3000.0,Yes,1-3,Mobile,Electronics,40.0,60.0,500.0,Home & Furniture,No
5984,36-45,Male,<2,Quarterly,12000.0,No,1-3,Mobile,Home & Furniture,25.0,60.0,2000.0,Fashion,No
5985,55+,Female,5-10L,Monthly,10000.0,No,<1,Desktop,Home & Furniture,30.0,30.0,5000.0,Groceries,Yes
5986,36-45,Male,2-5L,Rarely,7000.0,No,1-3,Both,Electronics,30.0,7.0,1000.0,Home & Furniture,No
5987,18-25,Male,5L-10L,Weekly,5000.0,No,5+,Mobile,Books,40.0,60.0,1000.0,Fashion,No
5988,36-45,Male,10-20L,Weekly,5000.0,No,1-3,Mobile,Home & Furniture,20.0,30.0,5000.0,Fashion,Yes
5990,36-45,Male,5-10L,Weekly,10000.0,Yes,1-3,Mobile,Electronics,20.0,60.0,2000.0,Electronics,Yes
5993,55+,Male,5L-10L,Weekly,10000.0,No,<1,Mobile,Home & Furniture,30.0,15.0,5000.0,Fashion,No
5994,55+,Male,>20L,Monthly,5000.0,No,<1,Mobile,Fashion,30.0,30.0,2000.0,Home & Furniture,Yes
5995,55+,Female,2-5L,Weekly,5000.0,Yes,1-3,Desktop,Electronics,20.0,15.0,500.0,Home & Furniture,Yes
5997,46-55,Female,<2,Weekly,10000.0,No,5+,Mobile,Fashion,30.0,30.0,2000.0,Groceries,No
5998,55+,Male,2-5L,Monthly,12000.0,No,5+,Desktop,Electronics,20.0,60.0,500.0,Electronics,Yes
5999,55+,Male,5L-10L,Monthly,7000.0,No,5+,Mobile,Electronics,40.0,30.0,2000.0,Groceries,Yes
6001,36-45,Male,2-5L,Weekly,15000.0,Yes,3-5,Mobile,Electronics,20.0,7.0,10000.0,Fashion,Yes
6002,18-25,Female,5L-10L,Weekly,5000.0,Yes,<1,Mobile,Electronics,50.0,15.0,1000.0,Fashion,Yes
6003,46-55,Female,5-10L,Weekly,5000.0,Yes,<1,Both,Fashion,30.0,60.0,1000.0,Fashion,Yes
6004,55+,Female,5-10L,Bi-weekly,10000.0,No,1-3,Mobile,Electronics,10.0,7.0,2000.0,Electronics,Yes
6005,18-25,Male,<2L,Weekly,12000.0,Yes,1-3,Mobile,Fashion,30.0,30.0,10000.0,Books,No
6006,36-45,Female,10-20L,Quarterly,7000.0,No,5+,Mobile,Home & Furniture,15.0,30.0,10000.0,Home & Furniture,No
6008,55+,Male,2-5L,Weekly,7000.0,No,1-3,Mobile,Fashion,30.0,15.0,1000.0,Home & Furniture,No
6009,55+,Female,5L-10L,Weekly,15000.0,No,5+,Mobile,Fashion,20.0,30.0,500.0,Home & Furniture,No
6011,55+,Female,5L-10L,Quarterly,10000.0,Yes,3-5,Mobile,Home & Furniture,20.0,60.0,5000.0,Books,Yes
6012,55+,Female,2-5L,Weekly,3000.0,No,<1,Mobile,Books,20.0,30.0,10000.0,Home & Furniture,No
6013,18-25,Male,<2L,Monthly,10000.0,Yes,5+,Mobile,Home & Furniture,20.0,30.0,5000.0,Home & Furniture,No
6014,46-55,Male,2-5L,Quarterly,12000.0,No,1-3,Mobile,Fashion,30.0,7.0,5000.0,Home & Furniture,Yes
6015,18-25,Male,2-5L,Quarterly,5000.0,Yes,3-5,Mobile,Groceries,25.0,30.0,1000.0,Home & Furniture,Yes
6016,18-25,Male,>20L,Rarely,5000.0,No,3-5,Mobile,Electronics,25.0,30.0,5000.0,Home & Furniture,Yes
6017,18-25,Male,<2,Weekly,15000.0,No,1-3,Desktop,Home & Furniture,40.0,30.0,1000.0,Home & Furniture,No
6019,55+,Male,2-5L,Rarely,20000.0,No,5+,Both,Home & Furniture,30.0,30.0,500.0,Home & Furniture,No
6020,55+,Male,5L-10L,Bi-weekly,10000.0,No,<1,Mobile,Electronics,30.0,30.0,5000.0,Electronics,Yes
6022,55+,Male,2-5L,Quarterly,3000.0,No,5+,Mobile,Fashion,40.0,7.0,500.0,Fashion,Yes
6023,55+,Male,5L-10L,Rarely,10000.0,No,1-3,Mobile,Electronics,40.0,7.0,1000.0,Electronics,Yes
6024,55+,Male,5L-10L,Quarterly,15000.0,No,1-3,Desktop,Books,40.0,15.0,1000.0,Groceries,No
6025,55+,Male,2-5L,Weekly,7000.0,Yes,3-5,Mobile,Books,30.0,60.0,500.0,Groceries,Yes
6026,55+,Male,<2,Weekly,7000.0,No,3-5,Desktop,Electronics,60.0,30.0,1000.0,Electronics,Yes
6027,18-25,Male,10-20L,Rarely,15000.0,Yes,3-5,Mobile,Books,30.0,7.0,500.0,Books,Yes
6028,55+,Female,<2,Weekly,10000.0,No,3-5,Mobile,Groceries,25.0,7.0,1000.0,Groceries,No
6030,26-35,Male,<2L,Quarterly,20000.0,No,1-3,Both,Books,30.0,30.0,1000.0,Electronics,Yes
6031,55+,Male,<2,Quarterly,10000.0,No,3-5,Desktop,Books,20.0,7.0,1000.0,Home & Furniture,No
6032,36-45,Male,<2L,Monthly,12000.0,No,5+,Mobile,Fashion,10.0,15.0,1000.0,Books,No
6034,18-25,Male,5-10L,Weekly,15000.0,Yes,3-5,Mobile,Books,50.0,60.0,500.0,Books,Yes
6035,55+,Female,5L-10L,Weekly,7000.0,Yes,3-5,Mobile,Fashion,20.0,7.0,10000.0,Books,No
6036,55+,Male,>20L,Monthly,10000.0,Yes,<1,Mobile,Groceries,25.0,30.0,2000.0,Home & Furniture,Yes
6037,55+,Male,10-20L,Weekly,10000.0,Yes,3-5,Mobile,Fashion,20.0,7.0,2000.0,Fashion,Yes
6039,26-35,Male,5L-10L,Weekly,5000.0,No,3-5,Both,Fashion,10.0,30.0,1000.0,Home & Furniture,Yes
6041,36-45,Male,5L-10L,Bi-weekly,15000.0,No,1-3,Mobile,Electronics,40.0,30.0,1000.0,Electronics,Yes
6043,55+,Male,2-5L,Weekly,10000.0,Yes,1-3,Desktop,Electronics,30.0,7.0,2000.0,Fashion,No
6044,55+,Female,2-5L,Quarterly,5000.0,Yes,1-3,Mobile,Fashion,30.0,60.0,500.0,Books,No
6046,36-45,Female,<2,Weekly,3000.0,No,5+,Desktop,Electronics,25.0,7.0,2000.0,Fashion,No
6047,36-45,Male,<2L,Quarterly,10000.0,Yes,3-5,Mobile,Books,30.0,60.0,1000.0,Books,No
6048,18-25,Female,>20L,Weekly,3000.0,No,1-3,Desktop,Electronics,10.0,7.0,1000.0,Fashion,Yes
6049,26-35,Male,5L-10L,Weekly,10000.0,Yes,3-5,Mobile,Fashion,50.0,15.0,5000.0,Home & Furniture,No
6050,36-45,Male,<2,Quarterly,5000.0,No,5+,Desktop,Electronics,60.0,30.0,1000.0,Groceries,Yes
6051,36-45,Male,>20L,Weekly,3000.0,No,5+,Both,Electronics,30.0,60.0,2000.0,Groceries,No
6052,46-55,Male,>20L,Monthly,10000.0,No,<1,Mobile,Fashion,50.0,7.0,2000.0,Home & Furniture,No
6053,55+,Male,5-10L,Bi-weekly,12000.0,No,5+,Mobile,Fashion,50.0,15.0,2000.0,Fashion,No
6054,26-35,Male,5L-10L,Weekly,5000.0,Yes,<1,Both,Electronics,50.0,60.0,1000.0,Groceries,No
6055,18-25,Female,5L-10L,Quarterly,10000.0,No,<1,Both,Home & Furniture,60.0,30.0,1000.0,Electronics,Yes
6057,18-25,Male,2-5L,Weekly,12000.0,No,<1,Mobile,Fashion,20.0,30.0,1000.0,Electronics,No
6058,46-55,Female,2-5L,Weekly,10000.0,No,1-3,Mobile,Electronics,10.0,7.0,500.0,Fashion,No
6059,55+,Male,5-10L,Rarely,12000.0,Yes,1-3,Mobile,Electronics,25.0,30.0,500.0,Groceries,No
6060,55+,Male,10-20L,Quarterly,10000.0,No,5+,Mobile,Electronics,40.0,7.0,500.0,Fashion,Yes
6061,46-55,Female,<2,Monthly,7000.0,Yes,1-3,Mobile,Electronics,25.0,60.0,1000.0,Home & Furniture,No
6062,36-45,Female,>20L,Monthly,3000.0,No,<1,Mobile,Fashion,30.0,60.0,2000.0,Fashion,Yes
6063,18-25,Male,5-10L,Weekly,20000.0,Yes,1-3,Desktop,Electronics,25.0,7.0,2000.0,Groceries,No
6064,36-45,Male,5-10L,Weekly,15000.0,Yes,3-5,Mobile,Groceries,25.0,30.0,1000.0,Books,No
6065,36-45,Male,<2,Rarely,10000.0,Yes,1-3,Mobile,Electronics,30.0,7.0,1000.0,Electronics,No
6066,55+,Male,5-10L,Weekly,10000.0,No,1-3,Mobile,Electronics,50.0,60.0,10000.0,Home & Furniture,No
6067,36-45,Female,2-5L,Weekly,10000.0,No,5+,Mobile,Groceries,50.0,30.0,1000.0,Fashion,Yes
6068,26-35,Female,10-20L,Weekly,5000.0,Yes,<1,Mobile,Electronics,60.0,15.0,1000.0,Home & Furniture,Yes
6069,26-35,Male,<2L,Monthly,5000.0,No,1-3,Mobile,Home & Furniture,20.0,15.0,2000.0,Fashion,No
6070,55+,Male,5L-10L,Quarterly,5000.0,No,1-3,Desktop,Groceries,30.0,7.0,5000.0,Groceries,No
6071,55+,Male,5-10L,Weekly,12000.0,Yes,1-3,Mobile,Electronics,40.0,30.0,1000.0,Books,Yes
6073,18-25,Female,5L-10L,Weekly,7000.0,No,3-5,Mobile,Home & Furniture,25.0,60.0,1000.0,Fashion,Yes
6074,26-35,Male,5L-10L,Rarely,5000.0,Yes,1-3,Mobile,Groceries,15.0,30.0,2000.0,Home & Furniture,No
6075,55+,Male,<2,Weekly,15000.0,No,3-5,Mobile,Groceries,30.0,60.0,10000.0,Home & Furniture,No
6076,46-55,Male,<2L,Weekly,12000.0,No,5+,Mobile,Electronics,60.0,30.0,1000.0,Books,Yes
6077,46-55,Female,2-5L,Bi-weekly,15000.0,No,3-5,Mobile,Electronics,40.0,7.0,10000.0,Groceries,Yes
6078,36-45,Male,<2L,Weekly,7000.0,No,5+,Mobile,Electronics,30.0,7.0,2000.0,Groceries,No
6079,18-25,Female,5-10L,Monthly,7000.0,Yes,3-5,Mobile,Groceries,30.0,60.0,5000.0,Electronics,No
6080,55+,Male,5-10L,Quarterly,10000.0,Yes,<1,Mobile,Groceries,15.0,30.0,2000.0,Home & Furniture,Yes
6081,26-35,Male,>20L,Rarely,5000.0,No,1-3,Desktop,Fashion,40.0,15.0,2000.0,Fashion,Yes
6082,18-25,Male,5-10L,Weekly,5000.0,No,<1,Desktop,Electronics,30.0,30.0,5000.0,Groceries,Yes
6083,55+,Male,2-5L,Weekly,10000.0,Yes,3-5,Mobile,Home & Furniture,20.0,15.0,1000.0,Groceries,No
6085,18-25,Male,2-5L,Quarterly,7000.0,No,<1,Mobile,Books,20.0,30.0,2000.0,Home & Furniture,Yes
6086,55+,Male,5L-10L,Weekly,10000.0,Yes,1-3,Desktop,Books,25.0,30.0,2000.0,Fashion,Yes
6087,36-45,Male,5-10L,Weekly,7000.0,Yes,<1,Desktop,Electronics,30.0,60.0,2000.0,Books,No
6088,26-35,Female,5-10L,Weekly,10000.0,No,1-3,Mobile,Electronics,60.0,7.0,1000.0,Electronics,Yes
6089,36-45,Female,2-5L,Monthly,10000.0,Yes,1-3,Mobile,Fashion,25.0,30.0,5000.0,Home & Furniture,Yes
6090,55+,Male,5-10L,Rarely,15000.0,Yes,1-3,Desktop,Electronics,30.0,60.0,10000.0,Home & Furniture,No
6091,18-25,Male,5-10L,Quarterly,5000.0,Yes,3-5,Desktop,Home & Furniture,20.0,30.0,1000.0,Home & Furniture,No
6092,55+,Female,<2,Weekly,10000.0,No,3-5,Mobile,Fashion,15.0,7.0,1000.0,Home & Furniture,No
6093,55+,Male,5-10L,Weekly,7000.0,No,<1,Desktop,Electronics,25.0,15.0,1000.0,Fashion,No
6094,46-55,Female,<2L,Weekly,10000.0,No,3-5,Mobile,Home & Furniture,50.0,15.0,1000.0,Electronics,No
6095,55+,Male,2-5L,Quarterly,15000.0,No,3-5,Mobile,Home & Furniture,25.0,30.0,500.0,Electronics,No
6096,36-45,Female,<2,Quarterly,7000.0,Yes,3-5,Desktop,Electronics,30.0,7.0,1000.0,Fashion,No
6097,18-25,Male,>20L,Bi-weekly,15000.0,No,5+,Mobile,Fashion,40.0,30.0,5000.0,Home & Furniture,Yes
6098,46-55,Male,5-10L,Weekly,3000.0,No,1-3,Both,Home & Furniture,30.0,30.0,500.0,Books,No
6102,26-35,Female,>20L,Monthly,10000.0,Yes,<1,Mobile,Fashion,20.0,30.0,500.0,Books,No
6103,55+,Male,5-10L,Quarterly,10000.0,No,5+,Mobile,Fashion,40.0,30.0,1000.0,Home & Furniture,Yes
6104,55+,Male,<2L,Quarterly,20000.0,Yes,1-3,Mobile,Electronics,10.0,30.0,2000.0,Home & Furniture,No
6105,36-45,Male,5-10L,Monthly,5000.0,No,<1,Desktop,Electronics,30.0,15.0,1000.0,Fashion,No
6106,55+,Male,5L-10L,Weekly,10000.0,No,1-3,Mobile,Electronics,25.0,30.0,2000.0,Books,Yes
6107,55+,Male,5L-10L,Quarterly,10000.0,No,3-5,Desktop,Electronics,20.0,30.0,1000.0,Electronics,No
6108,18-25,Male,5-10L,Quarterly,5000.0,Yes,<1,Desktop,Fashion,30.0,60.0,1000.0,Home & Furniture,No
6109,36-45,Female,<2L,Monthly,15000.0,Yes,<1,Mobile,Groceries,30.0,60.0,1000.0,Electronics,Yes
6110,46-55,Female,5-10L,Weekly,12000.0,No,3-5,Desktop,Electronics,25.0,15.0,500.0,Home & Furniture,No
6111,18-25,Male,2-5L,Rarely,10000.0,No,<1,Mobile,Electronics,60.0,7.0,1000.0,Home & Furniture,No
6113,26-35,Male,>20L,Weekly,15000.0,Yes,3-5,Mobile,Electronics,10.0,30.0,5000.0,Home & Furniture,No
6115,36-45,Male,>20L,Quarterly,5000.0,No,3-5,Both,Electronics,30.0,15.0,2000.0,Groceries,No
6117,36-45,Male,<2,Monthly,5000.0,Yes,1-3,Desktop,Electronics,40.0,15.0,2000.0,Home & Furniture,No
6118,18-25,Male,>20L,Quarterly,10000.0,No,3-5,Mobile,Books,40.0,7.0,2000.0,Fashion,Yes
6119,55+,Male,<2,Weekly,20000.0,No,3-5,Mobile,Electronics,50.0,30.0,2000.0,Fashion,Yes
6120,18-25,Male,>20L,Rarely,5000.0,No,1-3,Both,Home & Furniture,15.0,30.0,2000.0,Books,Yes
6121,18-25,Male,<2L,Weekly,5000.0,Yes,3-5,Mobile,Electronics,30.0,7.0,10000.0,Fashion,Yes
6122,36-45,Male,2-5L,Quarterly,15000.0,Yes,1-3,Mobile,Books,40.0,7.0,1000.0,Fashion,Yes
6123,55+,Female,>20L,Quarterly,3000.0,No,<1,Mobile,Home & Furniture,30.0,60.0,2000.0,Books,No
6124,55+,Female,>20L,Quarterly,10000.0,No,3-5,Both,Electronics,50.0,15.0,1000.0,Home & Furniture,Yes
6125,18-25,Male,2-5L,Monthly,5000.0,No,1-3,Mobile,Home & Furniture,50.0,15.0,1000.0,Electronics,No
6126,36-45,Female,5-10L,Quarterly,12000.0,No,3-5,Mobile,Books,30.0,30.0,5000.0,Groceries,Yes
6128,18-25,Male,5-10L,Quarterly,7000.0,Yes,<1,Mobile,Groceries,30.0,30.0,10000.0,Fashion,Yes
6129,46-55,Male,2-5L,Rarely,15000.0,No,<1,Desktop,Home & Furniture,20.0,15.0,1000.0,Groceries,No
6130,18-25,Female,2-5L,Weekly,12000.0,No,1-3,Mobile,Books,20.0,7.0,5000.0,Home & Furniture,Yes
6131,26-35,Male,<2L,Quarterly,10000.0,Yes,1-3,Desktop,Electronics,50.0,15.0,1000.0,Home & Furniture,No
6132,46-55,Male,10-20L,Weekly,5000.0,No,5+,Mobile,Electronics,20.0,30.0,500.0,Electronics,Yes
6133,55+,Male,5L-10L,Weekly,15000.0,Yes,1-3,Mobile,Electronics,20.0,7.0,2000.0,Fashion,No
6134,26-35,Female,10-20L,Weekly,5000.0,Yes,5+,Mobile,Electronics,15.0,60.0,5000.0,Groceries,No
6135,36-45,Female,10-20L,Rarely,10000.0,Yes,<1,Mobile,Groceries,20.0,15.0,2000.0,Books,No
6136,26-35,Male,5-10L,Bi-weekly,5000.0,Yes,3-5,Mobile,Fashion,10.0,30.0,500.0,Fashion,No
6137,55+,Male,2-5L,Quarterly,15000.0,Yes,5+,Mobile,Electronics,15.0,30.0,1000.0,Electronics,Yes
6138,26-35,Female,2-5L,Weekly,15000.0,Yes,1-3,Mobile,Fashion,30.0,15.0,500.0,Electronics,No
6139,26-35,Male,5-10L,Rarely,10000.0,Yes,1-3,Mobile,Electronics,30.0,60.0,10000.0,Books,Yes
6141,26-35,Male,5L-10L,Rarely,3000.0,No,<1,Both,Fashion,20.0,60.0,5000.0,Home & Furniture,Yes
6142,18-25,Male,<2L,Rarely,5000.0,No,3-5,Mobile,Electronics,25.0,30.0,500.0,Books,Yes
6143,18-25,Female,5L-10L,Weekly,10000.0,No,3-5,Mobile,Electronics,20.0,15.0,500.0,Fashion,Yes
6144,46-55,Male,<2,Weekly,5000.0,Yes,<1,Both,Groceries,30.0,7.0,5000.0,Groceries,Yes
6145,55+,Female,>20L,Weekly,5000.0,Yes,<1,Mobile,Books,30.0,7.0,1000.0,Groceries,No
6146,46-55,Male,5-10L,Quarterly,7000.0,No,3-5,Mobile,Electronics,50.0,7.0,2000.0,Electronics,No
6147,55+,Female,10-20L,Rarely,10000.0,No,3-5,Desktop,Home & Furniture,20.0,30.0,2000.0,Home & Furniture,Yes
6148,36-45,Male,<2,Weekly,12000.0,No,1-3,Both,Fashion,50.0,30.0,500.0,Groceries,No
6149,55+,Male,2-5L,Weekly,5000.0,No,1-3,Both,Books,30.0,60.0,1000.0,Home & Furniture,No
6151,55+,Male,5L-10L,Rarely,10000.0,No,3-5,Mobile,Books,20.0,30.0,1000.0,Books,Yes
6152,55+,Male,5L-10L,Bi-weekly,5000.0,No,5+,Mobile,Home & Furniture,25.0,15.0,1000.0,Groceries,No
6153,36-45,Male,>20L,Quarterly,5000.0,Yes,3-5,Mobile,Fashion,10.0,30.0,2000.0,Fashion,Yes
6155,36-45,Female,2-5L,Weekly,5000.0,Yes,3-5,Mobile,Fashion,30.0,30.0,1000.0,Fashion,Yes
6156,18-25,Male,10-20L,Weekly,7000.0,No,3-5,Mobile,Groceries,60.0,30.0,500.0,Fashion,No
6158,18-25,Male,<2,Weekly,10000.0,Yes,1-3,Mobile,Electronics,60.0,7.0,1000.0,Books,No
6159,18-25,Male,10-20L,Quarterly,15000.0,Yes,3-5,Mobile,Home & Furniture,40.0,30.0,500.0,Electronics,No
6160,55+,Male,5L-10L,Quarterly,10000.0,Yes,3-5,Mobile,Books,25.0,30.0,2000.0,Fashion,No
6161,55+,Male,5-10L,Quarterly,5000.0,Yes,1-3,Mobile,Books,30.0,7.0,500.0,Fashion,Yes
6162,46-55,Female,5-10L,Weekly,10000.0,Yes,5+,Desktop,Books,40.0,15.0,500.0,Fashion,No
6163,36-45,Male,>20L,Monthly,10000.0,Yes,1-3,Both,Fashion,40.0,30.0,1000.0,Home & Furniture,No
6164,46-55,Female,5-10L,Quarterly,10000.0,Yes,<1,Mobile,Electronics,40.0,7.0,500.0,Home & Furniture,Yes
6165,55+,Male,<2L,Quarterly,5000.0,No,5+,Mobile,Home & Furniture,15.0,30.0,5000.0,Home & Furniture,No
6166,46-55,Male,>20L,Monthly,12000.0,Yes,<1,Mobile,Groceries,25.0,7.0,1000.0,Electronics,No
6167,46-55,Female,>20L,Weekly,5000.0,Yes,5+,Desktop,Fashion,10.0,7.0,1000.0,Home & Furniture,No
6168,36-45,Male,>20L,Rarely,5000.0,Yes,3-5,Mobile,Books,20.0,15.0,10000.0,Home & Furniture,No
6169,36-45,Male,5-10L,Quarterly,12000.0,No,5+,Desktop,Home & Furniture,40.0,7.0,500.0,Electronics,No
6170,55+,Male,5-10L,Monthly,20000.0,Yes,3-5,Desktop,Books,25.0,15.0,500.0,Books,Yes
6171,55+,Male,<2,Weekly,15000.0,No,<1,Mobile,Fashion,10.0,7.0,5000.0,Home & Furniture,No
6174,36-45,Male,>20L,Weekly,7000.0,No,1-3,Mobile,Fashion,20.0,15.0,2000.0,Home & Furniture,No
6175,36-45,Male,2-5L,Weekly,5000.0,No,1-3,Mobile,Electronics,30.0,60.0,5000.0,Fashion,Yes
6176,55+,Male,2-5L,Weekly,7000.0,No,<1,Mobile,Electronics,50.0,15.0,1000.0,Books,Yes
6177,55+,Female,2-5L,Weekly,12000.0,No,3-5,Mobile,Fashion,20.0,30.0,2000.0,Fashion,No
6178,36-45,Female,5L-10L,Rarely,10000.0,Yes,<1,Mobile,Home & Furniture,20.0,30.0,5000.0,Books,Yes
6179,36-45,Male,10-20L,Quarterly,5000.0,No,1-3,Mobile,Electronics,50.0,30.0,1000.0,Fashion,Yes
6180,36-45,Male,2-5L,Weekly,15000.0,No,3-5,Mobile,Groceries,30.0,15.0,10000.0,Home & Furniture,No
6182,46-55,Female,<2L,Weekly,5000.0,Yes,3-5,Mobile,Fashion,40.0,15.0,1000.0,Fashion,No
6183,55+,Male,>20L,Quarterly,20000.0,Yes,<1,Mobile,Electronics,20.0,15.0,2000.0,Groceries,No
6184,46-55,Male,>20L,Weekly,5000.0,No,3-5,Mobile,Home & Furniture,20.0,7.0,500.0,Electronics,No
6185,26-35,Male,5-10L,Rarely,15000.0,No,3-5,Mobile,Home & Furniture,30.0,30.0,500.0,Electronics,No
6186,55+,Female,<2L,Rarely,5000.0,Yes,<1,Mobile,Electronics,30.0,7.0,500.0,Fashion,No
6187,55+,Male,2-5L,Weekly,5000.0,No,1-3,Mobile,Electronics,30.0,15.0,1000.0,Fashion,No
6188,26-35,Male,5L-10L,Weekly,5000.0,No,3-5,Mobile,Electronics,30.0,15.0,1000.0,Books,No
6190,55+,Female,2-5L,Bi-weekly,7000.0,Yes,3-5,Mobile,Fashion,25.0,15.0,1000.0,Fashion,Yes
6191,55+,Male,10-20L,Bi-weekly,10000.0,No,<1,Mobile,Groceries,25.0,30.0,1000.0,Home & Furniture,No
6192,18-25,Female,2-5L,Weekly,10000.0,Yes,5+,Mobile,Books,40.0,7.0,500.0,Home & Furniture,Yes
6193,26-35,Male,5-10L,Quarterly,7000.0,Yes,1-3,Mobile,Home & Furniture,50.0,30.0,1000.0,Groceries,No
6194,55+,Male,5-10L,Weekly,5000.0,No,<1,Mobile,Fashion,20.0,7.0,5000.0,Electronics,Yes
6195,18-25,Male,<2,Weekly,10000.0,Yes,3-5,Mobile,Groceries,50.0,7.0,2000.0,Electronics,Yes
6197,55+,Male,>20L,Quarterly,3000.0,No,1-3,Both,Home & Furniture,20.0,30.0,10000.0,Groceries,Yes
6198,18-25,Male,5-10L,Weekly,20000.0,No,<1,Mobile,Electronics,30.0,60.0,2000.0,Fashion,No
6199,55+,Male,5-10L,Quarterly,20000.0,Yes,3-5,Both,Electronics,40.0,7.0,5000.0,Fashion,Yes
6201,46-55,Male,>20L,Rarely,5000.0,No,1-3,Desktop,Electronics,40.0,30.0,2000.0,Home & Furniture,Yes
6202,36-45,Male,2-5L,Quarterly,10000.0,Yes,<1,Mobile,Fashion,10.0,30.0,2000.0,Home & Furniture,No
6203,46-55,Female,>20L,Weekly,7000.0,No,3-5,Mobile,Electronics,40.0,60.0,1000.0,Books,Yes
6204,26-35,Male,<2,Weekly,15000.0,No,1-3,Mobile,Fashion,60.0,15.0,2000.0,Fashion,Yes
6205,55+,Male,<2L,Monthly,7000.0,No,1-3,Both,Fashion,25.0,30.0,2000.0,Electronics,Yes
6207,55+,Male,<2L,Rarely,10000.0,No,5+,Desktop,Electronics,30.0,30.0,5000.0,Books,Yes
6208,26-35,Male,5-10L,Weekly,5000.0,Yes,<1,Mobile,Books,15.0,7.0,2000.0,Fashion,No
6209,18-25,Female,5-10L,Weekly,7000.0,Yes,3-5,Mobile,Groceries,30.0,60.0,1000.0,Electronics,Yes
6210,55+,Female,5-10L,Quarterly,10000.0,No,1-3,Mobile,Fashion,10.0,30.0,1000.0,Electronics,No
6211,55+,Male,<2,Bi-weekly,20000.0,No,1-3,Desktop,Groceries,20.0,7.0,2000.0,Fashion,No
6212,55+,Female,>20L,Rarely,5000.0,Yes,5+,Mobile,Home & Furniture,30.0,30.0,1000.0,Home & Furniture,No
6213,36-45,Male,<2L,Monthly,10000.0,No,3-5,Both,Books,20.0,7.0,10000.0,Home & Furniture,Yes
6214,46-55,Female,5L-10L,Weekly,3000.0,No,5+,Mobile,Fashion,30.0,7.0,1000.0,Groceries,No
6215,26-35,Male,2-5L,Weekly,15000.0,Yes,3-5,Mobile,Books,40.0,7.0,5000.0,Electronics,Yes
6216,18-25,Male,5-10L,Weekly,5000.0,Yes,3-5,Mobile,Home & Furniture,30.0,30.0,1000.0,Groceries,Yes
6217,46-55,Male,5L-10L,Weekly,5000.0,No,5+,Mobile,Electronics,50.0,15.0,1000.0,Fashion,Yes
6218,55+,Male,2-5L,Weekly,10000.0,Yes,<1,Mobile,Fashion,20.0,30.0,500.0,Home & Furniture,Yes
6221,36-45,Male,>20L,Rarely,10000.0,No,1-3,Desktop,Books,30.0,60.0,2000.0,Books,Yes
6222,26-35,Male,>20L,Rarely,5000.0,Yes,3-5,Mobile,Groceries,30.0,15.0,10000.0,Home & Furniture,No
6223,46-55,Male,5L-10L,Quarterly,10000.0,No,<1,Both,Fashion,20.0,60.0,1000.0,Groceries,No
6224,18-25,Male,<2,Quarterly,10000.0,No,1-3,Both,Books,20.0,15.0,500.0,Home & Furniture,Yes
6225,46-55,Male,>20L,Weekly,10000.0,No,3-5,Desktop,Electronics,10.0,7.0,500.0,Fashion,No
6227,36-45,Female,5L-10L,Monthly,5000.0,No,3-5,Mobile,Electronics,15.0,60.0,2000.0,Groceries,Yes
6229,36-45,Male,<2L,Quarterly,5000.0,Yes,<1,Mobile,Fashion,20.0,15.0,10000.0,Fashion,No
6230,55+,Male,5-10L,Weekly,5000.0,Yes,<1,Mobile,Groceries,30.0,30.0,10000.0,Fashion,Yes
6231,55+,Female,2-5L,Rarely,12000.0,No,5+,Mobile,Fashion,15.0,7.0,500.0,Fashion,No
6232,36-45,Female,<2,Quarterly,5000.0,Yes,<1,Mobile,Fashion,25.0,30.0,1000.0,Electronics,Yes
6233,55+,Male,<2,Quarterly,3000.0,No,1-3,Mobile,Electronics,30.0,7.0,2000.0,Groceries,No
6234,26-35,Male,5L-10L,Quarterly,5000.0,No,1-3,Mobile,Home & Furniture,30.0,7.0,500.0,Groceries,No
6235,36-45,Male,>20L,Monthly,10000.0,No,5+,Mobile,Fashion,60.0,7.0,1000.0,Electronics,Yes
6237,36-45,Female,5-10L,Rarely,15000.0,No,1-3,Mobile,Fashion,30.0,7.0,1000.0,Books,Yes
6238,46-55,Female,2-5L,Quarterly,12000.0,Yes,3-5,Desktop,Electronics,20.0,15.0,2000.0,Electronics,No
6239,55+,Male,2-5L,Weekly,15000.0,No,5+,Desktop,Electronics,20.0,60.0,2000.0,Home & Furniture,No
6242,26-35,Female,5-10L,Rarely,10000.0,Yes,<1,Desktop,Fashion,30.0,7.0,2000.0,Electronics,No
6243,18-25,Female,5-10L,Quarterly,20000.0,Yes,3-5,Mobile,Fashion,40.0,7.0,1000.0,Books,No
6244,55+,Male,5-10L,Quarterly,3000.0,Yes,5+,Mobile,Electronics,25.0,7.0,5000.0,Electronics,Yes
6245,26-35,Female,<2,Rarely,10000.0,Yes,1-3,Mobile,Books,50.0,60.0,2000.0,Fashion,Yes
6246,18-25,Male,2-5L,Weekly,12000.0,No,<1,Mobile,Electronics,50.0,30.0,500.0,Home & Furniture,Yes
6247,55+,Male,5-10L,Weekly,3000.0,Yes,<1,Mobile,Electronics,20.0,30.0,1000.0,Groceries,Yes
6248,55+,Male,>20L,Weekly,15000.0,Yes,3-5,Mobile,Electronics,20.0,15.0,5000.0,Electronics,No
6250,36-45,Male,2-5L,Bi-weekly,10000.0,No,<1,Mobile,Electronics,30.0,60.0,2000.0,Groceries,No
6252,26-35,Female,2-5L,Weekly,5000.0,Yes,1-3,Mobile,Fashion,30.0,30.0,5000.0,Home & Furniture,Yes
6254,36-45,Male,2-5L,Monthly,3000.0,No,3-5,Mobile,Electronics,30.0,15.0,1000.0,Home & Furniture,No
6255,55+,Male,5-10L,Weekly,3000.0,No,1-3,Mobile,Electronics,50.0,30.0,2000.0,Electronics,Yes
6256,55+,Male,5L-10L,Weekly,10000.0,Yes,1-3,Desktop,Electronics,30.0,30.0,1000.0,Electronics,No
6257,46-55,Male,5-10L,Weekly,12000.0,No,1-3,Mobile,Home & Furniture,60.0,60.0,5000.0,Groceries,No
6258,18-25,Male,>20L,Rarely,10000.0,Yes,1-3,Desktop,Books,25.0,15.0,2000.0,Fashion,No
6259,36-45,Male,<2L,Weekly,10000.0,Yes,3-5,Desktop,Electronics,30.0,60.0,1000.0,Books,Yes
6260,26-35,Female,2-5L,Bi-weekly,12000.0,No,<1,Desktop,Electronics,20.0,60.0,1000.0,Groceries,No
6261,55+,Female,>20L,Rarely,10000.0,Yes,1-3,Mobile,Books,50.0,30.0,1000.0,Books,No
6262,18-25,Male,2-5L,Weekly,15000.0,No,<1,Mobile,Fashion,20.0,30.0,1000.0,Home & Furniture,Yes
6264,55+,Female,<2,Weekly,10000.0,Yes,1-3,Both,Groceries,20.0,15.0,1000.0,Groceries,Yes
6265,36-45,Female,2-5L,Quarterly,15000.0,No,<1,Both,Fashion,60.0,30.0,2000.0,Home & Furniture,No
6266,55+,Male,<2,Rarely,15000.0,No,1-3,Mobile,Electronics,25.0,15.0,2000.0,Fashion,Yes
6267,18-25,Male,5-10L,Quarterly,5000.0,No,1-3,Mobile,Electronics,15.0,30.0,1000.0,Fashion,No
6268,55+,Female,5-10L,Monthly,20000.0,Yes,1-3,Mobile,Groceries,30.0,7.0,1000.0,Fashion,Yes
6269,18-25,Male,5-10L,Monthly,5000.0,No,1-3,Mobile,Fashion,60.0,60.0,500.0,Fashion,Yes
6270,18-25,Male,2-5L,Monthly,3000.0,Yes,<1,Desktop,Groceries,40.0,30.0,1000.0,Electronics,No
6271,36-45,Male,2-5L,Rarely,10000.0,No,3-5,Both,Electronics,30.0,15.0,1000.0,Home & Furniture,No
6272,26-35,Male,5L-10L,Quarterly,20000.0,Yes,5+,Mobile,Groceries,30.0,15.0,500.0,Home & Furniture,Yes
6273,46-55,Male,2-5L,Bi-weekly,20000.0,No,3-5,Desktop,Electronics,30.0,30.0,5000.0,Books,Yes
6274,18-25,Male,2-5L,Quarterly,10000.0,Yes,3-5,Both,Books,25.0,15.0,500.0,Fashion,Yes
6275,18-25,Male,5-10L,Quarterly,10000.0,No,5+,Desktop,Electronics,20.0,60.0,1000.0,Groceries,No
6276,55+,Female,5-10L,Quarterly,10000.0,No,<1,Desktop,Fashion,30.0,30.0,1000.0,Home & Furniture,No
6277,26-35,Male,2-5L,Weekly,5000.0,No,1-3,Mobile,Electronics,15.0,15.0,5000.0,Fashion,No
6279,55+,Male,2-5L,Rarely,5000.0,No,<1,Mobile,Fashion,30.0,60.0,500.0,Home & Furniture,No
6280,18-25,Male,5-10L,Quarterly,10000.0,No,1-3,Desktop,Electronics,25.0,15.0,500.0,Groceries,No
6281,55+,Male,5-10L,Rarely,5000.0,Yes,<1,Both,Electronics,50.0,7.0,2000.0,Home & Furniture,Yes
6282,26-35,Male,<2L,Monthly,5000.0,No,5+,Mobile,Fashion,40.0,30.0,2000.0,Fashion,No
6283,36-45,Female,10-20L,Monthly,10000.0,Yes,1-3,Mobile,Groceries,50.0,30.0,500.0,Home & Furniture,No
6284,55+,Female,5-10L,Quarterly,7000.0,No,<1,Mobile,Electronics,30.0,15.0,1000.0,Fashion,No
6285,55+,Male,<2,Weekly,15000.0,No,3-5,Mobile,Fashion,30.0,30.0,1000.0,Fashion,Yes
6286,46-55,Male,<2L,Quarterly,10000.0,Yes,<1,Mobile,Books,30.0,15.0,1000.0,Electronics,Yes
6287,36-45,Male,<2L,Weekly,10000.0,No,<1,Desktop,Home & Furniture,60.0,30.0,2000.0,Fashion,No
6288,55+,Male,<2,Rarely,12000.0,Yes,3-5,Both,Groceries,30.0,60.0,1000.0,Home & Furniture,No
6289,55+,Male,>20L,Weekly,3000.0,Yes,<1,Mobile,Home & Furniture,40.0,7.0,500.0,Groceries,Yes
6290,55+,Male,10-20L,Weekly,12000.0,No,1-3,Desktop,Electronics,20.0,30.0,5000.0,Fashion,Yes
6291,55+,Male,5-10L,Weekly,10000.0,No,5+,Mobile,Home & Furniture,50.0,7.0,1000.0,Fashion,Yes
6292,55+,Male,>20L,Weekly,5000.0,No,3-5,Mobile,Fashion,40.0,30.0,500.0,Groceries,No
6293,55+,Male,<2L,Weekly,10000.0,No,3-5,Mobile,Electronics,30.0,15.0,5000.0,Home & Furniture,Yes
6294,55+,Male,5L-10L,Quarterly,15000.0,Yes,3-5,Both,Books,15.0,60.0,5000.0,Electronics,Yes
6295,18-25,Male,>20L,Weekly,5000.0,No,1-3,Mobile,Books,30.0,60.0,1000.0,Groceries,No
6298,46-55,Male,<2,Weekly,5000.0,Yes,<1,Mobile,Fashion,60.0,15.0,1000.0,Home & Furniture,No
6299,26-35,Male,5L-10L,Weekly,10000.0,No,<1,Mobile,Electronics,60.0,7.0,1000.0,Books,No
6300,55+,Female,<2,Weekly,12000.0,Yes,<1,Mobile,Fashion,40.0,7.0,1000.0,Fashion,No
6301,26-35,Male,>20L,Quarterly,10000.0,Yes,3-5,Mobile,Electronics,30.0,60.0,500.0,Groceries,Yes
6302,36-45,Male,<2,Weekly,10000.0,No,1-3,Mobile,Electronics,50.0,30.0,1000.0,Books,No
6303,46-55,Male,5-10L,Quarterly,15000.0,Yes,3-5,Both,Electronics,30.0,60.0,2000.0,Fashion,No
6304,26-35,Male,10-20L,Rarely,15000.0,No,3-5,Mobile,Books,20.0,7.0,500.0,Home & Furniture,No
6305,55+,Male,5L-10L,Weekly,12000.0,Yes,3-5,Mobile,Fashion,50.0,30.0,1000.0,Books,No
6306,18-25,Male,<2L,Monthly,12000.0,No,<1,Mobile,Fashion,15.0,15.0,500.0,Groceries,Yes
6307,55+,Male,5-10L,Weekly,10000.0,No,3-5,Mobile,Electronics,30.0,30.0,1000.0,Electronics,Yes
6308,55+,Female,2-5L,Weekly,10000.0,Yes,<1,Mobile,Books,50.0,60.0,5000.0,Home & Furniture,No
6309,36-45,Male,2-5L,Quarterly,10000.0,No,1-3,Mobile,Books,50.0,7.0,1000.0,Groceries,No
6310,55+,Male,2-5L,Weekly,5000.0,No,3-5,Mobile,Fashion,25.0,30.0,500.0,Books,No
6311,18-25,Male,<2L,Weekly,10000.0,No,<1,Mobile,Electronics,25.0,60.0,5000.0,Home & Furniture,Yes
6312,55+,Male,5L-10L,Rarely,5000.0,Yes,1-3,Mobile,Home & Furniture,25.0,7.0,2000.0,Fashion,No
6313,55+,Female,<2L,Rarely,15000.0,Yes,3-5,Mobile,Home & Furniture,40.0,30.0,1000.0,Home & Furniture,No
6314,18-25,Female,2-5L,Monthly,5000.0,No,3-5,Mobile,Electronics,20.0,60.0,10000.0,Groceries,No
6315,55+,Male,10-20L,Weekly,12000.0,Yes,<1,Mobile,Electronics,30.0,15.0,1000.0,Groceries,No
6316,46-55,Female,5L-10L,Weekly,5000.0,Yes,3-5,Mobile,Fashion,20.0,7.0,500.0,Groceries,No
6319,36-45,Male,<2L,Quarterly,7000.0,No,3-5,Mobile,Fashion,15.0,30.0,2000.0,Home & Furniture,No
6320,55+,Male,>20L,Weekly,3000.0,No,<1,Mobile,Electronics,25.0,30.0,1000.0,Books,No
6321,26-35,Male,5-10L,Monthly,10000.0,Yes,5+,Mobile,Home & Furniture,30.0,60.0,1000.0,Fashion,No
6322,36-45,Male,<2L,Weekly,5000.0,No,1-3,Mobile,Home & Furniture,25.0,30.0,2000.0,Home & Furniture,No
6323,55+,Male,<2,Weekly,12000.0,Yes,5+,Desktop,Electronics,20.0,15.0,5000.0,Home & Furniture,Yes
6324,18-25,Female,2-5L,Monthly,12000.0,Yes,3-5,Both,Groceries,30.0,7.0,10000.0,Electronics,Yes
6325,46-55,Male,10-20L,Weekly,10000.0,Yes,1-3,Mobile,Electronics,30.0,30.0,5000.0,Home & Furniture,No
6326,26-35,Male,5L-10L,Weekly,5000.0,No,5+,Mobile,Fashion,25.0,30.0,5000.0,Home & Furniture,Yes
6327,55+,Female,<2L,Weekly,5000.0,Yes,5+,Desktop,Books,10.0,15.0,5000.0,Groceries,No
6328,46-55,Male,5-10L,Weekly,10000.0,No,3-5,Mobile,Fashion,30.0,7.0,2000.0,Electronics,Yes
6329,36-45,Male,5-10L,Weekly,7000.0,No,<1,Desktop,Fashion,30.0,60.0,10000.0,Fashion,No
6332,55+,Male,>20L,Quarterly,10000.0,Yes,3-5,Mobile,Electronics,25.0,30.0,5000.0,Books,Yes
6333,46-55,Male,5-10L,Rarely,10000.0,No,<1,Mobile,Electronics,30.0,7.0,1000.0,Books,Yes
6334,55+,Male,5-10L,Rarely,10000.0,No,3-5,Mobile,Home & Furniture,40.0,60.0,500.0,Electronics,Yes
6335,55+,Male,2-5L,Quarterly,15000.0,No,<1,Mobile,Fashion,10.0,30.0,2000.0,Books,No
6336,36-45,Female,<2L,Weekly,5000.0,No,3-5,Both,Electronics,60.0,30.0,500.0,Electronics,Yes
6337,36-45,Female,>20L,Quarterly,3000.0,Yes,<1,Mobile,Electronics,20.0,7.0,2000.0,Groceries,No
6338,36-45,Male,5-10L,Quarterly,5000.0,No,5+,Mobile,Electronics,15.0,7.0,500.0,Books,No
6339,18-25,Female,>20L,Bi-weekly,5000.0,No,3-5,Mobile,Electronics,30.0,7.0,2000.0,Groceries,Yes
6340,55+,Female,5L-10L,Weekly,10000.0,No,1-3,Mobile,Groceries,30.0,7.0,500.0,Fashion,Yes
6341,55+,Female,>20L,Quarterly,15000.0,Yes,3-5,Mobile,Electronics,30.0,15.0,500.0,Home & Furniture,No
6344,36-45,Male,10-20L,Weekly,3000.0,Yes,3-5,Mobile,Electronics,10.0,60.0,2000.0,Fashion,Yes
6346,46-55,Male,5-10L,Quarterly,5000.0,Yes,5+,Desktop,Groceries,30.0,30.0,1000.0,Home & Furniture,No
6348,55+,Female,2-5L,Weekly,7000.0,No,5+,Both,Electronics,30.0,30.0,500.0,Fashion,Yes
6349,36-45,Male,5L-10L,Weekly,5000.0,No,3-5,Mobile,Electronics,25.0,7.0,2000.0,Electronics,Yes
6350,55+,Male,<2,Weekly,10000.0,Yes,3-5,Mobile,Electronics,15.0,30.0,1000.0,Home & Furniture,Yes
6351,55+,Female,5-10L,Rarely,15000.0,No,1-3,Mobile,Fashion,20.0,7.0,5000.0,Home & Furniture,No
6352,55+,Male,5L-10L,Quarterly,3000.0,No,3-5,Mobile,Electronics,40.0,60.0,1000.0,Electronics,No
6353,55+,Female,<2L,Bi-weekly,5000.0,No,1-3,Desktop,Groceries,50.0,60.0,2000.0,Electronics,No
6354,36-45,Female,>20L,Rarely,10000.0,No,5+,Desktop,Books,30.0,30.0,5000.0,Electronics,No
6355,26-35,Male,2-5L,Quarterly,7000.0,No,<1,Mobile,Electronics,30.0,30.0,1000.0,Electronics,No
6357,36-45,Male,5L-10L,Rarely,10000.0,Yes,<1,Desktop,Books,15.0,60.0,10000.0,Electronics,Yes
6358,55+,Female,5-10L,Rarely,12000.0,No,3-5,Mobile,Groceries,25.0,30.0,1000.0,Electronics,Yes
6359,46-55,Male,2-5L,Quarterly,15000.0,Yes,3-5,Mobile,Home & Furniture,25.0,7.0,2000.0,Fashion,Yes
6360,36-45,Male,10-20L,Rarely,7000.0,No,<1,Both,Electronics,40.0,7.0,5000.0,Home & Furniture,No
6362,46-55,Male,5-10L,Weekly,10000.0,No,1-3,Both,Home & Furniture,20.0,30.0,1000.0,Fashion,No
6363,46-55,Male,5-10L,Bi-weekly,15000.0,No,<1,Desktop,Electronics,30.0,15.0,5000.0,Home & Furniture,Yes
6364,18-25,Male,<2,Quarterly,7000.0,No,<1,Desktop,Electronics,20.0,30.0,1000.0,Fashion,Yes
6365,55+,Female,<2,Monthly,3000.0,Yes,<1,Mobile,Home & Furniture,25.0,15.0,2000.0,Home & Furniture,No
6366,36-45,Male,5-10L,Weekly,10000.0,Yes,<1,Mobile,Electronics,30.0,60.0,2000.0,Fashion,No
6367,36-45,Female,2-5L,Quarterly,20000.0,Yes,3-5,Mobile,Books,15.0,15.0,10000.0,Groceries,Yes
6368,26-35,Female,<2L,Quarterly,20000.0,No,3-5,Mobile,Electronics,20.0,60.0,10000.0,Home & Furniture,No
6369,46-55,Male,<2,Bi-weekly,5000.0,Yes,3-5,Mobile,Groceries,30.0,30.0,2000.0,Electronics,Yes
6370,55+,Male,5-10L,Quarterly,10000.0,Yes,3-5,Both,Electronics,40.0,60.0,2000.0,Home & Furniture,No
6371,55+,Male,>20L,Weekly,15000.0,No,3-5,Mobile,Electronics,30.0,30.0,500.0,Groceries,No
6373,55+,Male,5-10L,Rarely,10000.0,Yes,3-5,Mobile,Fashion,40.0,60.0,1000.0,Fashion,Yes
6374,55+,Male,2-5L,Weekly,20000.0,No,<1,Mobile,Electronics,30.0,7.0,500.0,Fashion,No
6377,26-35,Male,2-5L,Monthly,3000.0,No,3-5,Mobile,Electronics,25.0,30.0,1000.0,Home & Furniture,No
6378,55+,Male,5L-10L,Monthly,7000.0,No,5+,Desktop,Electronics,60.0,30.0,1000.0,Electronics,Yes
6380,36-45,Male,10-20L,Weekly,15000.0,Yes,<1,Both,Groceries,40.0,15.0,5000.0,Fashion,No
6381,55+,Male,10-20L,Quarterly,12000.0,Yes,5+,Desktop,Books,25.0,30.0,5000.0,Fashion,Yes
6382,55+,Male,<2L,Quarterly,3000.0,No,<1,Mobile,Electronics,30.0,15.0,5000.0,Fashion,Yes
6383,46-55,Male,>20L,Monthly,15000.0,No,5+,Mobile,Fashion,40.0,30.0,1000.0,Books,Yes
6384,55+,Male,5-10L,Weekly,3000.0,Yes,1-3,Mobile,Books,20.0,60.0,500.0,Fashion,No
6385,26-35,Male,>20L,Rarely,10000.0,No,<1,Desktop,Fashion,30.0,30.0,1000.0,Groceries,No
6386,55+,Male,2-5L,Weekly,10000.0,No,3-5,Mobile,Fashion,60.0,30.0,2000.0,Books,Yes
6387,26-35,Female,<2L,Weekly,10000.0,No,5+,Mobile,Home & Furniture,30.0,7.0,5000.0,Books,No
6388,18-25,Male,5-10L,Weekly,5000.0,Yes,5+,Mobile,Electronics,50.0,60.0,5000.0,Books,Yes
6389,55+,Male,5L-10L,Weekly,7000.0,No,1-3,Mobile,Groceries,20.0,7.0,5000.0,Books,No
6390,26-35,Male,10-20L,Weekly,15000.0,No,<1,Mobile,Books,40.0,60.0,500.0,Electronics,No
6391,18-25,Female,5-10L,Weekly,10000.0,Yes,1-3,Mobile,Electronics,15.0,30.0,1000.0,Home & Furniture,No
6393,36-45,Male,5L-10L,Weekly,20000.0,No,<1,Mobile,Electronics,30.0,30.0,2000.0,Fashion,Yes
6395,46-55,Male,10-20L,Bi-weekly,5000.0,No,3-5,Mobile,Books,20.0,60.0,10000.0,Home & Furniture,Yes
6396,55+,Female,>20L,Weekly,5000.0,No,1-3,Mobile,Home & Furniture,30.0,15.0,1000.0,Electronics,Yes
6397,55+,Male,2-5L,Monthly,5000.0,No,3-5,Desktop,Fashion,30.0,60.0,5000.0,Groceries,No
6399,46-55,Male,>20L,Quarterly,5000.0,No,<1,Mobile,Home & Furniture,30.0,30.0,1000.0,Fashion,Yes
6400,55+,Male,2-5L,Quarterly,10000.0,Yes,<1,Mobile,Electronics,40.0,60.0,500.0,Home & Furniture,No
6401,26-35,Male,<2,Quarterly,10000.0,No,<1,Mobile,Electronics,50.0,30.0,10000.0,Home & Furniture,Yes
6402,26-35,Male,<2L,Weekly,5000.0,No,5+,Mobile,Electronics,30.0,7.0,2000.0,Electronics,No
6403,18-25,Male,2-5L,Quarterly,10000.0,Yes,5+,Desktop,Electronics,20.0,7.0,2000.0,Fashion,Yes
6404,46-55,Female,>20L,Bi-weekly,7000.0,Yes,3-5,Mobile,Electronics,30.0,30.0,5000.0,Groceries,Yes
6405,26-35,Male,2-5L,Rarely,10000.0,Yes,1-3,Desktop,Electronics,25.0,15.0,1000.0,Home & Furniture,No
6407,55+,Female,5-10L,Quarterly,12000.0,Yes,<1,Desktop,Home & Furniture,30.0,7.0,500.0,Groceries,No
6409,46-55,Female,5L-10L,Rarely,5000.0,Yes,3-5,Mobile,Electronics,25.0,30.0,1000.0,Home & Furniture,No
6410,26-35,Female,10-20L,Quarterly,10000.0,No,<1,Mobile,Electronics,25.0,60.0,1000.0,Home & Furniture,Yes
6411,18-25,Male,>20L,Weekly,12000.0,Yes,3-5,Mobile,Home & Furniture,20.0,7.0,500.0,Home & Furniture,No
6412,55+,Female,<2,Rarely,10000.0,No,1-3,Both,Electronics,30.0,15.0,500.0,Electronics,Yes
6413,36-45,Male,10-20L,Weekly,5000.0,Yes,5+,Mobile,Electronics,20.0,15.0,10000.0,Groceries,No
6416,55+,Male,5-10L,Weekly,7000.0,No,1-3,Mobile,Books,25.0,30.0,500.0,Home & Furniture,No
6417,36-45,Male,>20L,Bi-weekly,15000.0,No,<1,Mobile,Electronics,40.0,30.0,5000.0,Fashion,No
6418,55+,Female,2-5L,Quarterly,5000.0,Yes,1-3,Mobile,Fashion,10.0,7.0,2000.0,Home & Furniture,No
6419,55+,Male,<2L,Quarterly,3000.0,Yes,3-5,Mobile,Electronics,15.0,30.0,1000.0,Books,Yes
6422,46-55,Male,2-5L,Monthly,10000.0,Yes,1-3,Mobile,Electronics,30.0,30.0,1000.0,Fashion,No
6423,46-55,Male,5-10L,Weekly,5000.0,No,1-3,Mobile,Fashion,25.0,30.0,2000.0,Groceries,Yes
6424,55+,Male,>20L,Quarterly,10000.0,Yes,1-3,Desktop,Home & Furniture,20.0,7.0,500.0,Home & Furniture,No
6427,55+,Female,5-10L,Weekly,15000.0,Yes,<1,Mobile,Electronics,25.0,15.0,2000.0,Fashion,Yes
6428,36-45,Male,<2,Weekly,10000.0,No,5+,Desktop,Groceries,10.0,15.0,10000.0,Fashion,Yes
6429,36-45,Female,2-5L,Quarterly,15000.0,No,5+,Desktop,Home & Furniture,30.0,30.0,2000.0,Home & Furniture,Yes
6430,18-25,Female,<2L,Weekly,10000.0,Yes,1-3,Mobile,Books,60.0,7.0,2000.0,Books,Yes
6431,36-45,Male,5L-10L,Weekly,3000.0,Yes,<1,Mobile,Groceries,30.0,15.0,2000.0,Home & Furniture,No
6432,36-45,Female,>20L,Quarterly,20000.0,Yes,3-5,Mobile,Fashion,20.0,30.0,2000.0,Groceries,No
6434,55+,Male,<2L,Quarterly,10000.0,No,<1,Desktop,Electronics,25.0,30.0,500.0,Electronics,No
6435,46-55,Male,5-10L,Weekly,10000.0,Yes,1-3,Mobile,Books,60.0,60.0,2000.0,Groceries,Yes
6436,36-45,Male,5L-10L,Weekly,10000.0,Yes,5+,Mobile,Electronics,20.0,15.0,1000.0,Groceries,No
6437,46-55,Male,<2,Bi-weekly,10000.0,Yes,<1,Mobile,Groceries,60.0,60.0,500.0,Books,Yes
6438,36-45,Male,2-5L,Weekly,10000.0,No,3-5,Both,Books,40.0,60.0,500.0,Fashion,No
6439,55+,Male,2-5L,Weekly,5000.0,No,5+,Desktop,Books,25.0,7.0,1000.0,Books,No
6440,55+,Female,<2,Monthly,3000.0,Yes,1-3,Both,Books,10.0,7.0,1000.0,Fashion,Yes
6441,36-45,Female,<2L,Bi-weekly,5000.0,Yes,1-3,Desktop,Books,25.0,60.0,1000.0,Home & Furniture,No
6442,55+,Female,5-10L,Quarterly,3000.0,No,1-3,Mobile,Books,30.0,60.0,10000.0,Electronics,No
6443,55+,Female,<2,Weekly,3000.0,No,<1,Desktop,Fashion,40.0,7.0,5000.0,Books,Yes
6444,55+,Male,2-5L,Weekly,5000.0,No,5+,Desktop,Electronics,20.0,30.0,1000.0,Home & Furniture,No
6445,26-35,Male,5L-10L,Quarterly,20000.0,No,1-3,Mobile,Fashion,30.0,15.0,1000.0,Home & Furniture,Yes
6447,55+,Male,2-5L,Quarterly,5000.0,Yes,1-3,Mobile,Home & Furniture,25.0,7.0,1000.0,Home & Furniture,Yes
6449,55+,Female,2-5L,Quarterly,15000.0,No,1-3,Mobile,Electronics,50.0,15.0,500.0,Home & Furniture,No
6450,55+,Male,5L-10L,Monthly,10000.0,Yes,3-5,Mobile,Groceries,30.0,15.0,1000.0,Electronics,No
6451,26-35,Male,5-10L,Rarely,15000.0,Yes,3-5,Mobile,Electronics,30.0,7.0,2000.0,Electronics,Yes
6452,26-35,Male,2-5L,Weekly,15000.0,Yes,<1,Mobile,Fashion,60.0,7.0,5000.0,Books,No
6453,36-45,Male,<2L,Monthly,5000.0,No,3-5,Desktop,Groceries,25.0,7.0,2000.0,Groceries,No
6456,55+,Female,<2,Monthly,10000.0,Yes,1-3,Mobile,Groceries,30.0,15.0,1000.0,Fashion,Yes
6457,36-45,Female,>20L,Monthly,15000.0,Yes,<1,Desktop,Electronics,30.0,60.0,2000.0,Fashion,No
6458,55+,Male,<2L,Weekly,5000.0,Yes,<1,Mobile,Fashion,30.0,7.0,1000.0,Fashion,No
6459,46-55,Male,2-5L,Weekly,15000.0,Yes,3-5,Mobile,Electronics,15.0,15.0,2000.0,Electronics,No
6461,26-35,Male,>20L,Rarely,10000.0,No,3-5,Mobile,Fashion,25.0,7.0,2000.0,Groceries,Yes
6462,55+,Male,>20L,Rarely,10000.0,No,<1,Mobile,Electronics,30.0,30.0,2000.0,Electronics,No
6463,55+,Male,10-20L,Bi-weekly,10000.0,No,5+,Desktop,Fashion,20.0,30.0,5000.0,Fashion,Yes
6465,46-55,Male,>20L,Weekly,12000.0,No,5+,Both,Fashion,30.0,7.0,1000.0,Electronics,No
6467,26-35,Female,5-10L,Weekly,3000.0,No,3-5,Both,Electronics,30.0,30.0,500.0,Books,Yes
6469,55+,Male,>20L,Rarely,10000.0,No,<1,Both,Electronics,30.0,30.0,2000.0,Home & Furniture,Yes
6470,55+,Male,5-10L,Bi-weekly,15000.0,No,1-3,Mobile,Fashion,60.0,30.0,500.0,Electronics,Yes
6472,46-55,Male,2-5L,Bi-weekly,3000.0,No,3-5,Mobile,Fashion,20.0,30.0,2000.0,Home & Furniture,Yes
6474,46-55,Male,10-20L,Quarterly,12000.0,No,<1,Mobile,Electronics,40.0,60.0,1000.0,Fashion,Yes
6475,18-25,Male,<2L,Weekly,10000.0,No,3-5,Mobile,Books,15.0,30.0,1000.0,Fashion,Yes
6476,18-25,Female,5-10L,Monthly,5000.0,No,1-3,Mobile,Home & Furniture,30.0,60.0,10000.0,Groceries,Yes
6477,55+,Male,>20L,Weekly,10000.0,Yes,3-5,Mobile,Home & Furniture,20.0,30.0,5000.0,Home & Furniture,Yes
6478,36-45,Male,>20L,Quarterly,10000.0,No,5+,Mobile,Home & Furniture,50.0,30.0,500.0,Fashion,No
6479,55+,Male,2-5L,Rarely,10000.0,No,3-5,Mobile,Books,40.0,15.0,1000.0,Fashion,No
6480,36-45,Male,5-10L,Weekly,7000.0,No,<1,Desktop,Electronics,30.0,30.0,1000.0,Books,No
6481,55+,Male,2-5L,Rarely,10000.0,No,<1,Mobile,Books,30.0,15.0,1000.0,Fashion,No
6482,36-45,Male,2-5L,Quarterly,3000.0,Yes,5+,Mobile,Home & Furniture,30.0,30.0,2000.0,Groceries,No
6483,55+,Male,<2,Weekly,3000.0,Yes,1-3,Mobile,Electronics,10.0,30.0,1000.0,Fashion,Yes
6484,55+,Female,2-5L,Weekly,10000.0,No,3-5,Mobile,Electronics,30.0,7.0,5000.0,Home & Furniture,Yes
6486,55+,Male,5-10L,Weekly,5000.0,Yes,1-3,Desktop,Electronics,60.0,15.0,5000.0,Groceries,No
6487,26-35,Female,<2,Weekly,5000.0,Yes,5+,Mobile,Home & Furniture,30.0,30.0,500.0,Fashion,No
6488,46-55,Female,<2L,Monthly,10000.0,Yes,<1,Mobile,Electronics,20.0,15.0,2000.0,Fashion,Yes
6490,55+,Male,5L-10L,Monthly,15000.0,No,1-3,Mobile,Electronics,10.0,30.0,2000.0,Fashion,Yes
6492,46-55,Female,5-10L,Quarterly,5000.0,No,3-5,Mobile,Electronics,40.0,30.0,5000.0,Groceries,No
6494,26-35,Female,10-20L,Rarely,3000.0,No,<1,Mobile,Groceries,25.0,30.0,2000.0,Home & Furniture,No
6496,18-25,Male,2-5L,Bi-weekly,3000.0,Yes,<1,Mobile,Electronics,40.0,15.0,2000.0,Home & Furniture,No
6497,36-45,Male,5-10L,Quarterly,10000.0,No,<1,Mobile,Fashion,40.0,7.0,500.0,Electronics,Yes
6498,36-45,Male,5-10L,Weekly,10000.0,Yes,<1,Both,Home & Furniture,30.0,15.0,2000.0,Groceries,Yes
6500,46-55,Female,5-10L,Monthly,10000.0,No,3-5,Mobile,Electronics,30.0,30.0,1000.0,Home & Furniture,No
6501,55+,Male,5L-10L,Weekly,3000.0,Yes,3-5,Mobile,Home & Furniture,30.0,30.0,500.0,Electronics,Yes
6502,36-45,Female,<2L,Weekly,5000.0,No,3-5,Mobile,Fashion,40.0,30.0,1000.0,Home & Furniture,No
6505,55+,Male,5L-10L,Weekly,10000.0,No,1-3,Mobile,Electronics,40.0,60.0,10000.0,Groceries,No
6506,18-25,Male,5-10L,Bi-weekly,10000.0,Yes,1-3,Mobile,Fashion,25.0,7.0,5000.0,Books,No
6507,55+,Male,2-5L,Weekly,20000.0,No,1-3,Mobile,Electronics,25.0,30.0,1000.0,Home & Furniture,No
6508,18-25,Female,10-20L,Weekly,7000.0,Yes,3-5,Mobile,Fashion,40.0,30.0,2000.0,Electronics,No
6509,46-55,Male,10-20L,Bi-weekly,7000.0,No,<1,Both,Electronics,25.0,30.0,500.0,Books,Yes
6510,46-55,Male,>20L,Weekly,3000.0,Yes,1-3,Both,Electronics,40.0,30.0,500.0,Home & Furniture,No
6511,55+,Male,>20L,Quarterly,12000.0,Yes,<1,Mobile,Electronics,60.0,60.0,5000.0,Fashion,Yes
6512,55+,Male,5-10L,Weekly,3000.0,Yes,3-5,Mobile,Fashion,30.0,30.0,5000.0,Fashion,No
6513,26-35,Male,<2L,Rarely,5000.0,No,3-5,Desktop,Electronics,30.0,7.0,1000.0,Electronics,No
6514,55+,Male,5-10L,Weekly,3000.0,No,<1,Both,Electronics,30.0,60.0,2000.0,Fashion,No
6515,18-25,Male,5-10L,Weekly,5000.0,No,3-5,Mobile,Electronics,30.0,15.0,1000.0,Fashion,Yes
6516,36-45,Female,>20L,Weekly,7000.0,Yes,5+,Desktop,Fashion,30.0,7.0,2000.0,Fashion,No
6517,55+,Male,5L-10L,Quarterly,10000.0,No,3-5,Mobile,Fashion,50.0,15.0,500.0,Books,Yes
6518,46-55,Male,10-20L,Weekly,7000.0,Yes,5+,Mobile,Fashion,15.0,60.0,2000.0,Books,No
6519,26-35,Male,10-20L,Rarely,10000.0,Yes,3-5,Mobile,Groceries,40.0,30.0,10000.0,Home & Furniture,No
6520,26-35,Male,5L-10L,Monthly,10000.0,Yes,3-5,Mobile,Fashion,20.0,7.0,500.0,Groceries,Yes
6522,36-45,Female,5-10L,Monthly,5000.0,No,3-5,Both,Books,30.0,60.0,1000.0,Fashion,Yes
6523,18-25,Female,>20L,Quarterly,10000.0,No,5+,Both,Home & Furniture,25.0,15.0,1000.0,Fashion,Yes
6524,26-35,Female,2-5L,Weekly,10000.0,Yes,1-3,Mobile,Electronics,25.0,30.0,1000.0,Fashion,No
6526,55+,Male,2-5L,Weekly,5000.0,No,3-5,Mobile,Home & Furniture,25.0,7.0,500.0,Fashion,No
6527,55+,Male,5L-10L,Rarely,5000.0,No,3-5,Desktop,Electronics,30.0,60.0,1000.0,Fashion,No
6528,18-25,Female,2-5L,Weekly,15000.0,Yes,3-5,Mobile,Electronics,25.0,7.0,500.0,Fashion,No
6530,18-25,Male,<2,Bi-weekly,10000.0,Yes,<1,Mobile,Electronics,20.0,30.0,2000.0,Fashion,No
6531,26-35,Male,<2L,Monthly,15000.0,Yes,1-3,Mobile,Electronics,10.0,30.0,10000.0,Home & Furniture,No
6532,55+,Male,2-5L,Bi-weekly,5000.0,No,3-5,Mobile,Fashion,50.0,30.0,1000.0,Home & Furniture,Yes
6533,55+,Female,<2L,Quarterly,10000.0,No,1-3,Mobile,Electronics,50.0,15.0,500.0,Books,Yes
6534,18-25,Male,<2L,Quarterly,10000.0,Yes,5+,Mobile,Fashion,60.0,30.0,5000.0,Electronics,No
6535,36-45,Male,5-10L,Rarely,7000.0,No,<1,Mobile,Books,15.0,30.0,1000.0,Electronics,No
6536,26-35,Male,>20L,Weekly,12000.0,Yes,3-5,Desktop,Home & Furniture,15.0,30.0,1000.0,Electronics,Yes
6537,18-25,Male,10-20L,Weekly,7000.0,Yes,5+,Mobile,Electronics,20.0,60.0,2000.0,Home & Furniture,No
6539,46-55,Male,>20L,Rarely,5000.0,No,1-3,Mobile,Electronics,30.0,60.0,2000.0,Electronics,No
6540,55+,Female,2-5L,Weekly,3000.0,Yes,1-3,Desktop,Books,40.0,7.0,1000.0,Books,Yes
6541,55+,Male,>20L,Weekly,5000.0,No,1-3,Both,Electronics,30.0,60.0,500.0,Home & Furniture,Yes
6543,55+,Male,2-5L,Quarterly,5000.0,No,3-5,Mobile,Electronics,20.0,60.0,5000.0,Fashion,No
6544,46-55,Male,5L-10L,Quarterly,3000.0,Yes,3-5,Desktop,Fashion,40.0,15.0,500.0,Electronics,Yes
6545,26-35,Male,5L-10L,Rarely,7000.0,Yes,3-5,Mobile,Electronics,20.0,30.0,1000.0,Fashion,No
6547,18-25,Male,<2,Quarterly,10000.0,No,3-5,Desktop,Electronics,30.0,30.0,1000.0,Home & Furniture,Yes
6548,46-55,Male,10-20L,Weekly,5000.0,Yes,3-5,Mobile,Electronics,40.0,60.0,5000.0,Home & Furniture,Yes
6549,55+,Male,10-20L,Quarterly,3000.0,Yes,3-5,Mobile,Books,30.0,30.0,1000.0,Fashion,No
6550,26-35,Male,<2L,Rarely,10000.0,No,1-3,Both,Groceries,30.0,15.0,500.0,Groceries,Yes
6551,55+,Female,5-10L,Quarterly,5000.0,Yes,<1,Mobile,Books,20.0,15.0,500.0,Electronics,No
6552,26-35,Male,5-10L,Weekly,5000.0,No,5+,Mobile,Fashion,30.0,30.0,1000.0,Home & Furniture,No
6553,55+,Male,2-5L,Monthly,7000.0,No,1-3,Mobile,Home & Furniture,20.0,7.0,10000.0,Fashion,Yes
6554,18-25,Male,<2L,Weekly,5000.0,Yes,5+,Mobile,Electronics,10.0,30.0,500.0,Fashion,Yes
6555,26-35,Male,5-10L,Quarterly,5000.0,Yes,3-5,Mobile,Electronics,30.0,7.0,5000.0,Groceries,Yes
6556,36-45,Female,<2,Quarterly,15000.0,No,3-5,Mobile,Electronics,60.0,7.0,1000.0,Books,Yes
6557,55+,Male,<2,Quarterly,10000.0,No,1-3,Mobile,Home & Furniture,25.0,60.0,2000.0,Groceries,Yes
6558,18-25,Female,5-10L,Weekly,20000.0,No,1-3,Mobile,Home & Furniture,30.0,30.0,1000.0,Fashion,Yes
6559,55+,Female,5L-10L,Monthly,10000.0,Yes,<1,Desktop,Groceries,30.0,7.0,1000.0,Home & Furniture,No
6560,26-35,Male,5-10L,Quarterly,10000.0,No,5+,Both,Books,20.0,60.0,2000.0,Electronics,No
6561,55+,Male,2-5L,Weekly,10000.0,Yes,<1,Mobile,Fashion,50.0,7.0,2000.0,Books,Yes
6562,36-45,Male,5L-10L,Monthly,15000.0,Yes,5+,Mobile,Electronics,30.0,15.0,2000.0,Groceries,Yes
6563,18-25,Female,5-10L,Weekly,15000.0,Yes,3-5,Desktop,Electronics,20.0,30.0,1000.0,Fashion,No
6565,55+,Male,10-20L,Bi-weekly,5000.0,Yes,<1,Both,Home & Furniture,15.0,30.0,5000.0,Fashion,Yes
6566,55+,Male,10-20L,Quarterly,10000.0,No,3-5,Desktop,Electronics,30.0,30.0,500.0,Fashion,No
6567,46-55,Female,5L-10L,Weekly,5000.0,No,3-5,Mobile,Electronics,30.0,7.0,1000.0,Home & Furniture,No
6568,36-45,Female,5-10L,Quarterly,3000.0,Yes,<1,Mobile,Electronics,10.0,30.0,1000.0,Books,No
6570,55+,Male,2-5L,Weekly,5000.0,No,<1,Mobile,Books,25.0,7.0,2000.0,Electronics,No
6571,55+,Female,5-10L,Quarterly,7000.0,No,5+,Mobile,Groceries,30.0,15.0,10000.0,Fashion,No
6572,46-55,Female,5-10L,Bi-weekly,20000.0,No,5+,Desktop,Electronics,25.0,7.0,500.0,Home & Furniture,No
6573,55+,Male,5-10L,Quarterly,10000.0,No,<1,Desktop,Fashion,15.0,7.0,1000.0,Books,No
6574,46-55,Male,5-10L,Monthly,10000.0,No,<1,Mobile,Fashion,50.0,15.0,2000.0,Home & Furniture,Yes
6576,46-55,Male,>20L,Quarterly,5000.0,Yes,1-3,Desktop,Electronics,60.0,15.0,5000.0,Fashion,No
6577,36-45,Male,5-10L,Rarely,10000.0,Yes,5+,Mobile,Fashion,30.0,30.0,1000.0,Fashion,No
6578,55+,Male,5-10L,Quarterly,10000.0,Yes,1-3,Desktop,Electronics,25.0,30.0,1000.0,Books,No
6579,55+,Male,2-5L,Rarely,5000.0,Yes,<1,Mobile,Fashion,30.0,7.0,1000.0,Fashion,No
6580,55+,Male,10-20L,Rarely,7000.0,No,1-3,Both,Groceries,30.0,7.0,5000.0,Electronics,No
6581,55+,Male,<2L,Weekly,10000.0,No,3-5,Mobile,Home & Furniture,10.0,7.0,500.0,Fashion,Yes
6582,46-55,Male,<2L,Monthly,12000.0,No,<1,Mobile,Home & Furniture,20.0,30.0,5000.0,Books,No
6585,36-45,Male,<2L,Rarely,10000.0,No,1-3,Mobile,Electronics,30.0,60.0,10000.0,Fashion,No
6586,26-35,Male,>20L,Quarterly,15000.0,Yes,3-5,Desktop,Books,30.0,30.0,5000.0,Home & Furniture,Yes
6587,18-25,Male,<2L,Bi-weekly,12000.0,Yes,<1,Desktop,Electronics,30.0,30.0,500.0,Groceries,No
6588,55+,Female,5L-10L,Monthly,5000.0,No,<1,Mobile,Groceries,60.0,60.0,5000.0,Fashion,No
6589,55+,Female,10-20L,Bi-weekly,10000.0,No,3-5,Both,Fashion,10.0,15.0,500.0,Groceries,Yes
6591,26-35,Male,>20L,Weekly,5000.0,No,3-5,Both,Home & Furniture,30.0,7.0,1000.0,Home & Furniture,No
6592,55+,Male,5-10L,Weekly,12000.0,Yes,3-5,Mobile,Electronics,15.0,30.0,5000.0,Home & Furniture,No
6593,36-45,Female,5-10L,Weekly,10000.0,No,<1,Mobile,Home & Furniture,60.0,7.0,500.0,Home & Furniture,Yes
6594,55+,Female,5-10L,Quarterly,7000.0,Yes,<1,Mobile,Fashion,40.0,7.0,5000.0,Home & Furniture,No
6595,55+,Male,2-5L,Quarterly,10000.0,Yes,5+,Both,Books,25.0,60.0,500.0,Electronics,Yes
6596,36-45,Male,2-5L,Weekly,10000.0,No,<1,Mobile,Electronics,10.0,30.0,2000.0,Fashion,No
6597,26-35,Male,<2L,Quarterly,5000.0,No,3-5,Mobile,Books,30.0,30.0,5000.0,Home & Furniture,No
6598,26-35,Male,>20L,Rarely,12000.0,Yes,<1,Mobile,Fashion,50.0,60.0,1000.0,Electronics,No
6599,55+,Male,<2L,Weekly,10000.0,Yes,<1,Mobile,Electronics,50.0,30.0,5000.0,Home & Furniture,Yes
6601,18-25,Male,5-10L,Weekly,3000.0,No,1-3,Mobile,Home & Furniture,30.0,60.0,1000.0,Fashion,No
6602,18-25,Male,5-10L,Weekly,12000.0,Yes,3-5,Mobile,Home & Furniture,30.0,60.0,5000.0,Home & Furniture,No
6603,26-35,Male,<2L,Weekly,5000.0,No,<1,Desktop,Books,40.0,60.0,1000.0,Home & Furniture,No
6604,26-35,Male,>20L,Quarterly,12000.0,No,3-5,Desktop,Electronics,40.0,30.0,2000.0,Electronics,No
6605,55+,Female,>20L,Weekly,15000.0,No,3-5,Mobile,Groceries,25.0,7.0,5000.0,Books,No
6606,18-25,Male,5L-10L,Weekly,10000.0,Yes,<1,Mobile,Home & Furniture,30.0,15.0,2000.0,Home & Furniture,Yes
6608,26-35,Female,<2L,Weekly,5000.0,No,<1,Both,Home & Furniture,10.0,30.0,500.0,Books,No
6609,18-25,Male,10-20L,Weekly,20000.0,No,3-5,Mobile,Electronics,30.0,7.0,1000.0,Groceries,Yes
6610,18-25,Male,5-10L,Monthly,5000.0,Yes,3-5,Mobile,Groceries,40.0,60.0,1000.0,Home & Furniture,No
6611,55+,Male,<2L,Quarterly,3000.0,No,3-5,Mobile,Electronics,30.0,30.0,2000.0,Groceries,Yes
6612,26-35,Male,5-10L,Quarterly,3000.0,No,1-3,Mobile,Fashion,50.0,7.0,5000.0,Groceries,Yes
6613,46-55,Female,2-5L,Quarterly,12000.0,No,1-3,Mobile,Electronics,50.0,60.0,500.0,Fashion,No
6614,18-25,Male,5-10L,Quarterly,15000.0,No,<1,Mobile,Electronics,60.0,7.0,10000.0,Home & Furniture,Yes
6615,55+,Male,<2L,Weekly,12000.0,Yes,3-5,Mobile,Home & Furniture,50.0,15.0,500.0,Fashion,No
6618,55+,Female,<2L,Weekly,15000.0,No,5+,Desktop,Electronics,20.0,60.0,5000.0,Fashion,No
6620,26-35,Male,5L-10L,Monthly,5000.0,Yes,5+,Both,Books,20.0,30.0,1000.0,Books,Yes
6621,55+,Male,2-5L,Quarterly,20000.0,No,5+,Mobile,Electronics,20.0,7.0,500.0,Home & Furniture,Yes
6622,26-35,Female,5-10L,Quarterly,20000.0,Yes,3-5,Both,Electronics,50.0,15.0,1000.0,Groceries,Yes
6623,18-25,Male,2-5L,Weekly,10000.0,No,5+,Mobile,Home & Furniture,50.0,60.0,1000.0,Books,No
6624,36-45,Male,<2,Rarely,10000.0,No,1-3,Mobile,Books,20.0,30.0,500.0,Books,No
6625,55+,Male,10-20L,Rarely,20000.0,No,3-5,Mobile,Books,25.0,15.0,1000.0,Fashion,Yes
6626,55+,Female,5-10L,Weekly,12000.0,No,1-3,Desktop,Books,15.0,30.0,1000.0,Fashion,Yes
6627,55+,Male,>20L,Bi-weekly,5000.0,No,<1,Mobile,Fashion,20.0,60.0,1000.0,Home & Furniture,No
6628,55+,Male,>20L,Weekly,20000.0,No,3-5,Mobile,Electronics,25.0,30.0,1000.0,Electronics,No
6629,26-35,Female,2-5L,Bi-weekly,10000.0,No,3-5,Mobile,Fashion,15.0,7.0,2000.0,Books,No
6630,55+,Male,2-5L,Bi-weekly,12000.0,No,1-3,Desktop,Electronics,15.0,15.0,2000.0,Groceries,No
6631,55+,Male,<2L,Weekly,7000.0,No,<1,Desktop,Fashion,25.0,30.0,10000.0,Home & Furniture,Yes
6632,18-25,Male,2-5L,Quarterly,3000.0,No,3-5,Desktop,Home & Furniture,50.0,30.0,1000.0,Fashion,No
6634,46-55,Male,<2,Quarterly,5000.0,No,<1,Mobile,Fashion,20.0,7.0,10000.0,Home & Furniture,No
6635,55+,Male,<2L,Monthly,7000.0,Yes,1-3,Desktop,Books,60.0,30.0,1000.0,Groceries,Yes
6636,26-35,Male,2-5L,Bi-weekly,10000.0,Yes,5+,Mobile,Books,10.0,30.0,2000.0,Groceries,Yes
6637,18-25,Male,10-20L,Quarterly,7000.0,Yes,3-5,Mobile,Fashion,20.0,7.0,5000.0,Fashion,Yes
6638,55+,Female,5L-10L,Quarterly,5000.0,Yes,1-3,Mobile,Electronics,30.0,7.0,500.0,Electronics,No
6639,55+,Male,10-20L,Monthly,5000.0,No,<1,Mobile,Fashion,60.0,60.0,1000.0,Home & Furniture,Yes
6640,36-45,Male,>20L,Rarely,12000.0,No,5+,Mobile,Books,50.0,7.0,2000.0,Fashion,Yes
6641,18-25,Male,2-5L,Weekly,12000.0,Yes,3-5,Mobile,Groceries,40.0,30.0,5000.0,Fashion,Yes
6642,55+,Male,5-10L,Weekly,5000.0,No,1-3,Both,Fashion,25.0,15.0,2000.0,Home & Furniture,Yes
6643,26-35,Male,10-20L,Quarterly,5000.0,Yes,1-3,Mobile,Home & Furniture,50.0,60.0,500.0,Books,Yes
6644,36-45,Male,5L-10L,Weekly,5000.0,No,1-3,Mobile,Home & Furniture,10.0,30.0,1000.0,Fashion,No
6645,46-55,Male,<2,Quarterly,10000.0,Yes,<1,Desktop,Books,10.0,60.0,1000.0,Home & Furniture,No
6646,18-25,Male,>20L,Quarterly,12000.0,Yes,3-5,Mobile,Electronics,40.0,15.0,1000.0,Electronics,Yes
6647,55+,Male,2-5L,Quarterly,12000.0,No,1-3,Mobile,Electronics,20.0,7.0,500.0,Home & Furniture,No
6649,55+,Male,5-10L,Weekly,12000.0,No,5+,Mobile,Books,30.0,60.0,5000.0,Fashion,Yes
6650,36-45,Female,>20L,Quarterly,10000.0,No,<1,Mobile,Fashion,15.0,15.0,500.0,Electronics,Yes
6651,46-55,Male,<2L,Monthly,5000.0,No,<1,Desktop,Electronics,60.0,60.0,1000.0,Home & Furniture,No
6652,55+,Male,<2,Quarterly,5000.0,No,3-5,Mobile,Electronics,20.0,7.0,500.0,Groceries,Yes
6653,46-55,Male,>20L,Rarely,5000.0,No,3-5,Mobile,Electronics,20.0,15.0,1000.0,Groceries,Yes
6654,46-55,Female,<2,Weekly,5000.0,Yes,5+,Mobile,Electronics,15.0,7.0,1000.0,Home & Furniture,No
6655,46-55,Male,5-10L,Monthly,5000.0,Yes,3-5,Mobile,Electronics,60.0,7.0,500.0,Home & Furniture,Yes
6656,36-45,Female,2-5L,Quarterly,3000.0,Yes,1-3,Desktop,Groceries,40.0,30.0,5000.0,Groceries,No
6657,46-55,Female,5-10L,Weekly,5000.0,Yes,5+,Mobile,Electronics,50.0,30.0,1000.0,Fashion,Yes
6659,55+,Female,2-5L,Quarterly,10000.0,Yes,3-5,Mobile,Groceries,30.0,15.0,1000.0,Electronics,Yes
6660,36-45,Female,2-5L,Weekly,7000.0,No,<1,Mobile,Fashion,40.0,30.0,5000.0,Fashion,No
6662,55+,Male,>20L,Weekly,10000.0,Yes,3-5,Mobile,Fashion,30.0,15.0,1000.0,Home & Furniture,No
6663,18-25,Female,5-10L,Quarterly,20000.0,Yes,<1,Mobile,Groceries,20.0,60.0,5000.0,Electronics,No
6664,55+,Male,<2,Quarterly,5000.0,No,<1,Mobile,Books,15.0,30.0,1000.0,Home & Furniture,No
6665,26-35,Male,5-10L,Monthly,15000.0,Yes,3-5,Desktop,Home & Furniture,20.0,60.0,500.0,Home & Furniture,No
6666,55+,Female,2-5L,Quarterly,20000.0,Yes,1-3,Mobile,Groceries,10.0,60.0,2000.0,Electronics,No
6667,55+,Male,5-10L,Monthly,12000.0,No,<1,Mobile,Home & Furniture,15.0,30.0,1000.0,Electronics,Yes
6668,55+,Male,5-10L,Quarterly,10000.0,Yes,1-3,Desktop,Groceries,30.0,60.0,500.0,Groceries,Yes
6669,26-35,Male,<2L,Rarely,5000.0,No,1-3,Mobile,Books,30.0,30.0,500.0,Electronics,No
6670,55+,Female,5L-10L,Weekly,3000.0,Yes,<1,Mobile,Electronics,15.0,7.0,5000.0,Electronics,Yes
6671,36-45,Female,5-10L,Quarterly,12000.0,No,3-5,Mobile,Books,10.0,7.0,5000.0,Fashion,No
6673,46-55,Female,5-10L,Bi-weekly,10000.0,Yes,3-5,Mobile,Groceries,10.0,30.0,10000.0,Fashion,Yes
6674,36-45,Male,5-10L,Weekly,3000.0,No,3-5,Mobile,Electronics,30.0,60.0,500.0,Fashion,No
6676,18-25,Male,<2L,Rarely,7000.0,Yes,5+,Mobile,Books,20.0,30.0,5000.0,Home & Furniture,No
6677,55+,Male,<2,Weekly,20000.0,No,<1,Mobile,Electronics,60.0,7.0,1000.0,Books,Yes
6679,18-25,Male,<2L,Quarterly,5000.0,No,<1,Mobile,Groceries,60.0,30.0,500.0,Groceries,No
6680,36-45,Male,5-10L,Quarterly,10000.0,No,<1,Mobile,Home & Furniture,60.0,30.0,5000.0,Fashion,Yes
6681,46-55,Female,<2,Weekly,10000.0,No,<1,Both,Fashion,10.0,30.0,1000.0,Groceries,Yes
6682,55+,Male,<2,Weekly,5000.0,No,<1,Desktop,Fashion,20.0,30.0,5000.0,Fashion,No
6683,46-55,Female,>20L,Weekly,3000.0,No,3-5,Mobile,Books,20.0,60.0,500.0,Groceries,No
6684,55+,Male,<2L,Monthly,10000.0,Yes,3-5,Mobile,Electronics,20.0,30.0,1000.0,Home & Furniture,Yes
6685,26-35,Female,>20L,Weekly,5000.0,No,1-3,Mobile,Fashion,30.0,30.0,2000.0,Home & Furniture,No
6686,36-45,Male,2-5L,Quarterly,3000.0,No,1-3,Mobile,Groceries,50.0,7.0,2000.0,Fashion,No
6687,55+,Female,<2L,Bi-weekly,10000.0,Yes,3-5,Mobile,Home & Furniture,50.0,30.0,2000.0,Home & Furniture,No
6688,55+,Male,2-5L,Quarterly,12000.0,No,3-5,Mobile,Electronics,20.0,30.0,1000.0,Home & Furniture,No
6689,46-55,Male,2-5L,Rarely,10000.0,No,1-3,Desktop,Home & Furniture,25.0,7.0,1000.0,Fashion,Yes
6690,36-45,Male,>20L,Weekly,10000.0,No,3-5,Desktop,Groceries,50.0,60.0,1000.0,Electronics,Yes
6691,36-45,Male,<2L,Quarterly,10000.0,No,<1,Mobile,Fashion,40.0,7.0,500.0,Fashion,Yes
6692,55+,Male,5L-10L,Weekly,12000.0,Yes,<1,Desktop,Books,50.0,30.0,5000.0,Books,No
6693,55+,Male,<2L,Bi-weekly,10000.0,No,1-3,Mobile,Fashion,15.0,30.0,2000.0,Groceries,Yes
6694,55+,Male,<2,Bi-weekly,10000.0,Yes,1-3,Mobile,Home & Furniture,15.0,30.0,1000.0,Home & Furniture,No
6695,36-45,Female,2-5L,Bi-weekly,10000.0,No,3-5,Mobile,Fashion,40.0,30.0,500.0,Electronics,No
6696,26-35,Male,<2L,Weekly,5000.0,Yes,3-5,Mobile,Electronics,30.0,30.0,2000.0,Electronics,Yes
6697,36-45,Male,5-10L,Quarterly,5000.0,No,3-5,Mobile,Electronics,50.0,30.0,2000.0,Fashion,Yes
6700,46-55,Male,5-10L,Monthly,10000.0,No,<1,Mobile,Groceries,30.0,7.0,500.0,Groceries,No
6701,26-35,Male,5L-10L,Quarterly,3000.0,No,5+,Mobile,Books,50.0,60.0,2000.0,Home & Furniture,Yes
6702,46-55,Male,>20L,Weekly,5000.0,Yes,<1,Mobile,Home & Furniture,25.0,30.0,10000.0,Home & Furniture,Yes
6704,18-25,Male,>20L,Bi-weekly,5000.0,No,3-5,Both,Groceries,40.0,30.0,5000.0,Home & Furniture,No
6706,55+,Female,<2L,Rarely,5000.0,Yes,<1,Mobile,Groceries,25.0,15.0,1000.0,Fashion,No
6707,26-35,Male,5-10L,Rarely,10000.0,Yes,<1,Mobile,Electronics,50.0,30.0,500.0,Electronics,Yes
6708,46-55,Female,10-20L,Rarely,10000.0,Yes,<1,Desktop,Fashion,40.0,15.0,1000.0,Books,No
6709,46-55,Male,<2L,Quarterly,3000.0,No,3-5,Both,Home & Furniture,30.0,7.0,2000.0,Fashion,No
6710,18-25,Male,>20L,Rarely,5000.0,Yes,1-3,Mobile,Electronics,30.0,60.0,500.0,Home & Furniture,Yes
6711,18-25,Male,<2L,Quarterly,10000.0,No,3-5,Desktop,Fashion,15.0,60.0,2000.0,Books,No
6712,55+,Female,2-5L,Monthly,5000.0,No,<1,Desktop,Fashion,30.0,30.0,2000.0,Books,Yes
6713,36-45,Male,<2,Bi-weekly,5000.0,No,3-5,Mobile,Electronics,20.0,30.0,1000.0,Groceries,Yes
6714,46-55,Male,>20L,Weekly,5000.0,No,<1,Mobile,Electronics,20.0,30.0,2000.0,Fashion,No
6715,46-55,Female,5L-10L,Weekly,10000.0,No,<1,Mobile,Books,25.0,7.0,5000.0,Groceries,No
6717,55+,Male,<2,Weekly,5000.0,Yes,1-3,Mobile,Electronics,30.0,30.0,1000.0,Electronics,Yes
6719,46-55,Male,10-20L,Monthly,5000.0,No,3-5,Mobile,Electronics,30.0,30.0,1000.0,Books,No
6720,36-45,Female,<2,Quarterly,15000.0,Yes,<1,Mobile,Groceries,20.0,15.0,5000.0,Groceries,No
6721,36-45,Male,<2,Monthly,10000.0,Yes,<1,Mobile,Electronics,20.0,30.0,1000.0,Home & Furniture,No
6722,36-45,Male,>20L,Weekly,5000.0,No,3-5,Mobile,Groceries,60.0,15.0,1000.0,Electronics,Yes
6723,36-45,Male,5-10L,Quarterly,5000.0,No,1-3,Mobile,Books,25.0,30.0,5000.0,Home & Furniture,No
6724,18-25,Female,<2L,Weekly,15000.0,Yes,3-5,Mobile,Electronics,30.0,7.0,500.0,Home & Furniture,Yes
6726,36-45,Male,5-10L,Weekly,5000.0,No,5+,Desktop,Books,30.0,7.0,1000.0,Groceries,No
6727,18-25,Female,<2,Weekly,5000.0,No,3-5,Mobile,Electronics,60.0,60.0,1000.0,Groceries,No
6728,26-35,Male,5-10L,Quarterly,20000.0,Yes,1-3,Mobile,Electronics,40.0,15.0,500.0,Electronics,No
6729,55+,Female,<2L,Weekly,20000.0,Yes,<1,Mobile,Electronics,40.0,15.0,2000.0,Fashion,No
6731,55+,Male,5L-10L,Monthly,5000.0,No,<1,Desktop,Groceries,60.0,30.0,2000.0,Electronics,No
6732,46-55,Female,2-5L,Rarely,5000.0,No,3-5,Mobile,Fashion,40.0,60.0,1000.0,Books,No
6733,55+,Female,5-10L,Quarterly,3000.0,Yes,5+,Both,Fashion,40.0,60.0,2000.0,Home & Furniture,No
6735,55+,Male,>20L,Weekly,20000.0,Yes,1-3,Mobile,Books,20.0,7.0,2000.0,Electronics,No
6736,55+,Female,5-10L,Rarely,10000.0,No,1-3,Both,Home & Furniture,30.0,30.0,5000.0,Books,No
6737,18-25,Male,<2L,Weekly,5000.0,Yes,3-5,Desktop,Electronics,20.0,60.0,1000.0,Fashion,No
6738,46-55,Male,5L-10L,Monthly,12000.0,No,1-3,Mobile,Books,20.0,30.0,10000.0,Groceries,Yes
6739,55+,Male,<2,Weekly,3000.0,No,3-5,Mobile,Home & Furniture,15.0,15.0,2000.0,Groceries,No
6740,36-45,Female,5-10L,Weekly,10000.0,Yes,3-5,Desktop,Groceries,30.0,15.0,2000.0,Electronics,No
6741,46-55,Female,2-5L,Quarterly,5000.0,Yes,<1,Mobile,Electronics,40.0,15.0,5000.0,Home & Furniture,Yes
6742,36-45,Female,<2L,Rarely,7000.0,Yes,<1,Both,Electronics,25.0,15.0,500.0,Electronics,No
6743,18-25,Male,<2L,Weekly,5000.0,No,5+,Desktop,Fashion,30.0,15.0,5000.0,Electronics,Yes
6744,18-25,Female,10-20L,Bi-weekly,10000.0,No,1-3,Desktop,Electronics,30.0,7.0,5000.0,Electronics,No
6745,18-25,Male,5-10L,Weekly,15000.0,No,1-3,Mobile,Electronics,25.0,30.0,500.0,Home & Furniture,No
6746,18-25,Male,>20L,Bi-weekly,15000.0,No,<1,Both,Fashion,20.0,15.0,1000.0,Home & Furniture,No
6747,46-55,Male,10-20L,Weekly,10000.0,Yes,<1,Mobile,Electronics,15.0,7.0,500.0,Electronics,No
6750,55+,Male,>20L,Monthly,7000.0,Yes,1-3,Mobile,Fashion,20.0,60.0,500.0,Groceries,Yes
6751,18-25,Male,<2,Weekly,5000.0,No,3-5,Desktop,Electronics,20.0,30.0,10000.0,Electronics,No
6752,26-35,Male,5-10L,Weekly,10000.0,No,1-3,Mobile,Books,25.0,60.0,2000.0,Groceries,No
6753,55+,Male,5L-10L,Weekly,7000.0,Yes,1-3,Mobile,Electronics,20.0,15.0,1000.0,Home & Furniture,No
6754,55+,Male,5L-10L,Quarterly,10000.0,No,3-5,Desktop,Fashion,25.0,15.0,2000.0,Groceries,Yes
6755,55+,Male,5-10L,Monthly,12000.0,Yes,3-5,Both,Electronics,20.0,30.0,10000.0,Groceries,Yes
6756,18-25,Male,<2,Weekly,7000.0,No,1-3,Mobile,Fashion,30.0,7.0,500.0,Groceries,Yes
6757,55+,Male,5-10L,Rarely,7000.0,No,5+,Mobile,Home & Furniture,50.0,60.0,5000.0,Electronics,No
6758,55+,Male,2-5L,Weekly,10000.0,No,<1,Mobile,Electronics,30.0,30.0,2000.0,Home & Furniture,Yes
6759,36-45,Female,>20L,Quarterly,20000.0,No,1-3,Mobile,Home & Furniture,50.0,7.0,1000.0,Groceries,Yes
6760,26-35,Female,<2L,Bi-weekly,5000.0,Yes,3-5,Mobile,Fashion,60.0,7.0,1000.0,Groceries,No
6761,18-25,Male,2-5L,Weekly,7000.0,Yes,3-5,Mobile,Fashion,30.0,30.0,1000.0,Electronics,No
6762,46-55,Male,2-5L,Bi-weekly,15000.0,No,3-5,Both,Electronics,15.0,30.0,5000.0,Groceries,No
6763,55+,Male,5-10L,Weekly,10000.0,Yes,3-5,Mobile,Electronics,25.0,60.0,1000.0,Books,No
6764,55+,Female,2-5L,Weekly,10000.0,No,3-5,Mobile,Fashion,20.0,15.0,5000.0,Fashion,No
6765,36-45,Male,5-10L,Rarely,7000.0,No,3-5,Mobile,Electronics,10.0,30.0,2000.0,Groceries,Yes
6766,46-55,Female,5-10L,Quarterly,15000.0,Yes,1-3,Mobile,Home & Furniture,15.0,7.0,500.0,Fashion,Yes
6767,55+,Female,5L-10L,Quarterly,15000.0,No,<1,Desktop,Books,40.0,30.0,2000.0,Groceries,No
6768,36-45,Male,2-5L,Quarterly,7000.0,No,<1,Mobile,Electronics,50.0,15.0,2000.0,Electronics,Yes
6769,55+,Male,5L-10L,Weekly,3000.0,No,<1,Both,Electronics,30.0,60.0,1000.0,Home & Furniture,No
6770,36-45,Male,2-5L,Weekly,10000.0,No,<1,Mobile,Home & Furniture,25.0,60.0,500.0,Home & Furniture,Yes
6772,46-55,Male,5-10L,Rarely,5000.0,No,1-3,Both,Books,25.0,30.0,5000.0,Fashion,No
6773,36-45,Male,5-10L,Quarterly,7000.0,No,3-5,Mobile,Books,20.0,7.0,5000.0,Groceries,No
6774,55+,Male,<2L,Weekly,7000.0,Yes,5+,Mobile,Electronics,60.0,30.0,1000.0,Fashion,Yes
6775,55+,Female,2-5L,Quarterly,15000.0,No,<1,Mobile,Electronics,50.0,30.0,5000.0,Fashion,No
6776,36-45,Male,2-5L,Monthly,3000.0,No,3-5,Mobile,Electronics,15.0,7.0,5000.0,Groceries,No
6777,36-45,Male,>20L,Weekly,5000.0,No,3-5,Mobile,Electronics,30.0,7.0,1000.0,Home & Furniture,Yes
6778,46-55,Female,<2,Weekly,10000.0,Yes,3-5,Mobile,Electronics,25.0,15.0,5000.0,Electronics,No
6780,55+,Male,5-10L,Weekly,5000.0,Yes,5+,Mobile,Electronics,30.0,60.0,1000.0,Fashion,No
6781,36-45,Male,2-5L,Weekly,5000.0,No,3-5,Mobile,Fashion,20.0,30.0,1000.0,Fashion,Yes
6782,36-45,Male,<2L,Weekly,5000.0,No,<1,Desktop,Groceries,25.0,7.0,1000.0,Fashion,No
6784,18-25,Female,5-10L,Quarterly,10000.0,Yes,1-3,Mobile,Electronics,40.0,30.0,2000.0,Home & Furniture,No
6785,46-55,Male,2-5L,Quarterly,10000.0,No,1-3,Both,Fashion,10.0,60.0,1000.0,Home & Furniture,No
6786,55+,Male,>20L,Bi-weekly,20000.0,Yes,3-5,Mobile,Groceries,30.0,60.0,1000.0,Fashion,No
6787,36-45,Female,10-20L,Weekly,5000.0,No,3-5,Mobile,Fashion,20.0,30.0,1000.0,Fashion,No
6789,55+,Female,<2,Rarely,12000.0,No,1-3,Mobile,Fashion,20.0,7.0,10000.0,Home & Furniture,No
6790,55+,Male,<2,Weekly,10000.0,No,1-3,Desktop,Electronics,60.0,60.0,1000.0,Home & Furniture,No
6791,36-45,Male,2-5L,Quarterly,20000.0,No,1-3,Mobile,Fashion,30.0,30.0,500.0,Fashion,No
6795,46-55,Male,2-5L,Quarterly,5000.0,No,5+,Mobile,Books,30.0,15.0,500.0,Home & Furniture,No
6796,46-55,Male,2-5L,Weekly,5000.0,No,<1,Mobile,Fashion,30.0,60.0,2000.0,Home & Furniture,No
6797,55+,Male,2-5L,Bi-weekly,10000.0,No,5+,Mobile,Electronics,20.0,30.0,5000.0,Electronics,Yes
6798,26-35,Male,<2,Quarterly,5000.0,Yes,1-3,Desktop,Fashion,20.0,60.0,10000.0,Fashion,Yes
6800,18-25,Male,5L-10L,Bi-weekly,3000.0,Yes,5+,Mobile,Electronics,25.0,15.0,500.0,Groceries,Yes
6801,55+,Male,>20L,Monthly,5000.0,Yes,1-3,Both,Fashion,30.0,30.0,2000.0,Books,Yes
6802,46-55,Female,2-5L,Weekly,5000.0,Yes,3-5,Both,Fashion,60.0,7.0,1000.0,Groceries,Yes
6803,36-45,Male,5-10L,Quarterly,10000.0,Yes,<1,Mobile,Electronics,30.0,7.0,2000.0,Home & Furniture,Yes
6804,36-45,Male,<2,Rarely,10000.0,Yes,<1,Both,Electronics,30.0,30.0,1000.0,Home & Furniture,No
6807,46-55,Male,<2L,Quarterly,5000.0,No,3-5,Mobile,Electronics,25.0,7.0,500.0,Electronics,No
6808,55+,Male,<2,Monthly,5000.0,Yes,<1,Mobile,Home & Furniture,50.0,7.0,10000.0,Fashion,Yes
6809,36-45,Male,5-10L,Weekly,10000.0,No,1-3,Desktop,Electronics,30.0,15.0,5000.0,Groceries,No
6810,55+,Male,<2L,Weekly,10000.0,Yes,3-5,Desktop,Fashion,20.0,60.0,2000.0,Fashion,Yes
6811,26-35,Male,5-10L,Monthly,10000.0,Yes,3-5,Mobile,Books,15.0,15.0,1000.0,Home & Furniture,No
6812,26-35,Male,<2,Rarely,10000.0,No,1-3,Mobile,Books,30.0,30.0,5000.0,Home & Furniture,Yes
6813,36-45,Female,<2,Bi-weekly,7000.0,No,1-3,Mobile,Electronics,60.0,15.0,500.0,Fashion,Yes
6815,36-45,Female,5-10L,Weekly,10000.0,No,3-5,Desktop,Groceries,50.0,15.0,5000.0,Fashion,Yes
6816,26-35,Male,<2L,Rarely,15000.0,No,<1,Both,Electronics,25.0,30.0,1000.0,Home & Furniture,No
6817,46-55,Male,5-10L,Weekly,10000.0,No,5+,Desktop,Fashion,30.0,15.0,500.0,Groceries,No
6818,26-35,Male,>20L,Weekly,12000.0,Yes,3-5,Mobile,Electronics,30.0,7.0,2000.0,Home & Furniture,Yes
6819,18-25,Male,10-20L,Quarterly,10000.0,No,5+,Desktop,Fashion,30.0,15.0,5000.0,Groceries,No
6820,55+,Female,5-10L,Rarely,15000.0,No,5+,Mobile,Fashion,30.0,7.0,1000.0,Home & Furniture,No
6821,46-55,Male,<2L,Weekly,15000.0,No,1-3,Mobile,Electronics,15.0,60.0,5000.0,Home & Furniture,Yes
6822,55+,Female,5-10L,Weekly,5000.0,Yes,5+,Mobile,Books,50.0,30.0,2000.0,Fashion,No
6823,36-45,Male,>20L,Weekly,5000.0,Yes,<1,Mobile,Electronics,40.0,60.0,1000.0,Fashion,Yes
6824,18-25,Male,>20L,Rarely,15000.0,Yes,<1,Desktop,Fashion,15.0,60.0,1000.0,Books,Yes
6825,46-55,Male,>20L,Weekly,10000.0,Yes,1-3,Mobile,Electronics,15.0,30.0,2000.0,Home & Furniture,Yes
6826,46-55,Male,<2L,Weekly,7000.0,No,3-5,Both,Groceries,40.0,15.0,1000.0,Home & Furniture,No
6827,18-25,Male,10-20L,Quarterly,10000.0,Yes,3-5,Desktop,Groceries,30.0,7.0,2000.0,Electronics,Yes
6828,55+,Female,5L-10L,Monthly,5000.0,Yes,5+,Mobile,Books,30.0,15.0,10000.0,Fashion,No
6829,46-55,Male,10-20L,Monthly,12000.0,No,3-5,Mobile,Fashion,50.0,30.0,1000.0,Home & Furniture,No
6830,55+,Male,5-10L,Rarely,10000.0,Yes,3-5,Mobile,Books,25.0,15.0,2000.0,Electronics,Yes
6831,36-45,Female,10-20L,Rarely,15000.0,No,3-5,Mobile,Books,20.0,60.0,500.0,Home & Furniture,Yes
6832,46-55,Male,5-10L,Quarterly,10000.0,No,3-5,Mobile,Electronics,60.0,60.0,500.0,Books,No
6834,55+,Male,>20L,Quarterly,20000.0,No,5+,Mobile,Fashion,20.0,30.0,5000.0,Home & Furniture,No
6835,36-45,Female,2-5L,Weekly,7000.0,Yes,3-5,Mobile,Books,25.0,60.0,1000.0,Groceries,No
6836,26-35,Male,<2,Weekly,12000.0,No,5+,Desktop,Fashion,30.0,30.0,1000.0,Fashion,No
6837,18-25,Female,5-10L,Quarterly,5000.0,No,1-3,Both,Books,20.0,15.0,500.0,Home & Furniture,No
6838,55+,Male,>20L,Bi-weekly,7000.0,No,1-3,Mobile,Electronics,30.0,60.0,2000.0,Home & Furniture,Yes
6839,55+,Female,2-5L,Rarely,12000.0,Yes,3-5,Both,Electronics,20.0,30.0,10000.0,Home & Furniture,Yes
6840,55+,Male,5-10L,Monthly,10000.0,No,3-5,Mobile,Fashion,25.0,15.0,1000.0,Electronics,No
6841,55+,Male,5L-10L,Rarely,20000.0,Yes,1-3,Desktop,Electronics,60.0,15.0,1000.0,Home & Furniture,No
6843,55+,Female,2-5L,Weekly,5000.0,No,3-5,Mobile,Electronics,30.0,15.0,10000.0,Electronics,No
6845,46-55,Male,5L-10L,Rarely,15000.0,No,<1,Mobile,Fashion,40.0,15.0,1000.0,Home & Furniture,No
6846,18-25,Female,>20L,Quarterly,20000.0,Yes,1-3,Mobile,Books,30.0,15.0,1000.0,Groceries,Yes
6848,36-45,Male,10-20L,Rarely,10000.0,Yes,3-5,Mobile,Electronics,50.0,30.0,2000.0,Electronics,No
6849,26-35,Male,2-5L,Quarterly,12000.0,Yes,<1,Desktop,Books,10.0,30.0,1000.0,Electronics,No
6850,55+,Male,5-10L,Quarterly,10000.0,No,3-5,Mobile,Fashion,10.0,30.0,5000.0,Electronics,Yes
6851,55+,Male,5-10L,Bi-weekly,5000.0,No,1-3,Desktop,Fashion,25.0,60.0,10000.0,Home & Furniture,Yes
6852,36-45,Male,5-10L,Rarely,15000.0,No,3-5,Mobile,Electronics,20.0,30.0,500.0,Home & Furniture,No
6853,55+,Male,10-20L,Weekly,5000.0,Yes,<1,Both,Books,40.0,7.0,500.0,Groceries,No
6855,18-25,Female,>20L,Bi-weekly,5000.0,Yes,<1,Both,Electronics,30.0,7.0,1000.0,Electronics,No
6856,36-45,Male,<2,Bi-weekly,5000.0,No,1-3,Mobile,Books,60.0,30.0,1000.0,Home & Furniture,No
6857,26-35,Female,5L-10L,Weekly,12000.0,Yes,<1,Mobile,Electronics,40.0,15.0,1000.0,Home & Furniture,Yes
6858,36-45,Male,<2L,Weekly,7000.0,Yes,3-5,Mobile,Electronics,15.0,30.0,1000.0,Home & Furniture,Yes
6860,18-25,Male,10-20L,Quarterly,10000.0,No,<1,Desktop,Home & Furniture,50.0,7.0,500.0,Electronics,Yes
6861,26-35,Male,5-10L,Rarely,10000.0,No,<1,Mobile,Electronics,20.0,15.0,10000.0,Home & Furniture,No
6862,55+,Male,5-10L,Weekly,5000.0,Yes,1-3,Mobile,Fashion,30.0,30.0,500.0,Home & Furniture,No
6864,36-45,Male,<2,Rarely,5000.0,Yes,<1,Desktop,Home & Furniture,15.0,15.0,5000.0,Home & Furniture,Yes
6865,46-55,Male,5-10L,Quarterly,20000.0,Yes,1-3,Mobile,Fashion,20.0,7.0,2000.0,Fashion,Yes
6866,36-45,Male,5-10L,Quarterly,3000.0,Yes,3-5,Mobile,Groceries,40.0,15.0,1000.0,Books,Yes
6867,46-55,Female,<2,Weekly,10000.0,No,1-3,Both,Groceries,10.0,15.0,5000.0,Fashion,Yes
6869,46-55,Male,5L-10L,Bi-weekly,5000.0,No,1-3,Mobile,Fashion,30.0,60.0,500.0,Fashion,No
6870,55+,Male,5L-10L,Weekly,15000.0,Yes,3-5,Both,Fashion,30.0,60.0,1000.0,Electronics,Yes
6872,46-55,Male,<2L,Weekly,5000.0,Yes,<1,Mobile,Fashion,20.0,30.0,10000.0,Electronics,No
6874,36-45,Female,5-10L,Weekly,5000.0,Yes,1-3,Mobile,Fashion,30.0,15.0,5000.0,Home & Furniture,No
6875,55+,Male,>20L,Quarterly,3000.0,Yes,<1,Mobile,Home & Furniture,40.0,7.0,500.0,Fashion,No
6876,36-45,Female,5-10L,Quarterly,3000.0,No,1-3,Desktop,Electronics,60.0,30.0,2000.0,Fashion,No
6877,18-25,Male,5L-10L,Rarely,5000.0,Yes,1-3,Mobile,Fashion,20.0,30.0,5000.0,Books,Yes
6880,18-25,Male,5L-10L,Weekly,10000.0,No,<1,Mobile,Groceries,20.0,7.0,2000.0,Groceries,No
6881,18-25,Male,<2L,Rarely,10000.0,Yes,1-3,Mobile,Fashion,30.0,30.0,1000.0,Electronics,Yes
6882,55+,Male,5-10L,Weekly,7000.0,Yes,<1,Desktop,Fashion,20.0,7.0,1000.0,Fashion,Yes
6883,36-45,Male,2-5L,Weekly,5000.0,No,3-5,Mobile,Home & Furniture,40.0,60.0,1000.0,Groceries,No
6884,55+,Male,5L-10L,Weekly,20000.0,No,5+,Both,Electronics,50.0,30.0,500.0,Groceries,No
6885,55+,Male,5-10L,Rarely,5000.0,No,3-5,Mobile,Fashion,25.0,30.0,10000.0,Electronics,No
6886,55+,Female,<2L,Weekly,5000.0,No,1-3,Both,Electronics,40.0,15.0,1000.0,Fashion,No
6887,36-45,Male,<2L,Bi-weekly,20000.0,Yes,<1,Mobile,Groceries,20.0,30.0,1000.0,Home & Furniture,Yes
6888,26-35,Female,<2L,Rarely,7000.0,Yes,<1,Both,Home & Furniture,20.0,30.0,500.0,Groceries,Yes
6890,46-55,Male,>20L,Weekly,10000.0,No,1-3,Mobile,Electronics,20.0,30.0,2000.0,Home & Furniture,No
6891,46-55,Male,5L-10L,Weekly,10000.0,No,1-3,Mobile,Books,40.0,15.0,500.0,Groceries,Yes
6892,36-45,Female,>20L,Weekly,5000.0,No,1-3,Desktop,Home & Furniture,15.0,30.0,2000.0,Home & Furniture,No
6893,18-25,Female,5-10L,Weekly,10000.0,No,1-3,Mobile,Fashion,40.0,30.0,1000.0,Home & Furniture,No
6895,18-25,Male,<2,Rarely,20000.0,No,3-5,Mobile,Books,25.0,30.0,500.0,Fashion,Yes
6896,18-25,Female,>20L,Weekly,10000.0,Yes,5+,Mobile,Electronics,30.0,15.0,1000.0,Electronics,Yes
6897,55+,Male,<2,Quarterly,5000.0,No,1-3,Mobile,Fashion,30.0,30.0,5000.0,Electronics,Yes
6898,55+,Male,2-5L,Rarely,10000.0,Yes,5+,Mobile,Groceries,30.0,60.0,500.0,Electronics,Yes
6899,46-55,Male,<2L,Bi-weekly,20000.0,Yes,1-3,Mobile,Electronics,50.0,15.0,5000.0,Groceries,No
6900,55+,Male,5L-10L,Quarterly,10000.0,No,1-3,Mobile,Electronics,60.0,7.0,5000.0,Electronics,No
6901,36-45,Female,>20L,Weekly,5000.0,Yes,1-3,Mobile,Home & Furniture,40.0,30.0,1000.0,Electronics,Yes
6902,46-55,Female,<2L,Quarterly,20000.0,No,5+,Desktop,Groceries,40.0,60.0,5000.0,Home & Furniture,Yes
6903,55+,Female,<2L,Bi-weekly,15000.0,Yes,1-3,Mobile,Groceries,60.0,30.0,1000.0,Fashion,No
6904,36-45,Male,<2,Weekly,5000.0,Yes,<1,Desktop,Fashion,30.0,7.0,2000.0,Groceries,No
6905,36-45,Male,2-5L,Quarterly,10000.0,Yes,3-5,Mobile,Electronics,30.0,7.0,500.0,Home & Furniture,No
6906,55+,Male,<2L,Weekly,15000.0,Yes,<1,Desktop,Books,15.0,15.0,1000.0,Fashion,No
6907,55+,Male,5-10L,Weekly,5000.0,Yes,3-5,Both,Groceries,30.0,15.0,500.0,Groceries,No
6908,55+,Male,2-5L,Weekly,15000.0,Yes,3-5,Both,Electronics,25.0,60.0,2000.0,Fashion,No
6910,36-45,Male,>20L,Weekly,5000.0,Yes,3-5,Mobile,Books,40.0,15.0,1000.0,Fashion,Yes
6911,55+,Male,5-10L,Rarely,20000.0,No,<1,Both,Books,30.0,30.0,5000.0,Electronics,No
6912,46-55,Male,<2,Monthly,20000.0,No,1-3,Desktop,Fashion,20.0,60.0,2000.0,Home & Furniture,No
6913,46-55,Male,<2L,Weekly,3000.0,Yes,3-5,Both,Books,25.0,60.0,500.0,Fashion,No
6914,55+,Male,5-10L,Weekly,15000.0,No,1-3,Desktop,Fashion,30.0,30.0,1000.0,Home & Furniture,No
6915,55+,Male,2-5L,Quarterly,10000.0,No,5+,Desktop,Home & Furniture,30.0,7.0,1000.0,Home & Furniture,Yes
6916,55+,Male,<2L,Weekly,15000.0,Yes,<1,Mobile,Electronics,25.0,30.0,500.0,Books,Yes
6917,36-45,Male,>20L,Quarterly,7000.0,No,3-5,Mobile,Electronics,30.0,60.0,500.0,Groceries,Yes
6918,55+,Female,<2,Weekly,20000.0,Yes,1-3,Mobile,Electronics,30.0,7.0,10000.0,Fashion,Yes
6919,26-35,Male,>20L,Weekly,12000.0,No,1-3,Desktop,Books,25.0,15.0,2000.0,Electronics,No
6920,46-55,Female,5L-10L,Rarely,12000.0,No,<1,Mobile,Electronics,50.0,60.0,10000.0,Groceries,No
6922,55+,Male,<2L,Weekly,7000.0,Yes,5+,Mobile,Fashion,10.0,15.0,1000.0,Electronics,No
6923,36-45,Male,2-5L,Weekly,5000.0,Yes,<1,Desktop,Electronics,30.0,30.0,1000.0,Electronics,No
6925,36-45,Male,10-20L,Weekly,15000.0,No,<1,Desktop,Fashion,30.0,60.0,1000.0,Fashion,No
6926,26-35,Male,5L-10L,Weekly,10000.0,No,3-5,Mobile,Electronics,15.0,7.0,500.0,Electronics,No
6928,55+,Female,5-10L,Quarterly,5000.0,Yes,5+,Desktop,Fashion,30.0,15.0,500.0,Electronics,No
6929,36-45,Male,5L-10L,Quarterly,12000.0,No,3-5,Both,Electronics,25.0,30.0,1000.0,Electronics,Yes
6930,55+,Female,5-10L,Quarterly,7000.0,No,3-5,Mobile,Books,50.0,30.0,1000.0,Fashion,No
6931,26-35,Male,10-20L,Quarterly,12000.0,Yes,<1,Both,Home & Furniture,40.0,60.0,1000.0,Fashion,Yes
6932,55+,Male,5-10L,Weekly,3000.0,Yes,5+,Mobile,Groceries,15.0,30.0,2000.0,Home & Furniture,No
6933,55+,Male,5-10L,Quarterly,5000.0,Yes,5+,Mobile,Electronics,60.0,7.0,1000.0,Electronics,No
6934,55+,Female,5-10L,Weekly,5000.0,Yes,1-3,Mobile,Books,10.0,15.0,5000.0,Home & Furniture,Yes
6936,55+,Female,5-10L,Monthly,10000.0,No,3-5,Mobile,Books,20.0,15.0,1000.0,Groceries,No
6937,55+,Male,>20L,Weekly,10000.0,Yes,1-3,Mobile,Groceries,10.0,30.0,10000.0,Groceries,Yes
6938,46-55,Male,10-20L,Monthly,7000.0,No,1-3,Mobile,Electronics,30.0,30.0,1000.0,Electronics,Yes
6939,18-25,Male,2-5L,Bi-weekly,12000.0,No,3-5,Mobile,Groceries,25.0,15.0,500.0,Home & Furniture,Yes
6940,26-35,Female,<2L,Rarely,10000.0,No,3-5,Desktop,Electronics,25.0,7.0,1000.0,Fashion,No
6941,55+,Female,5-10L,Weekly,12000.0,Yes,1-3,Desktop,Fashion,60.0,30.0,1000.0,Electronics,Yes
6942,36-45,Female,<2L,Weekly,10000.0,Yes,5+,Both,Fashion,10.0,30.0,1000.0,Home & Furniture,No
6943,46-55,Female,2-5L,Quarterly,7000.0,No,5+,Desktop,Fashion,20.0,30.0,500.0,Fashion,No
6944,46-55,Male,<2L,Bi-weekly,10000.0,No,<1,Mobile,Electronics,20.0,30.0,2000.0,Electronics,Yes
6945,36-45,Female,<2,Bi-weekly,5000.0,Yes,3-5,Mobile,Groceries,20.0,30.0,10000.0,Home & Furniture,Yes
6947,55+,Male,10-20L,Weekly,3000.0,No,3-5,Both,Electronics,20.0,60.0,2000.0,Home & Furniture,No
6948,55+,Male,2-5L,Quarterly,10000.0,Yes,<1,Mobile,Fashion,15.0,15.0,2000.0,Fashion,Yes
6949,55+,Male,5-10L,Weekly,5000.0,No,1-3,Mobile,Electronics,20.0,15.0,5000.0,Home & Furniture,No
6950,55+,Male,5-10L,Bi-weekly,7000.0,Yes,3-5,Desktop,Fashion,30.0,15.0,1000.0,Electronics,Yes
6951,46-55,Male,<2,Quarterly,10000.0,No,5+,Mobile,Books,20.0,7.0,2000.0,Fashion,No
6952,55+,Male,5-10L,Rarely,5000.0,Yes,<1,Both,Fashion,60.0,30.0,1000.0,Fashion,Yes
6954,46-55,Female,10-20L,Weekly,7000.0,No,<1,Mobile,Home & Furniture,30.0,7.0,1000.0,Fashion,No
6955,55+,Male,5-10L,Rarely,10000.0,No,<1,Mobile,Fashion,30.0,30.0,1000.0,Books,No
6956,36-45,Female,2-5L,Weekly,5000.0,No,<1,Mobile,Electronics,30.0,30.0,1000.0,Electronics,Yes
6957,26-35,Male,>20L,Quarterly,10000.0,Yes,5+,Mobile,Electronics,10.0,7.0,5000.0,Fashion,No
6958,46-55,Male,>20L,Weekly,3000.0,No,<1,Mobile,Groceries,25.0,30.0,2000.0,Home & Furniture,No
6960,55+,Male,2-5L,Quarterly,10000.0,Yes,1-3,Mobile,Fashion,60.0,30.0,1000.0,Electronics,Yes
6962,55+,Male,<2L,Weekly,20000.0,No,5+,Mobile,Groceries,25.0,30.0,1000.0,Books,Yes
6963,55+,Male,5-10L,Rarely,10000.0,No,1-3,Mobile,Fashion,30.0,60.0,2000.0,Home & Furniture,No
6965,18-25,Female,<2,Weekly,5000.0,Yes,3-5,Both,Home & Furniture,25.0,15.0,1000.0,Groceries,No
6966,46-55,Male,5-10L,Weekly,10000.0,No,<1,Mobile,Electronics,50.0,30.0,2000.0,Home & Furniture,No
6967,46-55,Male,5L-10L,Weekly,10000.0,No,3-5,Desktop,Electronics,20.0,30.0,500.0,Groceries,No
6968,26-35,Male,>20L,Weekly,10000.0,Yes,5+,Mobile,Books,60.0,30.0,5000.0,Home & Furniture,No
6969,55+,Male,10-20L,Weekly,7000.0,Yes,3-5,Mobile,Home & Furniture,40.0,7.0,1000.0,Home & Furniture,No
6972,36-45,Male,<2,Quarterly,7000.0,No,<1,Mobile,Fashion,10.0,30.0,5000.0,Home & Furniture,Yes
6974,55+,Male,5-10L,Quarterly,10000.0,No,3-5,Mobile,Fashion,25.0,15.0,2000.0,Books,No
6975,46-55,Male,<2,Quarterly,3000.0,No,1-3,Mobile,Electronics,20.0,15.0,2000.0,Home & Furniture,Yes
6976,18-25,Female,<2L,Weekly,5000.0,No,3-5,Both,Fashion,30.0,15.0,2000.0,Fashion,No
6977,55+,Female,>20L,Quarterly,5000.0,No,3-5,Mobile,Electronics,30.0,15.0,1000.0,Fashion,No
6978,55+,Male,<2L,Weekly,7000.0,No,3-5,Desktop,Electronics,15.0,15.0,1000.0,Electronics,No
6980,55+,Male,>20L,Weekly,15000.0,No,5+,Both,Fashion,50.0,7.0,1000.0,Fashion,No
6982,55+,Female,>20L,Weekly,5000.0,No,<1,Mobile,Home & Furniture,20.0,60.0,5000.0,Groceries,Yes
6983,26-35,Female,>20L,Monthly,10000.0,Yes,<1,Both,Fashion,30.0,7.0,1000.0,Home & Furniture,No
6984,55+,Male,5L-10L,Weekly,7000.0,Yes,1-3,Both,Fashion,50.0,30.0,1000.0,Books,Yes
6985,36-45,Male,>20L,Quarterly,10000.0,Yes,3-5,Desktop,Fashion,30.0,15.0,500.0,Groceries,Yes
6986,46-55,Female,5L-10L,Quarterly,10000.0,Yes,<1,Mobile,Fashion,50.0,7.0,2000.0,Home & Furniture,Yes
6987,46-55,Male,10-20L,Weekly,10000.0,No,5+,Mobile,Electronics,10.0,15.0,1000.0,Groceries,Yes
6988,18-25,Male,5-10L,Rarely,20000.0,Yes,3-5,Mobile,Books,30.0,30.0,2000.0,Home & Furniture,Yes
6989,18-25,Female,<2L,Weekly,3000.0,Yes,3-5,Mobile,Electronics,60.0,60.0,2000.0,Groceries,Yes
6990,18-25,Female,2-5L,Rarely,12000.0,No,3-5,Mobile,Electronics,40.0,7.0,1000.0,Home & Furniture,No
6991,18-25,Male,5L-10L,Weekly,15000.0,No,1-3,Mobile,Books,15.0,60.0,1000.0,Fashion,No
6992,26-35,Male,>20L,Rarely,5000.0,No,<1,Mobile,Books,50.0,7.0,10000.0,Home & Furniture,Yes
6993,55+,Male,5-10L,Weekly,12000.0,Yes,3-5,Mobile,Electronics,20.0,15.0,2000.0,Groceries,No
6994,46-55,Male,2-5L,Quarterly,5000.0,Yes,<1,Mobile,Books,30.0,30.0,1000.0,Electronics,Yes
6995,55+,Female,<2L,Quarterly,10000.0,No,3-5,Mobile,Groceries,25.0,30.0,1000.0,Home & Furniture,No
6997,55+,Female,2-5L,Quarterly,5000.0,Yes,1-3,Mobile,Fashion,50.0,7.0,5000.0,Fashion,No
6998,36-45,Female,5L-10L,Quarterly,10000.0,Yes,3-5,Mobile,Electronics,60.0,30.0,2000.0,Fashion,No
6999,55+,Male,5-10L,Weekly,7000.0,No,1-3,Mobile,Home & Furniture,30.0,30.0,2000.0,Books,No
7000,55+,Male,<2,Quarterly,5000.0,No,<1,Mobile,Books,30.0,30.0,500.0,Fashion,Yes
7001,55+,Male,<2L,Monthly,10000.0,Yes,<1,Desktop,Fashion,15.0,30.0,5000.0,Groceries,Yes
7002,55+,Female,2-5L,Monthly,10000.0,Yes,3-5,Desktop,Electronics,30.0,30.0,2000.0,Books,No
7006,36-45,Female,<2L,Rarely,5000.0,Yes,3-5,Mobile,Home & Furniture,20.0,7.0,1000.0,Fashion,No
7007,55+,Female,2-5L,Rarely,10000.0,No,<1,Mobile,Electronics,25.0,60.0,500.0,Books,Yes
7008,18-25,Male,5L-10L,Quarterly,20000.0,Yes,1-3,Mobile,Home & Furniture,50.0,30.0,500.0,Fashion,No
7010,46-55,Female,5-10L,Weekly,15000.0,No,5+,Both,Electronics,20.0,30.0,1000.0,Home & Furniture,No
7011,18-25,Male,5-10L,Weekly,12000.0,No,3-5,Mobile,Fashion,30.0,7.0,1000.0,Books,Yes
7012,55+,Female,<2,Weekly,15000.0,Yes,<1,Mobile,Home & Furniture,25.0,30.0,10000.0,Electronics,No
7013,55+,Male,>20L,Weekly,5000.0,Yes,1-3,Mobile,Electronics,30.0,7.0,1000.0,Fashion,Yes
7014,55+,Female,<2L,Bi-weekly,12000.0,Yes,3-5,Mobile,Groceries,25.0,30.0,10000.0,Fashion,No
7015,26-35,Female,2-5L,Rarely,5000.0,No,<1,Mobile,Home & Furniture,40.0,7.0,1000.0,Home & Furniture,No
7016,55+,Male,<2,Monthly,12000.0,Yes,3-5,Mobile,Electronics,30.0,30.0,5000.0,Electronics,No
7017,36-45,Male,5L-10L,Bi-weekly,5000.0,Yes,3-5,Mobile,Fashion,30.0,15.0,10000.0,Electronics,Yes
7019,18-25,Male,5-10L,Weekly,15000.0,No,<1,Mobile,Home & Furniture,60.0,30.0,500.0,Home & Furniture,Yes
7023,36-45,Male,<2L,Weekly,5000.0,No,3-5,Mobile,Home & Furniture,20.0,30.0,500.0,Home & Furniture,Yes
7024,36-45,Male,>20L,Rarely,20000.0,Yes,<1,Mobile,Electronics,25.0,30.0,10000.0,Electronics,No
7025,18-25,Male,<2,Weekly,12000.0,Yes,5+,Desktop,Fashion,10.0,30.0,5000.0,Home & Furniture,Yes
7026,46-55,Male,2-5L,Weekly,12000.0,Yes,3-5,Mobile,Groceries,20.0,15.0,5000.0,Electronics,No
7027,46-55,Male,2-5L,Monthly,15000.0,No,5+,Mobile,Fashion,40.0,60.0,1000.0,Home & Furniture,No
7028,26-35,Male,<2L,Rarely,10000.0,No,1-3,Desktop,Books,40.0,15.0,1000.0,Home & Furniture,No
7029,46-55,Male,<2,Weekly,7000.0,No,1-3,Mobile,Fashion,10.0,15.0,500.0,Electronics,No
7030,55+,Female,>20L,Rarely,5000.0,Yes,<1,Desktop,Electronics,50.0,30.0,10000.0,Groceries,No
7031,18-25,Male,>20L,Monthly,3000.0,No,1-3,Mobile,Fashion,30.0,30.0,5000.0,Home & Furniture,Yes
7032,26-35,Male,5-10L,Weekly,12000.0,No,3-5,Mobile,Electronics,50.0,60.0,1000.0,Fashion,No
7033,26-35,Female,>20L,Weekly,15000.0,No,3-5,Mobile,Fashion,25.0,15.0,2000.0,Fashion,No
7034,18-25,Female,10-20L,Weekly,5000.0,Yes,3-5,Mobile,Electronics,60.0,30.0,500.0,Home & Furniture,No
7035,26-35,Male,5-10L,Weekly,10000.0,No,1-3,Desktop,Groceries,50.0,15.0,1000.0,Home & Furniture,No
7036,46-55,Female,<2L,Quarterly,10000.0,No,3-5,Mobile,Groceries,20.0,30.0,2000.0,Electronics,No
7037,18-25,Female,5-10L,Monthly,10000.0,Yes,3-5,Mobile,Fashion,30.0,30.0,5000.0,Electronics,No
7038,55+,Female,5-10L,Weekly,10000.0,No,3-5,Mobile,Home & Furniture,30.0,7.0,500.0,Fashion,Yes
7039,55+,Male,<2,Weekly,5000.0,No,5+,Desktop,Fashion,30.0,60.0,500.0,Electronics,Yes
7040,55+,Male,<2L,Monthly,10000.0,Yes,1-3,Desktop,Groceries,25.0,7.0,1000.0,Fashion,No
7041,46-55,Male,5-10L,Rarely,12000.0,No,<1,Mobile,Home & Furniture,30.0,15.0,5000.0,Electronics,No
7042,26-35,Female,>20L,Weekly,3000.0,Yes,3-5,Desktop,Home & Furniture,25.0,60.0,1000.0,Fashion,No
7043,18-25,Female,5-10L,Weekly,10000.0,Yes,1-3,Mobile,Electronics,30.0,7.0,1000.0,Groceries,No
7044,26-35,Male,2-5L,Quarterly,7000.0,Yes,1-3,Mobile,Fashion,20.0,15.0,1000.0,Home & Furniture,No
7045,55+,Male,<2,Quarterly,15000.0,Yes,3-5,Mobile,Books,60.0,15.0,2000.0,Groceries,Yes
7046,55+,Male,2-5L,Monthly,10000.0,No,<1,Mobile,Electronics,30.0,7.0,1000.0,Books,No
7047,55+,Male,>20L,Quarterly,10000.0,Yes,1-3,Mobile,Electronics,40.0,15.0,500.0,Fashion,No
7048,36-45,Female,>20L,Quarterly,7000.0,Yes,5+,Mobile,Home & Furniture,30.0,15.0,5000.0,Home & Furniture,Yes
7049,46-55,Male,5L-10L,Weekly,20000.0,No,3-5,Mobile,Groceries,30.0,60.0,5000.0,Home & Furniture,No
7050,26-35,Male,5-10L,Monthly,5000.0,Yes,<1,Mobile,Fashion,25.0,30.0,1000.0,Electronics,No
7051,55+,Male,>20L,Weekly,10000.0,No,1-3,Desktop,Electronics,30.0,7.0,500.0,Groceries,Yes
7052,26-35,Female,5-10L,Weekly,5000.0,Yes,1-3,Mobile,Electronics,30.0,60.0,2000.0,Books,Yes
7053,36-45,Female,5-10L,Weekly,5000.0,No,<1,Mobile,Electronics,20.0,30.0,5000.0,Home & Furniture,Yes
7054,36-45,Male,2-5L,Bi-weekly,15000.0,No,5+,Mobile,Electronics,20.0,30.0,500.0,Home & Furniture,No
7055,18-25,Male,<2,Weekly,5000.0,No,<1,Desktop,Home & Furniture,30.0,15.0,2000.0,Fashion,No
7056,36-45,Male,5-10L,Monthly,12000.0,No,1-3,Mobile,Electronics,30.0,30.0,2000.0,Fashion,No
7057,55+,Female,10-20L,Weekly,12000.0,Yes,<1,Mobile,Books,30.0,30.0,500.0,Fashion,No
7058,18-25,Male,>20L,Weekly,10000.0,Yes,3-5,Mobile,Electronics,20.0,15.0,2000.0,Home & Furniture,Yes
7059,46-55,Male,5L-10L,Bi-weekly,5000.0,No,<1,Mobile,Groceries,30.0,60.0,500.0,Fashion,No
7060,55+,Male,2-5L,Weekly,7000.0,No,3-5,Desktop,Books,40.0,60.0,1000.0,Electronics,No
7061,26-35,Male,2-5L,Weekly,15000.0,Yes,3-5,Mobile,Home & Furniture,40.0,30.0,500.0,Books,Yes
7062,18-25,Male,<2,Quarterly,5000.0,No,3-5,Mobile,Fashion,40.0,7.0,1000.0,Fashion,No
7063,26-35,Male,2-5L,Weekly,3000.0,No,5+,Both,Electronics,40.0,15.0,2000.0,Home & Furniture,Yes
7064,18-25,Male,>20L,Weekly,10000.0,Yes,1-3,Mobile,Fashion,20.0,7.0,500.0,Groceries,No
7065,36-45,Female,5L-10L,Weekly,10000.0,No,3-5,Desktop,Electronics,30.0,30.0,5000.0,Fashion,No
7066,55+,Male,<2L,Rarely,10000.0,No,1-3,Both,Groceries,30.0,15.0,500.0,Electronics,No
7068,55+,Male,5-10L,Weekly,5000.0,Yes,<1,Both,Electronics,20.0,30.0,2000.0,Home & Furniture,Yes
7069,55+,Male,<2L,Quarterly,5000.0,No,3-5,Desktop,Fashion,30.0,15.0,1000.0,Fashion,No
7071,46-55,Male,<2L,Weekly,20000.0,Yes,<1,Mobile,Electronics,25.0,15.0,2000.0,Fashion,No
7072,26-35,Male,<2L,Rarely,12000.0,No,1-3,Mobile,Books,40.0,15.0,2000.0,Home & Furniture,No
7073,26-35,Female,<2,Rarely,10000.0,No,5+,Mobile,Electronics,30.0,7.0,500.0,Groceries,Yes
7074,46-55,Male,5-10L,Rarely,10000.0,No,5+,Mobile,Fashion,30.0,30.0,500.0,Fashion,No
7075,55+,Male,2-5L,Rarely,10000.0,No,3-5,Desktop,Electronics,10.0,30.0,1000.0,Home & Furniture,No
7076,36-45,Female,5-10L,Weekly,10000.0,Yes,<1,Mobile,Home & Furniture,15.0,15.0,500.0,Electronics,No
7077,26-35,Male,5-10L,Monthly,15000.0,Yes,<1,Both,Books,30.0,15.0,5000.0,Electronics,Yes
7078,55+,Male,5-10L,Bi-weekly,10000.0,No,1-3,Mobile,Electronics,50.0,7.0,500.0,Home & Furniture,No
7079,18-25,Male,<2L,Bi-weekly,5000.0,No,5+,Mobile,Electronics,30.0,7.0,2000.0,Home & Furniture,No
7080,55+,Male,>20L,Weekly,10000.0,Yes,<1,Mobile,Groceries,30.0,30.0,2000.0,Fashion,Yes
7082,55+,Female,5L-10L,Weekly,10000.0,No,<1,Mobile,Fashion,20.0,7.0,500.0,Books,No
7083,55+,Male,5L-10L,Rarely,12000.0,Yes,<1,Mobile,Books,30.0,7.0,500.0,Electronics,No
7084,26-35,Female,>20L,Quarterly,10000.0,Yes,3-5,Mobile,Home & Furniture,40.0,7.0,5000.0,Groceries,Yes
7085,46-55,Male,>20L,Quarterly,10000.0,No,<1,Mobile,Groceries,60.0,30.0,5000.0,Electronics,No
7086,55+,Male,2-5L,Bi-weekly,10000.0,Yes,3-5,Mobile,Books,50.0,60.0,2000.0,Fashion,Yes
7087,55+,Male,>20L,Rarely,5000.0,Yes,3-5,Mobile,Books,30.0,30.0,500.0,Books,Yes
7088,26-35,Male,>20L,Quarterly,10000.0,No,<1,Mobile,Home & Furniture,30.0,15.0,500.0,Fashion,Yes
7089,26-35,Male,5-10L,Weekly,5000.0,Yes,1-3,Mobile,Electronics,50.0,7.0,500.0,Electronics,Yes
7090,36-45,Male,<2,Weekly,10000.0,Yes,3-5,Mobile,Books,25.0,7.0,1000.0,Groceries,No
7091,36-45,Female,>20L,Monthly,15000.0,No,3-5,Mobile,Books,50.0,30.0,5000.0,Fashion,No
7092,46-55,Female,2-5L,Quarterly,5000.0,Yes,<1,Mobile,Electronics,30.0,60.0,500.0,Electronics,No
7093,55+,Male,<2L,Rarely,10000.0,No,3-5,Mobile,Fashion,30.0,60.0,2000.0,Home & Furniture,No
7094,55+,Female,>20L,Quarterly,10000.0,No,3-5,Desktop,Groceries,25.0,30.0,1000.0,Books,No
7095,55+,Male,2-5L,Quarterly,12000.0,Yes,1-3,Mobile,Home & Furniture,60.0,30.0,2000.0,Home & Furniture,No
7096,26-35,Female,2-5L,Weekly,20000.0,Yes,<1,Both,Electronics,30.0,30.0,1000.0,Fashion,No
7097,36-45,Female,5-10L,Quarterly,10000.0,No,1-3,Mobile,Fashion,60.0,15.0,2000.0,Fashion,No
7098,36-45,Male,>20L,Weekly,5000.0,Yes,1-3,Both,Electronics,60.0,15.0,2000.0,Electronics,Yes
7099,55+,Male,2-5L,Weekly,10000.0,No,<1,Mobile,Electronics,30.0,30.0,2000.0,Home & Furniture,No
7100,18-25,Female,5-10L,Weekly,10000.0,No,<1,Mobile,Books,10.0,7.0,2000.0,Home & Furniture,Yes
7101,55+,Male,5L-10L,Rarely,15000.0,No,<1,Mobile,Fashion,60.0,60.0,1000.0,Electronics,No
7102,26-35,Female,5L-10L,Weekly,12000.0,Yes,3-5,Both,Books,40.0,30.0,10000.0,Books,No
7103,46-55,Female,>20L,Weekly,12000.0,No,3-5,Mobile,Electronics,25.0,30.0,1000.0,Electronics,No
7104,55+,Male,5L-10L,Weekly,7000.0,No,1-3,Mobile,Electronics,30.0,15.0,10000.0,Home & Furniture,No
7105,26-35,Male,>20L,Weekly,7000.0,Yes,1-3,Mobile,Home & Furniture,10.0,30.0,5000.0,Home & Furniture,Yes
7106,18-25,Male,5-10L,Monthly,10000.0,Yes,3-5,Mobile,Fashion,50.0,7.0,1000.0,Electronics,No
7107,55+,Male,>20L,Bi-weekly,7000.0,No,<1,Mobile,Home & Furniture,60.0,30.0,500.0,Fashion,Yes
7108,46-55,Male,2-5L,Weekly,10000.0,Yes,5+,Mobile,Electronics,15.0,15.0,500.0,Electronics,No
7109,36-45,Male,>20L,Quarterly,10000.0,No,3-5,Mobile,Fashion,30.0,7.0,1000.0,Groceries,Yes
7111,55+,Female,2-5L,Quarterly,12000.0,Yes,<1,Mobile,Groceries,15.0,60.0,2000.0,Fashion,Yes
7112,46-55,Female,5-10L,Rarely,3000.0,No,1-3,Desktop,Fashion,40.0,30.0,500.0,Groceries,No
7113,55+,Male,5-10L,Rarely,20000.0,Yes,3-5,Mobile,Fashion,40.0,7.0,500.0,Electronics,No
7114,46-55,Female,5L-10L,Bi-weekly,10000.0,Yes,5+,Desktop,Fashion,30.0,30.0,2000.0,Fashion,No
7115,55+,Male,5-10L,Weekly,5000.0,Yes,<1,Mobile,Electronics,20.0,15.0,1000.0,Home & Furniture,Yes
7117,36-45,Male,5-10L,Rarely,15000.0,No,1-3,Mobile,Home & Furniture,30.0,30.0,1000.0,Home & Furniture,Yes
7118,55+,Male,<2,Weekly,5000.0,No,1-3,Mobile,Fashion,60.0,30.0,2000.0,Electronics,Yes
7119,26-35,Female,2-5L,Quarterly,3000.0,No,<1,Mobile,Fashion,25.0,15.0,500.0,Home & Furniture,No
7120,46-55,Male,2-5L,Weekly,10000.0,Yes,1-3,Mobile,Fashion,30.0,15.0,2000.0,Electronics,No
7121,55+,Male,5-10L,Weekly,10000.0,No,1-3,Mobile,Books,30.0,30.0,2000.0,Electronics,No
7122,18-25,Female,5-10L,Weekly,5000.0,No,1-3,Mobile,Fashion,15.0,60.0,1000.0,Groceries,Yes
7123,55+,Male,5-10L,Weekly,10000.0,No,1-3,Mobile,Groceries,60.0,30.0,2000.0,Fashion,Yes
7124,55+,Male,5-10L,Monthly,10000.0,No,1-3,Mobile,Electronics,30.0,30.0,500.0,Home & Furniture,No
7125,26-35,Male,<2L,Quarterly,15000.0,No,5+,Both,Fashion,50.0,15.0,1000.0,Books,No
7126,55+,Male,<2L,Weekly,15000.0,Yes,5+,Desktop,Home & Furniture,10.0,60.0,5000.0,Fashion,Yes
7127,36-45,Male,2-5L,Weekly,5000.0,No,3-5,Both,Electronics,10.0,15.0,2000.0,Books,No
7128,36-45,Male,<2L,Monthly,10000.0,No,5+,Mobile,Groceries,30.0,30.0,2000.0,Electronics,No
7131,36-45,Male,>20L,Weekly,5000.0,Yes,1-3,Mobile,Fashion,50.0,15.0,5000.0,Fashion,No
7132,46-55,Male,2-5L,Monthly,12000.0,Yes,<1,Both,Electronics,40.0,7.0,1000.0,Home & Furniture,Yes
7133,55+,Male,10-20L,Weekly,15000.0,No,<1,Mobile,Home & Furniture,30.0,30.0,2000.0,Home & Furniture,No
7135,36-45,Male,10-20L,Quarterly,3000.0,Yes,5+,Desktop,Groceries,25.0,30.0,1000.0,Home & Furniture,No
7136,55+,Male,5-10L,Bi-weekly,10000.0,Yes,1-3,Desktop,Electronics,50.0,7.0,500.0,Groceries,Yes
7137,18-25,Male,<2L,Quarterly,20000.0,Yes,3-5,Mobile,Electronics,25.0,7.0,1000.0,Fashion,No
7138,55+,Male,10-20L,Weekly,10000.0,No,1-3,Desktop,Groceries,30.0,15.0,1000.0,Home & Furniture,No
7139,55+,Male,>20L,Rarely,5000.0,Yes,3-5,Mobile,Groceries,15.0,30.0,1000.0,Fashion,No
7140,18-25,Male,2-5L,Weekly,15000.0,Yes,1-3,Desktop,Home & Furniture,10.0,15.0,2000.0,Groceries,Yes
7142,55+,Male,5L-10L,Weekly,10000.0,No,1-3,Mobile,Electronics,15.0,60.0,2000.0,Fashion,No
7143,55+,Female,5-10L,Weekly,3000.0,No,1-3,Mobile,Groceries,30.0,7.0,2000.0,Groceries,Yes
7146,55+,Male,2-5L,Bi-weekly,12000.0,No,3-5,Desktop,Home & Furniture,30.0,60.0,2000.0,Home & Furniture,No
7147,36-45,Male,<2,Monthly,12000.0,Yes,<1,Mobile,Fashion,20.0,30.0,500.0,Home & Furniture,No
7148,55+,Male,5-10L,Quarterly,20000.0,No,3-5,Mobile,Groceries,20.0,30.0,10000.0,Electronics,Yes
7149,55+,Male,5-10L,Weekly,10000.0,Yes,3-5,Mobile,Books,30.0,60.0,1000.0,Fashion,Yes
7150,46-55,Male,<2,Weekly,10000.0,No,<1,Desktop,Groceries,50.0,15.0,500.0,Home & Furniture,No
7151,46-55,Male,5-10L,Quarterly,10000.0,Yes,5+,Mobile,Electronics,25.0,15.0,10000.0,Books,Yes
7152,55+,Male,>20L,Weekly,7000.0,No,5+,Mobile,Electronics,25.0,60.0,5000.0,Fashion,Yes
7153,55+,Male,5-10L,Weekly,3000.0,No,1-3,Desktop,Electronics,50.0,60.0,2000.0,Books,No
7154,46-55,Male,2-5L,Quarterly,15000.0,Yes,1-3,Both,Home & Furniture,25.0,7.0,1000.0,Electronics,Yes
7155,55+,Male,2-5L,Bi-weekly,3000.0,No,3-5,Mobile,Electronics,40.0,15.0,2000.0,Groceries,Yes
7156,55+,Male,10-20L,Weekly,20000.0,No,1-3,Mobile,Electronics,20.0,7.0,1000.0,Electronics,No
7157,55+,Male,>20L,Quarterly,15000.0,No,1-3,Mobile,Fashion,30.0,15.0,1000.0,Home & Furniture,Yes
7158,55+,Male,10-20L,Weekly,5000.0,Yes,<1,Desktop,Fashion,30.0,30.0,1000.0,Groceries,No
7159,55+,Male,5L-10L,Weekly,5000.0,Yes,5+,Mobile,Electronics,30.0,15.0,500.0,Groceries,Yes
7160,55+,Female,>20L,Rarely,12000.0,No,3-5,Mobile,Fashion,15.0,30.0,5000.0,Home & Furniture,Yes
7161,55+,Male,5-10L,Weekly,10000.0,Yes,5+,Mobile,Home & Furniture,30.0,7.0,500.0,Groceries,Yes
7162,36-45,Male,10-20L,Quarterly,10000.0,No,5+,Desktop,Electronics,30.0,7.0,2000.0,Books,No
7164,55+,Male,5L-10L,Bi-weekly,15000.0,Yes,5+,Mobile,Electronics,25.0,30.0,500.0,Fashion,Yes
7165,55+,Male,>20L,Weekly,10000.0,No,3-5,Desktop,Fashion,30.0,7.0,1000.0,Fashion,Yes
7166,36-45,Female,2-5L,Rarely,10000.0,Yes,<1,Mobile,Electronics,50.0,60.0,1000.0,Fashion,Yes
7167,55+,Male,>20L,Monthly,20000.0,Yes,3-5,Both,Electronics,10.0,7.0,2000.0,Home & Furniture,No
7168,26-35,Male,2-5L,Monthly,12000.0,Yes,<1,Mobile,Electronics,30.0,60.0,1000.0,Home & Furniture,Yes
7169,46-55,Female,<2,Monthly,10000.0,Yes,3-5,Mobile,Electronics,30.0,60.0,5000.0,Groceries,No
7170,18-25,Male,<2L,Quarterly,15000.0,Yes,3-5,Both,Fashion,20.0,15.0,2000.0,Fashion,No
7171,36-45,Male,2-5L,Quarterly,20000.0,Yes,3-5,Mobile,Fashion,30.0,15.0,1000.0,Home & Furniture,No
7173,55+,Male,>20L,Bi-weekly,12000.0,Yes,<1,Mobile,Electronics,30.0,15.0,2000.0,Home & Furniture,Yes
7174,46-55,Female,10-20L,Rarely,5000.0,No,1-3,Mobile,Home & Furniture,30.0,15.0,1000.0,Groceries,Yes
7175,36-45,Male,5L-10L,Bi-weekly,15000.0,No,1-3,Mobile,Home & Furniture,40.0,30.0,5000.0,Groceries,Yes
7176,18-25,Female,<2L,Rarely,15000.0,Yes,1-3,Mobile,Fashion,25.0,60.0,5000.0,Home & Furniture,No
7177,18-25,Male,10-20L,Quarterly,10000.0,No,5+,Mobile,Electronics,15.0,7.0,1000.0,Fashion,No
7178,55+,Female,2-5L,Bi-weekly,10000.0,Yes,1-3,Mobile,Home & Furniture,25.0,30.0,500.0,Fashion,No
7179,55+,Female,5-10L,Monthly,10000.0,Yes,1-3,Mobile,Electronics,15.0,60.0,1000.0,Groceries,No
7180,36-45,Female,5-10L,Rarely,10000.0,Yes,3-5,Mobile,Fashion,30.0,15.0,1000.0,Electronics,Yes
7181,26-35,Female,5L-10L,Weekly,5000.0,No,3-5,Mobile,Electronics,30.0,30.0,1000.0,Groceries,No
7182,36-45,Female,2-5L,Weekly,10000.0,Yes,3-5,Mobile,Electronics,40.0,30.0,500.0,Home & Furniture,No
7183,55+,Male,5L-10L,Rarely,5000.0,No,5+,Both,Fashion,40.0,15.0,1000.0,Electronics,Yes
7184,36-45,Male,>20L,Weekly,10000.0,Yes,1-3,Mobile,Fashion,25.0,60.0,1000.0,Fashion,No
7185,55+,Male,5-10L,Weekly,15000.0,No,5+,Mobile,Books,15.0,60.0,2000.0,Home & Furniture,Yes
7186,36-45,Male,>20L,Rarely,5000.0,No,5+,Desktop,Fashion,30.0,7.0,5000.0,Electronics,Yes
7187,26-35,Male,5-10L,Quarterly,20000.0,Yes,5+,Mobile,Electronics,15.0,60.0,500.0,Home & Furniture,No
7188,36-45,Female,>20L,Quarterly,10000.0,No,1-3,Mobile,Electronics,30.0,15.0,500.0,Electronics,No
7189,26-35,Female,5-10L,Quarterly,20000.0,No,5+,Mobile,Home & Furniture,50.0,30.0,1000.0,Books,Yes
7190,46-55,Female,<2L,Rarely,5000.0,Yes,1-3,Mobile,Fashion,50.0,60.0,500.0,Electronics,No
7191,46-55,Male,2-5L,Weekly,3000.0,No,<1,Both,Electronics,30.0,60.0,1000.0,Books,No
7192,26-35,Female,<2,Weekly,10000.0,No,3-5,Mobile,Fashion,10.0,30.0,1000.0,Electronics,No
7193,46-55,Female,2-5L,Weekly,10000.0,Yes,5+,Mobile,Fashion,60.0,7.0,1000.0,Fashion,No
7194,36-45,Female,5L-10L,Quarterly,12000.0,No,<1,Desktop,Home & Furniture,30.0,30.0,1000.0,Home & Furniture,No
7195,55+,Female,2-5L,Weekly,10000.0,No,3-5,Mobile,Home & Furniture,40.0,30.0,1000.0,Electronics,Yes
7197,18-25,Male,>20L,Weekly,15000.0,No,<1,Mobile,Electronics,15.0,7.0,5000.0,Fashion,No
7198,55+,Female,5-10L,Quarterly,5000.0,No,<1,Desktop,Fashion,50.0,30.0,2000.0,Groceries,No
7199,55+,Female,<2L,Rarely,5000.0,No,5+,Mobile,Electronics,60.0,15.0,500.0,Groceries,No
7200,55+,Female,2-5L,Quarterly,12000.0,Yes,1-3,Mobile,Electronics,30.0,60.0,1000.0,Groceries,Yes
7203,18-25,Male,5-10L,Weekly,10000.0,No,1-3,Mobile,Electronics,20.0,30.0,5000.0,Books,No
7204,55+,Female,5-10L,Bi-weekly,5000.0,Yes,3-5,Mobile,Electronics,30.0,15.0,2000.0,Books,No
7205,46-55,Female,<2,Monthly,5000.0,Yes,3-5,Mobile,Home & Furniture,25.0,7.0,2000.0,Home & Furniture,Yes
7206,36-45,Male,>20L,Monthly,3000.0,No,<1,Mobile,Electronics,40.0,30.0,500.0,Books,No
7207,46-55,Male,>20L,Quarterly,5000.0,No,3-5,Mobile,Electronics,30.0,15.0,1000.0,Home & Furniture,Yes
7209,26-35,Male,2-5L,Weekly,10000.0,No,<1,Mobile,Books,30.0,60.0,1000.0,Home & Furniture,Yes
7210,46-55,Female,<2L,Rarely,15000.0,No,<1,Mobile,Electronics,30.0,15.0,1000.0,Home & Furniture,Yes
7212,55+,Male,<2L,Weekly,5000.0,Yes,<1,Desktop,Fashion,10.0,7.0,500.0,Home & Furniture,No
7213,46-55,Male,>20L,Bi-weekly,10000.0,Yes,<1,Mobile,Electronics,15.0,60.0,2000.0,Home & Furniture,No
7214,46-55,Male,5-10L,Bi-weekly,7000.0,Yes,3-5,Mobile,Groceries,30.0,30.0,5000.0,Groceries,No
7215,55+,Female,<2L,Weekly,5000.0,Yes,5+,Mobile,Books,30.0,30.0,1000.0,Fashion,No
7217,55+,Male,2-5L,Monthly,10000.0,Yes,1-3,Mobile,Electronics,25.0,60.0,2000.0,Home & Furniture,No
7218,55+,Male,<2,Weekly,3000.0,No,1-3,Mobile,Electronics,60.0,15.0,5000.0,Home & Furniture,No
7219,26-35,Male,2-5L,Weekly,15000.0,No,<1,Both,Groceries,10.0,15.0,5000.0,Fashion,Yes
7220,26-35,Male,5-10L,Quarterly,10000.0,Yes,1-3,Mobile,Fashion,20.0,7.0,1000.0,Home & Furniture,No
7222,26-35,Female,5-10L,Quarterly,15000.0,No,3-5,Mobile,Electronics,30.0,7.0,1000.0,Books,No
7224,18-25,Male,5-10L,Quarterly,10000.0,No,3-5,Mobile,Fashion,15.0,30.0,2000.0,Fashion,Yes
7225,46-55,Male,5-10L,Weekly,5000.0,Yes,3-5,Mobile,Home & Furniture,10.0,30.0,500.0,Home & Furniture,Yes
7226,18-25,Male,5-10L,Rarely,10000.0,No,1-3,Desktop,Home & Furniture,25.0,30.0,1000.0,Groceries,No
7227,18-25,Male,5-10L,Quarterly,5000.0,Yes,3-5,Mobile,Books,30.0,15.0,1000.0,Books,No
7228,36-45,Male,2-5L,Monthly,5000.0,Yes,<1,Desktop,Fashion,30.0,30.0,1000.0,Home & Furniture,No
7229,26-35,Male,5L-10L,Quarterly,12000.0,Yes,1-3,Mobile,Fashion,20.0,15.0,500.0,Home & Furniture,No
7230,55+,Female,<2L,Weekly,5000.0,Yes,5+,Both,Fashion,25.0,7.0,5000.0,Home & Furniture,No
7231,26-35,Male,5-10L,Weekly,5000.0,No,<1,Mobile,Fashion,60.0,30.0,10000.0,Home & Furniture,No
7232,55+,Female,2-5L,Rarely,15000.0,No,3-5,Desktop,Fashion,15.0,30.0,5000.0,Fashion,Yes
7233,26-35,Male,>20L,Weekly,5000.0,Yes,1-3,Mobile,Electronics,10.0,7.0,5000.0,Home & Furniture,Yes
7234,36-45,Male,5-10L,Weekly,5000.0,Yes,1-3,Mobile,Home & Furniture,30.0,15.0,500.0,Electronics,Yes
7237,36-45,Male,>20L,Weekly,15000.0,No,<1,Mobile,Electronics,20.0,30.0,500.0,Books,Yes
7238,46-55,Female,<2,Quarterly,10000.0,Yes,<1,Mobile,Home & Furniture,15.0,30.0,2000.0,Home & Furniture,No
7239,55+,Female,>20L,Bi-weekly,12000.0,No,1-3,Mobile,Electronics,25.0,15.0,5000.0,Home & Furniture,No
7241,46-55,Male,5-10L,Quarterly,15000.0,Yes,<1,Both,Electronics,40.0,15.0,500.0,Books,Yes
7243,55+,Female,<2,Weekly,15000.0,No,3-5,Both,Electronics,25.0,15.0,2000.0,Books,Yes
7245,36-45,Male,10-20L,Bi-weekly,10000.0,Yes,1-3,Desktop,Electronics,10.0,30.0,5000.0,Electronics,No
7246,55+,Male,>20L,Weekly,3000.0,Yes,5+,Both,Home & Furniture,30.0,7.0,1000.0,Electronics,No
7247,55+,Female,5-10L,Weekly,10000.0,No,1-3,Mobile,Groceries,30.0,60.0,1000.0,Electronics,No
7248,26-35,Male,<2,Weekly,15000.0,No,<1,Mobile,Electronics,20.0,15.0,500.0,Home & Furniture,Yes
7249,55+,Male,5-10L,Quarterly,12000.0,Yes,1-3,Mobile,Electronics,30.0,7.0,2000.0,Fashion,No
7251,46-55,Male,2-5L,Quarterly,5000.0,No,3-5,Mobile,Home & Furniture,30.0,60.0,10000.0,Groceries,No
7252,55+,Male,5-10L,Rarely,7000.0,No,3-5,Mobile,Fashion,40.0,60.0,10000.0,Fashion,No
7253,55+,Female,5-10L,Weekly,20000.0,No,1-3,Mobile,Electronics,20.0,60.0,1000.0,Fashion,No
7254,46-55,Male,2-5L,Weekly,5000.0,Yes,<1,Desktop,Groceries,30.0,30.0,2000.0,Home & Furniture,Yes
7256,18-25,Male,5-10L,Quarterly,7000.0,No,<1,Mobile,Electronics,40.0,30.0,1000.0,Electronics,No
7257,36-45,Female,5-10L,Weekly,12000.0,No,5+,Mobile,Electronics,10.0,30.0,500.0,Home & Furniture,No
7258,55+,Male,2-5L,Monthly,10000.0,No,<1,Desktop,Books,30.0,30.0,500.0,Fashion,No
7259,55+,Male,5L-10L,Quarterly,3000.0,No,<1,Mobile,Electronics,25.0,7.0,1000.0,Home & Furniture,No
7260,55+,Male,<2,Weekly,10000.0,Yes,<1,Desktop,Books,50.0,7.0,10000.0,Fashion,Yes
7261,55+,Female,<2L,Quarterly,12000.0,Yes,3-5,Mobile,Fashion,30.0,30.0,500.0,Home & Furniture,No
7262,55+,Male,>20L,Rarely,10000.0,No,3-5,Both,Electronics,40.0,30.0,5000.0,Fashion,Yes
7263,46-55,Male,>20L,Rarely,5000.0,Yes,<1,Mobile,Home & Furniture,30.0,30.0,500.0,Home & Furniture,Yes
7265,46-55,Male,5-10L,Weekly,10000.0,Yes,5+,Mobile,Electronics,20.0,30.0,1000.0,Fashion,Yes
7266,18-25,Male,5-10L,Weekly,5000.0,No,<1,Both,Groceries,25.0,7.0,500.0,Electronics,Yes
7267,36-45,Male,5L-10L,Quarterly,5000.0,Yes,<1,Mobile,Fashion,50.0,7.0,5000.0,Groceries,Yes
7268,46-55,Male,>20L,Quarterly,15000.0,Yes,<1,Mobile,Electronics,30.0,30.0,500.0,Home & Furniture,Yes
7269,55+,Male,5-10L,Weekly,15000.0,Yes,3-5,Both,Home & Furniture,25.0,30.0,1000.0,Fashion,Yes
7270,36-45,Male,>20L,Bi-weekly,10000.0,Yes,<1,Mobile,Home & Furniture,30.0,7.0,500.0,Books,No
7271,55+,Male,2-5L,Weekly,10000.0,No,1-3,Mobile,Home & Furniture,20.0,7.0,10000.0,Fashion,No
7273,18-25,Male,<2L,Bi-weekly,7000.0,Yes,3-5,Mobile,Fashion,30.0,7.0,500.0,Fashion,Yes
7275,55+,Male,<2,Bi-weekly,7000.0,No,<1,Mobile,Electronics,40.0,30.0,10000.0,Electronics,No
7276,55+,Male,5L-10L,Quarterly,7000.0,Yes,3-5,Mobile,Electronics,15.0,30.0,2000.0,Home & Furniture,Yes
7277,36-45,Male,2-5L,Quarterly,5000.0,Yes,5+,Desktop,Electronics,30.0,30.0,1000.0,Groceries,No
7278,55+,Male,<2L,Monthly,10000.0,Yes,5+,Mobile,Home & Furniture,20.0,7.0,2000.0,Fashion,No
7279,46-55,Male,5L-10L,Weekly,10000.0,Yes,<1,Both,Books,50.0,30.0,2000.0,Fashion,No
7280,55+,Female,2-5L,Monthly,3000.0,No,1-3,Mobile,Electronics,15.0,30.0,1000.0,Fashion,Yes
7281,55+,Male,5L-10L,Weekly,5000.0,Yes,1-3,Desktop,Electronics,30.0,60.0,5000.0,Fashion,No
7283,18-25,Male,<2L,Quarterly,7000.0,No,3-5,Mobile,Electronics,30.0,15.0,2000.0,Electronics,No
7284,18-25,Male,5-10L,Weekly,10000.0,Yes,3-5,Mobile,Groceries,25.0,15.0,2000.0,Fashion,Yes
7285,55+,Male,2-5L,Rarely,10000.0,No,1-3,Mobile,Electronics,30.0,7.0,1000.0,Electronics,No
7287,55+,Male,5L-10L,Weekly,10000.0,No,3-5,Mobile,Electronics,20.0,15.0,2000.0,Fashion,No
7288,55+,Male,5-10L,Weekly,5000.0,Yes,3-5,Mobile,Home & Furniture,20.0,30.0,500.0,Fashion,No
7289,46-55,Male,2-5L,Quarterly,10000.0,No,1-3,Mobile,Electronics,10.0,15.0,2000.0,Home & Furniture,Yes
7290,26-35,Male,2-5L,Quarterly,15000.0,No,3-5,Desktop,Groceries,30.0,30.0,1000.0,Books,Yes
7292,26-35,Male,<2,Quarterly,7000.0,No,3-5,Both,Fashion,50.0,30.0,5000.0,Home & Furniture,Yes
7293,55+,Female,>20L,Monthly,15000.0,No,3-5,Mobile,Fashion,30.0,30.0,500.0,Home & Furniture,No
7294,18-25,Male,>20L,Rarely,10000.0,No,3-5,Desktop,Electronics,50.0,7.0,1000.0,Home & Furniture,Yes
7295,46-55,Male,<2L,Quarterly,10000.0,Yes,1-3,Mobile,Fashion,40.0,30.0,2000.0,Home & Furniture,No
7296,55+,Male,>20L,Weekly,12000.0,Yes,3-5,Desktop,Groceries,40.0,7.0,1000.0,Books,No
7298,18-25,Male,5-10L,Quarterly,3000.0,Yes,5+,Mobile,Fashion,30.0,30.0,2000.0,Electronics,Yes
7299,55+,Male,5-10L,Weekly,10000.0,Yes,<1,Mobile,Fashion,20.0,30.0,1000.0,Home & Furniture,Yes
7300,46-55,Male,5L-10L,Weekly,10000.0,Yes,3-5,Mobile,Fashion,30.0,15.0,2000.0,Home & Furniture,Yes
7301,36-45,Male,>20L,Monthly,7000.0,No,1-3,Both,Electronics,30.0,15.0,2000.0,Groceries,No
7302,46-55,Male,2-5L,Quarterly,3000.0,No,3-5,Both,Fashion,20.0,7.0,1000.0,Books,Yes
7303,55+,Female,>20L,Rarely,20000.0,Yes,1-3,Mobile,Fashion,20.0,30.0,1000.0,Home & Furniture,Yes
7304,36-45,Male,<2L,Quarterly,12000.0,No,<1,Mobile,Books,30.0,7.0,5000.0,Fashion,No
7305,46-55,Male,5-10L,Weekly,7000.0,Yes,5+,Mobile,Electronics,30.0,30.0,1000.0,Groceries,No
7306,36-45,Male,>20L,Rarely,5000.0,Yes,3-5,Mobile,Fashion,20.0,7.0,1000.0,Groceries,No
7308,55+,Male,5L-10L,Quarterly,3000.0,Yes,5+,Mobile,Fashion,20.0,7.0,2000.0,Fashion,No
7310,55+,Male,5L-10L,Weekly,20000.0,No,3-5,Mobile,Electronics,40.0,7.0,1000.0,Fashion,No
7311,36-45,Male,<2,Bi-weekly,12000.0,Yes,3-5,Mobile,Home & Furniture,15.0,30.0,1000.0,Groceries,No
7312,26-35,Male,5L-10L,Weekly,10000.0,No,1-3,Mobile,Electronics,25.0,7.0,1000.0,Electronics,No
7313,36-45,Male,2-5L,Monthly,7000.0,Yes,1-3,Mobile,Fashion,20.0,60.0,1000.0,Home & Furniture,Yes
7314,46-55,Female,5-10L,Bi-weekly,5000.0,Yes,3-5,Mobile,Home & Furniture,20.0,15.0,5000.0,Electronics,No
7315,36-45,Male,5L-10L,Quarterly,20000.0,No,1-3,Desktop,Books,30.0,30.0,1000.0,Electronics,No
7316,26-35,Female,5-10L,Monthly,10000.0,No,3-5,Desktop,Fashion,15.0,7.0,2000.0,Home & Furniture,No
7318,55+,Male,10-20L,Weekly,5000.0,Yes,3-5,Mobile,Books,10.0,60.0,2000.0,Home & Furniture,Yes
7319,36-45,Female,<2L,Rarely,12000.0,No,1-3,Mobile,Electronics,30.0,7.0,10000.0,Books,No
7320,36-45,Male,>20L,Weekly,3000.0,Yes,1-3,Both,Electronics,20.0,15.0,1000.0,Fashion,No
7321,18-25,Female,<2,Quarterly,15000.0,Yes,3-5,Mobile,Electronics,15.0,7.0,5000.0,Books,No
7322,18-25,Male,5-10L,Weekly,10000.0,Yes,<1,Mobile,Groceries,40.0,30.0,5000.0,Electronics,No
7323,36-45,Male,<2,Quarterly,5000.0,Yes,5+,Mobile,Electronics,40.0,7.0,2000.0,Fashion,No
7324,55+,Female,5L-10L,Weekly,10000.0,No,5+,Mobile,Groceries,25.0,7.0,500.0,Home & Furniture,Yes
7325,55+,Male,<2L,Rarely,3000.0,No,3-5,Mobile,Electronics,50.0,15.0,1000.0,Electronics,No
7326,55+,Female,2-5L,Quarterly,12000.0,No,5+,Both,Fashion,25.0,7.0,1000.0,Groceries,Yes
7327,55+,Female,<2L,Weekly,5000.0,No,<1,Desktop,Fashion,30.0,30.0,10000.0,Fashion,No
7328,36-45,Male,5-10L,Quarterly,10000.0,Yes,1-3,Desktop,Electronics,30.0,30.0,1000.0,Groceries,No
7329,26-35,Male,5-10L,Bi-weekly,10000.0,Yes,5+,Desktop,Home & Furniture,15.0,15.0,500.0,Electronics,No
7330,36-45,Female,2-5L,Weekly,10000.0,No,3-5,Mobile,Electronics,10.0,60.0,5000.0,Fashion,No
7331,26-35,Male,<2L,Quarterly,10000.0,No,3-5,Mobile,Groceries,30.0,15.0,5000.0,Fashion,Yes
7332,55+,Female,5L-10L,Monthly,5000.0,No,<1,Mobile,Home & Furniture,30.0,30.0,1000.0,Electronics,No
7333,36-45,Male,<2L,Monthly,5000.0,No,1-3,Desktop,Fashion,30.0,7.0,5000.0,Home & Furniture,No
7334,55+,Male,<2L,Weekly,5000.0,No,3-5,Mobile,Books,50.0,15.0,2000.0,Fashion,No
7335,36-45,Male,5-10L,Quarterly,20000.0,Yes,1-3,Mobile,Fashion,30.0,30.0,2000.0,Home & Furniture,Yes
7337,46-55,Female,5L-10L,Weekly,5000.0,No,3-5,Mobile,Books,25.0,30.0,1000.0,Home & Furniture,No
7338,36-45,Male,2-5L,Monthly,10000.0,No,5+,Mobile,Groceries,30.0,60.0,1000.0,Groceries,No
7340,55+,Male,2-5L,Weekly,12000.0,No,5+,Mobile,Fashion,25.0,30.0,10000.0,Electronics,No
7341,46-55,Male,2-5L,Rarely,5000.0,No,3-5,Both,Fashion,40.0,30.0,2000.0,Fashion,No
7342,26-35,Male,>20L,Rarely,20000.0,No,1-3,Mobile,Groceries,20.0,30.0,1000.0,Electronics,Yes
7343,55+,Male,<2,Weekly,10000.0,Yes,5+,Mobile,Fashion,10.0,60.0,500.0,Electronics,Yes
7344,18-25,Male,>20L,Rarely,10000.0,Yes,3-5,Mobile,Electronics,30.0,60.0,5000.0,Home & Furniture,Yes
7345,55+,Male,<2L,Quarterly,5000.0,Yes,1-3,Mobile,Home & Furniture,20.0,60.0,5000.0,Home & Furniture,No
7348,36-45,Male,5-10L,Quarterly,15000.0,Yes,<1,Mobile,Electronics,30.0,7.0,2000.0,Electronics,Yes
7349,26-35,Female,5-10L,Weekly,20000.0,No,1-3,Desktop,Electronics,60.0,15.0,500.0,Fashion,Yes
7350,18-25,Male,>20L,Weekly,5000.0,No,1-3,Mobile,Fashion,30.0,60.0,2000.0,Home & Furniture,Yes
7351,18-25,Male,10-20L,Quarterly,20000.0,Yes,1-3,Mobile,Fashion,15.0,60.0,1000.0,Groceries,No
7352,18-25,Female,5-10L,Quarterly,10000.0,Yes,3-5,Both,Groceries,30.0,15.0,2000.0,Fashion,Yes
7353,55+,Male,<2L,Weekly,12000.0,Yes,<1,Desktop,Electronics,15.0,15.0,500.0,Home & Furniture,No
7354,46-55,Female,2-5L,Weekly,20000.0,Yes,5+,Mobile,Fashion,30.0,15.0,2000.0,Fashion,Yes
7355,36-45,Male,5-10L,Quarterly,20000.0,No,1-3,Mobile,Electronics,25.0,30.0,1000.0,Groceries,No
7356,36-45,Male,10-20L,Weekly,10000.0,No,<1,Mobile,Fashion,20.0,7.0,5000.0,Fashion,Yes
7357,55+,Male,>20L,Rarely,10000.0,No,3-5,Mobile,Groceries,25.0,15.0,5000.0,Electronics,Yes
7358,55+,Male,<2,Weekly,10000.0,No,5+,Both,Groceries,30.0,60.0,2000.0,Books,No
7359,26-35,Male,5L-10L,Rarely,5000.0,No,3-5,Mobile,Groceries,60.0,15.0,500.0,Fashion,Yes
7360,46-55,Male,<2L,Weekly,7000.0,Yes,5+,Both,Electronics,30.0,15.0,5000.0,Home & Furniture,Yes
7361,55+,Male,2-5L,Quarterly,15000.0,No,<1,Mobile,Electronics,30.0,30.0,2000.0,Fashion,No
7362,55+,Male,2-5L,Quarterly,10000.0,Yes,1-3,Mobile,Home & Furniture,40.0,60.0,500.0,Fashion,No
7363,55+,Female,5-10L,Weekly,7000.0,Yes,3-5,Desktop,Electronics,60.0,60.0,1000.0,Fashion,No
7364,55+,Male,10-20L,Rarely,5000.0,Yes,3-5,Mobile,Electronics,40.0,15.0,10000.0,Home & Furniture,No
7365,26-35,Female,5L-10L,Weekly,10000.0,Yes,3-5,Mobile,Electronics,60.0,7.0,5000.0,Home & Furniture,Yes
7366,18-25,Male,>20L,Monthly,5000.0,Yes,1-3,Mobile,Electronics,20.0,60.0,1000.0,Home & Furniture,Yes
7367,26-35,Male,5L-10L,Weekly,15000.0,Yes,1-3,Desktop,Electronics,60.0,15.0,1000.0,Books,No
7368,55+,Male,5-10L,Bi-weekly,12000.0,Yes,<1,Mobile,Electronics,40.0,7.0,500.0,Electronics,No
7370,55+,Female,5-10L,Rarely,5000.0,Yes,3-5,Desktop,Electronics,30.0,60.0,10000.0,Electronics,Yes
7371,55+,Male,5L-10L,Weekly,3000.0,Yes,5+,Mobile,Fashion,40.0,7.0,500.0,Electronics,Yes
7372,55+,Male,5-10L,Weekly,5000.0,No,1-3,Mobile,Books,25.0,60.0,1000.0,Home & Furniture,Yes
7373,46-55,Female,5-10L,Quarterly,7000.0,No,<1,Both,Books,30.0,30.0,500.0,Fashion,Yes
7374,55+,Male,5-10L,Quarterly,5000.0,No,<1,Mobile,Fashion,30.0,7.0,5000.0,Books,No
7375,46-55,Male,>20L,Weekly,10000.0,No,<1,Desktop,Fashion,30.0,30.0,1000.0,Fashion,No
7376,18-25,Male,>20L,Weekly,5000.0,Yes,1-3,Mobile,Books,10.0,30.0,10000.0,Home & Furniture,Yes
7377,18-25,Male,2-5L,Quarterly,5000.0,Yes,<1,Mobile,Electronics,20.0,15.0,500.0,Electronics,No
7378,55+,Male,5L-10L,Quarterly,20000.0,No,1-3,Both,Books,60.0,30.0,500.0,Fashion,Yes
7379,36-45,Male,10-20L,Bi-weekly,15000.0,No,1-3,Mobile,Home & Furniture,20.0,60.0,5000.0,Electronics,No
7380,36-45,Male,2-5L,Weekly,3000.0,Yes,5+,Mobile,Electronics,30.0,30.0,5000.0,Home & Furniture,No
7381,36-45,Male,10-20L,Bi-weekly,10000.0,Yes,3-5,Mobile,Home & Furniture,30.0,15.0,5000.0,Groceries,No
7382,36-45,Male,5L-10L,Quarterly,5000.0,No,1-3,Both,Fashion,40.0,30.0,1000.0,Home & Furniture,Yes
7383,55+,Female,5L-10L,Quarterly,12000.0,Yes,<1,Mobile,Fashion,25.0,60.0,10000.0,Fashion,No
7384,18-25,Male,5-10L,Quarterly,15000.0,No,<1,Mobile,Electronics,15.0,7.0,500.0,Fashion,No
7386,55+,Male,<2L,Weekly,10000.0,No,<1,Mobile,Home & Furniture,30.0,15.0,1000.0,Groceries,No
7387,46-55,Male,5-10L,Weekly,10000.0,No,<1,Mobile,Books,25.0,60.0,5000.0,Electronics,No
7389,55+,Male,2-5L,Weekly,10000.0,No,5+,Mobile,Electronics,25.0,15.0,1000.0,Home & Furniture,Yes
7390,55+,Male,<2,Weekly,5000.0,No,5+,Mobile,Fashion,10.0,30.0,2000.0,Electronics,No
7391,26-35,Male,5-10L,Weekly,3000.0,Yes,3-5,Both,Fashion,15.0,15.0,5000.0,Electronics,Yes
7392,18-25,Male,>20L,Rarely,10000.0,Yes,3-5,Mobile,Electronics,60.0,30.0,500.0,Home & Furniture,No
7393,55+,Male,5-10L,Bi-weekly,5000.0,No,<1,Desktop,Electronics,40.0,30.0,5000.0,Fashion,No
7394,55+,Male,5L-10L,Weekly,3000.0,No,1-3,Desktop,Books,50.0,30.0,10000.0,Electronics,Yes
7396,55+,Male,5-10L,Bi-weekly,20000.0,No,3-5,Mobile,Electronics,40.0,30.0,5000.0,Fashion,No
7397,36-45,Male,<2,Bi-weekly,5000.0,No,<1,Desktop,Home & Furniture,20.0,30.0,500.0,Home & Furniture,No
7398,36-45,Female,5-10L,Quarterly,7000.0,Yes,3-5,Mobile,Books,50.0,7.0,1000.0,Groceries,Yes
7399,55+,Male,>20L,Weekly,5000.0,Yes,3-5,Mobile,Home & Furniture,20.0,7.0,1000.0,Home & Furniture,No
7400,55+,Male,10-20L,Weekly,10000.0,No,3-5,Mobile,Groceries,40.0,30.0,2000.0,Fashion,Yes
7401,46-55,Male,10-20L,Rarely,3000.0,No,1-3,Mobile,Books,10.0,60.0,1000.0,Fashion,No
7403,36-45,Male,5-10L,Rarely,7000.0,Yes,3-5,Mobile,Books,30.0,30.0,1000.0,Electronics,Yes
7404,46-55,Female,5-10L,Monthly,10000.0,Yes,3-5,Mobile,Electronics,40.0,60.0,5000.0,Electronics,No
7405,46-55,Male,<2,Quarterly,15000.0,No,3-5,Mobile,Books,50.0,15.0,500.0,Fashion,No
7406,18-25,Male,5-10L,Rarely,3000.0,Yes,1-3,Desktop,Books,10.0,30.0,1000.0,Fashion,No
7408,46-55,Male,2-5L,Weekly,5000.0,Yes,1-3,Mobile,Groceries,40.0,15.0,500.0,Fashion,No
7409,46-55,Male,10-20L,Rarely,10000.0,No,1-3,Mobile,Electronics,50.0,15.0,2000.0,Fashion,Yes
7410,55+,Female,2-5L,Weekly,15000.0,Yes,1-3,Desktop,Home & Furniture,30.0,60.0,500.0,Electronics,Yes
7411,55+,Female,<2,Quarterly,5000.0,No,<1,Both,Fashion,30.0,7.0,500.0,Groceries,No
7412,55+,Male,5-10L,Weekly,15000.0,No,<1,Desktop,Electronics,30.0,30.0,500.0,Electronics,No
7413,18-25,Male,<2L,Quarterly,5000.0,Yes,<1,Mobile,Books,50.0,60.0,5000.0,Fashion,No
7415,46-55,Male,5L-10L,Weekly,10000.0,Yes,3-5,Both,Electronics,30.0,30.0,5000.0,Home & Furniture,No
7416,55+,Male,<2,Weekly,12000.0,Yes,3-5,Desktop,Electronics,20.0,7.0,10000.0,Fashion,No
7417,26-35,Male,5-10L,Weekly,5000.0,Yes,3-5,Both,Home & Furniture,15.0,60.0,1000.0,Fashion,Yes
7418,55+,Female,>20L,Rarely,20000.0,No,1-3,Both,Electronics,20.0,30.0,5000.0,Books,No
7419,36-45,Male,5-10L,Quarterly,5000.0,Yes,1-3,Mobile,Home & Furniture,30.0,60.0,5000.0,Home & Furniture,No
7420,55+,Female,2-5L,Monthly,15000.0,No,5+,Mobile,Electronics,20.0,7.0,2000.0,Books,No
7421,18-25,Female,10-20L,Weekly,5000.0,Yes,1-3,Desktop,Electronics,25.0,30.0,5000.0,Groceries,No
7422,26-35,Male,>20L,Weekly,3000.0,Yes,5+,Desktop,Electronics,30.0,30.0,2000.0,Fashion,No
7423,26-35,Male,5L-10L,Quarterly,15000.0,Yes,<1,Mobile,Electronics,15.0,7.0,500.0,Fashion,No
7424,36-45,Male,5-10L,Monthly,5000.0,Yes,1-3,Mobile,Electronics,20.0,60.0,10000.0,Electronics,No
7425,55+,Female,5L-10L,Weekly,10000.0,No,3-5,Mobile,Home & Furniture,40.0,15.0,1000.0,Home & Furniture,Yes
7426,26-35,Male,5L-10L,Bi-weekly,15000.0,Yes,<1,Both,Electronics,20.0,7.0,5000.0,Home & Furniture,No
7427,55+,Female,<2L,Weekly,5000.0,No,<1,Mobile,Fashion,20.0,60.0,500.0,Electronics,Yes
7429,46-55,Male,5L-10L,Weekly,10000.0,No,1-3,Both,Home & Furniture,30.0,7.0,1000.0,Electronics,No
7430,55+,Female,5L-10L,Quarterly,5000.0,No,1-3,Mobile,Fashion,30.0,30.0,2000.0,Home & Furniture,No
7431,55+,Male,5-10L,Weekly,3000.0,Yes,3-5,Mobile,Books,40.0,7.0,1000.0,Home & Furniture,Yes
7432,46-55,Female,10-20L,Quarterly,10000.0,No,5+,Mobile,Fashion,20.0,15.0,2000.0,Electronics,No
7433,55+,Male,5L-10L,Weekly,7000.0,Yes,<1,Mobile,Electronics,30.0,15.0,2000.0,Books,Yes
7434,55+,Male,5-10L,Weekly,5000.0,No,3-5,Mobile,Books,30.0,30.0,1000.0,Books,Yes
7435,18-25,Male,2-5L,Weekly,10000.0,No,<1,Desktop,Fashion,25.0,30.0,5000.0,Home & Furniture,No
7438,36-45,Male,5L-10L,Weekly,15000.0,No,3-5,Mobile,Home & Furniture,20.0,60.0,5000.0,Home & Furniture,No
7439,26-35,Male,5L-10L,Rarely,7000.0,No,1-3,Desktop,Electronics,25.0,30.0,1000.0,Electronics,No
7440,55+,Male,5-10L,Rarely,20000.0,No,5+,Mobile,Electronics,15.0,15.0,500.0,Fashion,Yes
7442,55+,Female,>20L,Rarely,20000.0,No,3-5,Both,Electronics,50.0,7.0,2000.0,Electronics,No
7443,55+,Male,>20L,Monthly,15000.0,Yes,<1,Mobile,Electronics,20.0,30.0,5000.0,Home & Furniture,Yes
7444,18-25,Female,<2,Weekly,7000.0,Yes,3-5,Desktop,Groceries,20.0,15.0,1000.0,Home & Furniture,No
7446,46-55,Male,2-5L,Weekly,5000.0,Yes,<1,Mobile,Fashion,25.0,7.0,1000.0,Home & Furniture,Yes
7447,46-55,Male,2-5L,Rarely,10000.0,No,<1,Both,Fashion,25.0,30.0,5000.0,Fashion,No
7448,55+,Male,5L-10L,Monthly,10000.0,Yes,1-3,Mobile,Home & Furniture,25.0,60.0,500.0,Home & Furniture,No
7449,36-45,Male,2-5L,Bi-weekly,10000.0,No,<1,Desktop,Electronics,25.0,30.0,500.0,Fashion,No
7450,36-45,Female,>20L,Monthly,5000.0,Yes,5+,Mobile,Home & Furniture,20.0,60.0,5000.0,Books,Yes
7452,55+,Male,5L-10L,Weekly,3000.0,Yes,1-3,Both,Electronics,20.0,60.0,1000.0,Home & Furniture,No
7453,55+,Male,<2,Weekly,12000.0,Yes,5+,Mobile,Electronics,30.0,15.0,5000.0,Home & Furniture,Yes
7455,55+,Male,<2L,Weekly,5000.0,Yes,5+,Mobile,Books,20.0,15.0,2000.0,Groceries,Yes
7456,46-55,Male,<2L,Weekly,7000.0,No,<1,Mobile,Home & Furniture,30.0,7.0,10000.0,Fashion,No
7457,55+,Male,>20L,Quarterly,10000.0,Yes,<1,Both,Electronics,20.0,7.0,1000.0,Fashion,No
7458,55+,Female,5-10L,Monthly,20000.0,Yes,1-3,Mobile,Groceries,30.0,30.0,5000.0,Electronics,Yes
7459,55+,Female,2-5L,Monthly,15000.0,No,1-3,Mobile,Fashion,30.0,60.0,1000.0,Groceries,No
7460,46-55,Male,>20L,Quarterly,7000.0,Yes,<1,Mobile,Electronics,50.0,15.0,1000.0,Fashion,Yes
7461,36-45,Male,10-20L,Quarterly,20000.0,Yes,1-3,Desktop,Fashion,15.0,30.0,500.0,Electronics,Yes
7463,18-25,Male,5-10L,Quarterly,5000.0,Yes,3-5,Mobile,Electronics,40.0,60.0,1000.0,Fashion,Yes
7464,55+,Male,2-5L,Weekly,10000.0,No,1-3,Desktop,Electronics,30.0,60.0,1000.0,Home & Furniture,No
7465,55+,Male,>20L,Rarely,12000.0,No,<1,Mobile,Books,10.0,7.0,2000.0,Home & Furniture,Yes
7466,18-25,Female,>20L,Monthly,5000.0,No,5+,Mobile,Fashion,60.0,30.0,5000.0,Fashion,Yes
7467,26-35,Male,5-10L,Weekly,12000.0,Yes,3-5,Desktop,Home & Furniture,40.0,30.0,1000.0,Electronics,No
7468,26-35,Male,10-20L,Rarely,3000.0,No,1-3,Desktop,Fashion,10.0,7.0,5000.0,Home & Furniture,Yes
7469,55+,Female,5L-10L,Monthly,5000.0,Yes,1-3,Mobile,Books,20.0,30.0,2000.0,Fashion,No
7472,55+,Male,5L-10L,Quarterly,7000.0,No,<1,Both,Fashion,20.0,15.0,2000.0,Home & Furniture,No
7473,36-45,Male,<2,Weekly,12000.0,No,3-5,Desktop,Books,20.0,7.0,2000.0,Electronics,Yes
7474,36-45,Male,>20L,Weekly,7000.0,No,1-3,Desktop,Home & Furniture,15.0,30.0,1000.0,Fashion,Yes
7475,36-45,Male,5-10L,Quarterly,5000.0,Yes,3-5,Desktop,Fashion,40.0,60.0,500.0,Home & Furniture,Yes
7476,55+,Female,5-10L,Weekly,10000.0,No,5+,Mobile,Fashion,40.0,15.0,1000.0,Fashion,No
7477,36-45,Male,2-5L,Weekly,20000.0,No,<1,Mobile,Fashion,40.0,30.0,2000.0,Home & Furniture,No
7478,26-35,Male,5L-10L,Quarterly,5000.0,No,5+,Mobile,Fashion,60.0,30.0,5000.0,Home & Furniture,No
7479,36-45,Male,<2L,Rarely,3000.0,No,1-3,Desktop,Fashion,50.0,30.0,1000.0,Fashion,No
7480,55+,Male,10-20L,Weekly,12000.0,No,5+,Both,Electronics,10.0,60.0,500.0,Fashion,No
7481,55+,Male,<2L,Quarterly,7000.0,No,<1,Mobile,Home & Furniture,20.0,60.0,1000.0,Fashion,No
7482,55+,Male,5-10L,Weekly,5000.0,Yes,<1,Both,Fashion,15.0,7.0,5000.0,Home & Furniture,No
7483,55+,Female,>20L,Monthly,10000.0,Yes,3-5,Mobile,Fashion,30.0,15.0,2000.0,Fashion,No
7484,55+,Male,5-10L,Quarterly,15000.0,No,3-5,Mobile,Electronics,25.0,30.0,500.0,Groceries,No
7485,26-35,Female,5L-10L,Quarterly,5000.0,Yes,5+,Mobile,Electronics,50.0,15.0,1000.0,Electronics,No
7487,26-35,Female,5-10L,Weekly,10000.0,Yes,3-5,Desktop,Fashion,40.0,30.0,10000.0,Home & Furniture,No
7489,26-35,Male,5L-10L,Quarterly,5000.0,Yes,3-5,Desktop,Home & Furniture,15.0,7.0,1000.0,Fashion,Yes
7490,18-25,Female,>20L,Weekly,10000.0,No,<1,Both,Home & Furniture,30.0,7.0,10000.0,Groceries,Yes
7491,55+,Male,5-10L,Weekly,10000.0,Yes,<1,Mobile,Electronics,20.0,15.0,1000.0,Fashion,No
7492,55+,Male,<2,Quarterly,10000.0,No,3-5,Mobile,Electronics,20.0,30.0,5000.0,Books,Yes
7493,55+,Male,5-10L,Quarterly,7000.0,Yes,<1,Mobile,Fashion,30.0,60.0,5000.0,Fashion,Yes
7494,18-25,Male,<2L,Weekly,10000.0,No,1-3,Desktop,Groceries,30.0,60.0,2000.0,Fashion,No
7495,55+,Male,<2L,Weekly,5000.0,No,1-3,Both,Home & Furniture,40.0,30.0,1000.0,Fashion,No
7496,55+,Female,5-10L,Rarely,15000.0,No,3-5,Mobile,Fashion,30.0,30.0,2000.0,Fashion,Yes
7497,36-45,Male,>20L,Bi-weekly,10000.0,No,1-3,Both,Books,20.0,30.0,10000.0,Home & Furniture,Yes
7498,36-45,Male,5-10L,Quarterly,7000.0,No,1-3,Both,Fashion,10.0,30.0,500.0,Home & Furniture,No
7499,55+,Male,2-5L,Weekly,10000.0,Yes,5+,Desktop,Electronics,25.0,15.0,1000.0,Fashion,No
7500,18-25,Female,<2L,Weekly,5000.0,No,5+,Mobile,Groceries,60.0,15.0,1000.0,Home & Furniture,No
7501,36-45,Male,2-5L,Weekly,15000.0,No,1-3,Mobile,Fashion,30.0,60.0,500.0,Fashion,Yes
7502,55+,Male,5-10L,Weekly,10000.0,Yes,1-3,Both,Groceries,50.0,15.0,10000.0,Fashion,No
7503,55+,Female,<2L,Rarely,5000.0,Yes,5+,Mobile,Electronics,60.0,7.0,1000.0,Fashion,Yes
7504,36-45,Female,5-10L,Rarely,3000.0,No,5+,Mobile,Electronics,30.0,7.0,1000.0,Groceries,Yes
7505,46-55,Male,5L-10L,Rarely,3000.0,No,1-3,Desktop,Electronics,20.0,30.0,1000.0,Fashion,No
7506,55+,Male,5L-10L,Weekly,3000.0,No,3-5,Mobile,Books,40.0,30.0,5000.0,Books,No
7507,55+,Male,>20L,Quarterly,10000.0,Yes,<1,Mobile,Electronics,30.0,7.0,10000.0,Electronics,No
7510,46-55,Female,<2,Rarely,10000.0,Yes,5+,Mobile,Electronics,60.0,60.0,1000.0,Groceries,No
7512,46-55,Male,10-20L,Bi-weekly,3000.0,No,1-3,Mobile,Electronics,30.0,60.0,5000.0,Fashion,Yes
7513,18-25,Male,<2L,Bi-weekly,3000.0,No,<1,Both,Groceries,25.0,30.0,1000.0,Home & Furniture,Yes
7514,55+,Male,2-5L,Weekly,10000.0,Yes,<1,Mobile,Electronics,20.0,60.0,1000.0,Home & Furniture,No
7515,55+,Male,5-10L,Rarely,10000.0,Yes,5+,Both,Fashion,30.0,30.0,1000.0,Fashion,No
7516,46-55,Male,5-10L,Weekly,5000.0,Yes,3-5,Mobile,Fashion,10.0,15.0,1000.0,Fashion,No
7517,55+,Male,10-20L,Weekly,3000.0,No,1-3,Mobile,Electronics,30.0,15.0,2000.0,Home & Furniture,No
7518,46-55,Female,2-5L,Bi-weekly,10000.0,No,5+,Mobile,Electronics,40.0,30.0,10000.0,Groceries,No
7519,36-45,Male,<2,Weekly,7000.0,Yes,<1,Mobile,Home & Furniture,50.0,30.0,1000.0,Fashion,No
7521,18-25,Male,5-10L,Monthly,7000.0,No,3-5,Both,Groceries,30.0,7.0,500.0,Books,No
7522,36-45,Male,<2,Quarterly,3000.0,No,1-3,Desktop,Electronics,50.0,30.0,1000.0,Home & Furniture,Yes
7523,36-45,Male,2-5L,Bi-weekly,10000.0,No,1-3,Mobile,Electronics,30.0,7.0,500.0,Groceries,No
7524,26-35,Male,2-5L,Weekly,10000.0,No,<1,Mobile,Fashion,30.0,30.0,500.0,Electronics,No
7526,55+,Male,5L-10L,Bi-weekly,5000.0,No,3-5,Mobile,Fashion,30.0,30.0,2000.0,Books,No
7527,55+,Male,5L-10L,Weekly,10000.0,No,3-5,Mobile,Groceries,25.0,15.0,2000.0,Home & Furniture,No
7528,55+,Male,5-10L,Weekly,5000.0,Yes,<1,Desktop,Electronics,50.0,30.0,500.0,Fashion,Yes
7529,36-45,Male,5L-10L,Quarterly,20000.0,No,5+,Mobile,Electronics,10.0,7.0,500.0,Home & Furniture,Yes
7530,26-35,Female,5L-10L,Weekly,10000.0,No,3-5,Mobile,Electronics,20.0,30.0,1000.0,Fashion,No
7531,18-25,Male,5-10L,Weekly,15000.0,Yes,1-3,Mobile,Home & Furniture,40.0,60.0,2000.0,Books,No
7533,36-45,Female,5-10L,Bi-weekly,10000.0,Yes,3-5,Mobile,Electronics,25.0,30.0,1000.0,Groceries,No
7534,55+,Female,5L-10L,Quarterly,5000.0,No,5+,Mobile,Home & Furniture,30.0,30.0,500.0,Groceries,Yes
7535,36-45,Male,<2L,Weekly,20000.0,Yes,5+,Mobile,Electronics,30.0,30.0,1000.0,Electronics,No
7537,55+,Male,2-5L,Bi-weekly,10000.0,Yes,<1,Desktop,Fashion,40.0,30.0,1000.0,Fashion,No
7538,55+,Female,2-5L,Weekly,3000.0,No,3-5,Mobile,Electronics,30.0,7.0,1000.0,Books,Yes
7539,18-25,Male,5L-10L,Bi-weekly,10000.0,Yes,1-3,Mobile,Home & Furniture,40.0,7.0,1000.0,Groceries,No
7540,26-35,Male,<2,Monthly,10000.0,No,1-3,Mobile,Groceries,30.0,7.0,2000.0,Electronics,Yes
7541,55+,Female,<2L,Weekly,10000.0,Yes,3-5,Mobile,Electronics,25.0,7.0,1000.0,Fashion,No
7542,36-45,Male,<2L,Weekly,12000.0,No,1-3,Mobile,Home & Furniture,10.0,60.0,1000.0,Home & Furniture,Yes
7544,55+,Female,5-10L,Weekly,10000.0,Yes,<1,Desktop,Books,30.0,7.0,5000.0,Home & Furniture,No
7545,46-55,Male,5-10L,Weekly,5000.0,No,5+,Mobile,Groceries,50.0,30.0,1000.0,Fashion,No
7546,26-35,Male,5-10L,Weekly,10000.0,No,5+,Mobile,Home & Furniture,25.0,60.0,1000.0,Home & Furniture,Yes
7548,18-25,Female,5L-10L,Monthly,10000.0,No,3-5,Mobile,Home & Furniture,40.0,7.0,1000.0,Home & Furniture,No
7549,18-25,Female,2-5L,Weekly,15000.0,No,3-5,Mobile,Fashion,40.0,7.0,1000.0,Home & Furniture,Yes
7550,18-25,Male,>20L,Rarely,5000.0,No,5+,Mobile,Electronics,30.0,7.0,1000.0,Home & Furniture,No
7551,55+,Male,5-10L,Weekly,15000.0,Yes,3-5,Mobile,Books,40.0,7.0,2000.0,Fashion,No
7552,46-55,Male,5L-10L,Quarterly,15000.0,No,<1,Mobile,Books,40.0,15.0,1000.0,Electronics,No
7553,26-35,Male,5-10L,Quarterly,5000.0,Yes,3-5,Mobile,Electronics,10.0,30.0,1000.0,Home & Furniture,No
7554,55+,Female,5-10L,Weekly,5000.0,No,1-3,Mobile,Groceries,20.0,15.0,5000.0,Groceries,Yes
7556,55+,Male,5-10L,Weekly,20000.0,Yes,3-5,Mobile,Home & Furniture,30.0,7.0,500.0,Home & Furniture,No
7557,26-35,Male,<2,Quarterly,5000.0,Yes,1-3,Mobile,Books,30.0,60.0,500.0,Home & Furniture,No
7558,36-45,Male,2-5L,Weekly,15000.0,No,<1,Both,Electronics,30.0,30.0,1000.0,Groceries,No
7559,55+,Male,<2,Monthly,5000.0,Yes,<1,Mobile,Electronics,15.0,7.0,2000.0,Electronics,No
7560,55+,Male,5-10L,Quarterly,5000.0,Yes,5+,Mobile,Electronics,60.0,7.0,1000.0,Fashion,No
7561,55+,Male,2-5L,Bi-weekly,15000.0,Yes,<1,Both,Books,25.0,15.0,2000.0,Home & Furniture,No
7562,26-35,Female,>20L,Rarely,5000.0,No,5+,Mobile,Electronics,30.0,30.0,500.0,Groceries,Yes
7563,55+,Female,<2L,Bi-weekly,12000.0,Yes,5+,Mobile,Electronics,40.0,60.0,500.0,Electronics,Yes
7564,55+,Male,5L-10L,Weekly,5000.0,No,3-5,Mobile,Books,20.0,7.0,5000.0,Fashion,No
7565,26-35,Female,2-5L,Bi-weekly,5000.0,No,<1,Desktop,Electronics,30.0,30.0,2000.0,Books,Yes
7566,55+,Male,<2L,Rarely,20000.0,No,<1,Both,Electronics,10.0,15.0,1000.0,Electronics,No
7567,18-25,Male,5-10L,Weekly,5000.0,No,1-3,Mobile,Groceries,10.0,60.0,5000.0,Home & Furniture,Yes
7568,46-55,Male,<2,Weekly,10000.0,Yes,3-5,Both,Books,30.0,30.0,1000.0,Electronics,Yes
7569,55+,Female,10-20L,Quarterly,15000.0,No,3-5,Mobile,Electronics,15.0,30.0,1000.0,Books,No
7570,55+,Male,5-10L,Rarely,12000.0,No,1-3,Desktop,Electronics,40.0,60.0,2000.0,Home & Furniture,No
7571,46-55,Male,5-10L,Weekly,20000.0,Yes,1-3,Both,Home & Furniture,30.0,15.0,1000.0,Groceries,No
7573,18-25,Male,5L-10L,Weekly,10000.0,Yes,<1,Mobile,Home & Furniture,15.0,7.0,2000.0,Electronics,No
7574,36-45,Female,<2L,Monthly,10000.0,Yes,1-3,Mobile,Electronics,25.0,60.0,2000.0,Groceries,No
7575,18-25,Male,>20L,Weekly,7000.0,No,1-3,Mobile,Electronics,50.0,60.0,500.0,Electronics,No
7576,55+,Female,<2,Bi-weekly,10000.0,No,5+,Mobile,Electronics,60.0,15.0,500.0,Groceries,No
7579,18-25,Female,5L-10L,Quarterly,12000.0,Yes,1-3,Mobile,Electronics,50.0,7.0,1000.0,Electronics,No
7580,36-45,Male,5L-10L,Weekly,7000.0,No,3-5,Desktop,Electronics,25.0,30.0,1000.0,Fashion,No
7581,26-35,Male,5-10L,Quarterly,10000.0,No,1-3,Mobile,Electronics,20.0,15.0,2000.0,Electronics,Yes
7582,55+,Male,10-20L,Rarely,7000.0,No,5+,Mobile,Fashion,25.0,7.0,1000.0,Books,No
7583,26-35,Male,5-10L,Quarterly,10000.0,Yes,5+,Mobile,Electronics,25.0,15.0,1000.0,Fashion,Yes
7584,55+,Male,5L-10L,Weekly,10000.0,No,3-5,Mobile,Fashion,40.0,15.0,500.0,Fashion,Yes
7585,46-55,Male,2-5L,Rarely,10000.0,Yes,<1,Mobile,Home & Furniture,20.0,30.0,1000.0,Electronics,No
7587,18-25,Female,2-5L,Quarterly,12000.0,No,1-3,Both,Books,30.0,15.0,1000.0,Fashion,Yes
7588,55+,Male,2-5L,Weekly,15000.0,No,1-3,Mobile,Fashion,10.0,7.0,500.0,Electronics,No
7589,46-55,Male,>20L,Weekly,12000.0,No,5+,Mobile,Fashion,30.0,30.0,2000.0,Groceries,No
7590,55+,Male,>20L,Bi-weekly,15000.0,No,3-5,Desktop,Fashion,40.0,15.0,2000.0,Fashion,No
7591,36-45,Female,5-10L,Weekly,5000.0,No,1-3,Mobile,Books,20.0,15.0,5000.0,Fashion,No
7592,55+,Male,2-5L,Weekly,10000.0,Yes,<1,Mobile,Fashion,10.0,15.0,2000.0,Fashion,Yes
7593,55+,Female,2-5L,Bi-weekly,5000.0,Yes,1-3,Mobile,Books,50.0,7.0,2000.0,Electronics,Yes
7594,55+,Male,<2L,Weekly,10000.0,Yes,1-3,Desktop,Groceries,25.0,15.0,2000.0,Electronics,No
7595,46-55,Male,<2L,Monthly,15000.0,No,5+,Mobile,Electronics,25.0,7.0,2000.0,Groceries,No
7596,55+,Male,<2,Bi-weekly,10000.0,No,3-5,Desktop,Books,40.0,30.0,500.0,Home & Furniture,Yes
7597,26-35,Male,<2,Weekly,10000.0,Yes,5+,Mobile,Fashion,20.0,30.0,1000.0,Fashion,No
7599,36-45,Male,2-5L,Rarely,5000.0,Yes,1-3,Mobile,Fashion,30.0,15.0,500.0,Home & Furniture,Yes
7600,46-55,Female,>20L,Bi-weekly,20000.0,Yes,3-5,Desktop,Fashion,20.0,60.0,500.0,Home & Furniture,Yes
7601,55+,Male,>20L,Rarely,5000.0,No,<1,Mobile,Home & Furniture,25.0,7.0,500.0,Home & Furniture,Yes
7602,55+,Female,5-10L,Weekly,5000.0,No,3-5,Both,Groceries,60.0,7.0,1000.0,Fashion,No
7603,55+,Male,5L-10L,Weekly,5000.0,No,5+,Mobile,Fashion,40.0,7.0,2000.0,Groceries,No
7606,55+,Male,5-10L,Bi-weekly,10000.0,Yes,1-3,Mobile,Fashion,30.0,30.0,1000.0,Fashion,No
7607,55+,Male,<2,Weekly,5000.0,No,<1,Mobile,Home & Furniture,20.0,7.0,500.0,Electronics,No
7608,18-25,Male,2-5L,Quarterly,3000.0,No,3-5,Mobile,Electronics,25.0,60.0,500.0,Electronics,No
7609,55+,Male,5L-10L,Bi-weekly,3000.0,No,<1,Mobile,Electronics,30.0,15.0,5000.0,Home & Furniture,Yes
7610,55+,Female,5L-10L,Quarterly,3000.0,No,<1,Mobile,Groceries,30.0,30.0,2000.0,Electronics,No
7611,55+,Male,5-10L,Quarterly,10000.0,Yes,1-3,Mobile,Electronics,20.0,30.0,1000.0,Electronics,No
7612,55+,Male,5-10L,Weekly,5000.0,No,3-5,Mobile,Electronics,40.0,30.0,1000.0,Electronics,Yes
7614,55+,Male,5-10L,Bi-weekly,7000.0,Yes,5+,Desktop,Books,40.0,7.0,2000.0,Fashion,Yes
7615,36-45,Female,5-10L,Quarterly,10000.0,Yes,3-5,Mobile,Home & Furniture,30.0,7.0,500.0,Groceries,No
7616,55+,Male,10-20L,Weekly,15000.0,No,<1,Mobile,Electronics,30.0,60.0,5000.0,Books,No
7617,26-35,Male,<2L,Weekly,3000.0,No,5+,Both,Groceries,30.0,7.0,2000.0,Home & Furniture,No
7619,55+,Male,>20L,Weekly,5000.0,No,3-5,Mobile,Fashion,10.0,7.0,5000.0,Electronics,No
7620,55+,Male,5-10L,Weekly,15000.0,No,<1,Mobile,Fashion,15.0,15.0,1000.0,Home & Furniture,Yes
7621,36-45,Male,5L-10L,Weekly,15000.0,No,3-5,Mobile,Electronics,40.0,30.0,10000.0,Home & Furniture,Yes
7622,55+,Male,5-10L,Weekly,5000.0,No,3-5,Mobile,Books,10.0,30.0,5000.0,Home & Furniture,Yes
7623,18-25,Male,2-5L,Quarterly,5000.0,Yes,1-3,Mobile,Groceries,30.0,30.0,1000.0,Home & Furniture,No
7624,18-25,Male,2-5L,Weekly,5000.0,No,3-5,Mobile,Fashion,30.0,60.0,5000.0,Fashion,No
7625,36-45,Male,10-20L,Bi-weekly,5000.0,Yes,<1,Mobile,Books,40.0,30.0,1000.0,Electronics,Yes
7626,18-25,Male,5-10L,Weekly,10000.0,Yes,3-5,Mobile,Home & Furniture,50.0,7.0,5000.0,Electronics,No
7627,55+,Male,<2,Weekly,5000.0,Yes,1-3,Mobile,Home & Furniture,30.0,7.0,1000.0,Home & Furniture,Yes
7628,55+,Male,>20L,Quarterly,5000.0,No,<1,Mobile,Fashion,60.0,60.0,2000.0,Books,No
7629,18-25,Male,5L-10L,Monthly,5000.0,No,<1,Mobile,Electronics,15.0,30.0,1000.0,Books,No
7630,55+,Male,2-5L,Rarely,5000.0,No,3-5,Mobile,Home & Furniture,20.0,30.0,2000.0,Home & Furniture,Yes
7631,55+,Male,5L-10L,Bi-weekly,5000.0,Yes,5+,Both,Groceries,20.0,30.0,1000.0,Fashion,No
7632,55+,Female,10-20L,Weekly,7000.0,Yes,5+,Mobile,Electronics,25.0,30.0,500.0,Home & Furniture,No
7633,55+,Male,2-5L,Rarely,15000.0,No,1-3,Mobile,Electronics,40.0,15.0,1000.0,Groceries,No
7634,46-55,Male,2-5L,Quarterly,5000.0,No,5+,Mobile,Fashion,20.0,30.0,5000.0,Groceries,No
7635,18-25,Male,10-20L,Quarterly,5000.0,Yes,5+,Mobile,Electronics,25.0,7.0,500.0,Home & Furniture,No
7636,18-25,Male,>20L,Rarely,15000.0,No,<1,Mobile,Fashion,50.0,30.0,5000.0,Electronics,No
7637,55+,Male,5L-10L,Weekly,5000.0,Yes,5+,Mobile,Home & Furniture,10.0,30.0,5000.0,Fashion,Yes
7638,55+,Female,5L-10L,Weekly,5000.0,No,5+,Mobile,Electronics,30.0,30.0,1000.0,Home & Furniture,No
7639,46-55,Male,2-5L,Weekly,10000.0,Yes,<1,Both,Fashion,30.0,30.0,5000.0,Groceries,No
7640,36-45,Female,5-10L,Rarely,5000.0,No,3-5,Mobile,Fashion,30.0,15.0,1000.0,Home & Furniture,No
7641,18-25,Female,2-5L,Weekly,10000.0,Yes,1-3,Mobile,Electronics,30.0,60.0,1000.0,Fashion,Yes
7642,55+,Male,<2L,Weekly,12000.0,Yes,1-3,Mobile,Fashion,60.0,7.0,5000.0,Groceries,No
7643,36-45,Male,>20L,Rarely,10000.0,Yes,3-5,Mobile,Books,25.0,30.0,2000.0,Electronics,No
7644,55+,Male,<2,Bi-weekly,12000.0,No,3-5,Mobile,Electronics,50.0,30.0,2000.0,Fashion,Yes
7645,55+,Female,>20L,Weekly,5000.0,No,3-5,Both,Fashion,20.0,30.0,500.0,Home & Furniture,Yes
7647,18-25,Male,5-10L,Weekly,7000.0,Yes,<1,Mobile,Electronics,30.0,7.0,500.0,Fashion,No
7648,36-45,Male,>20L,Monthly,7000.0,No,3-5,Mobile,Electronics,30.0,7.0,2000.0,Groceries,Yes
7649,36-45,Male,5-10L,Bi-weekly,10000.0,No,3-5,Mobile,Books,30.0,7.0,5000.0,Fashion,Yes
7650,55+,Male,5-10L,Quarterly,10000.0,No,3-5,Both,Books,25.0,30.0,1000.0,Books,No
7651,55+,Female,2-5L,Weekly,5000.0,Yes,5+,Desktop,Home & Furniture,30.0,60.0,500.0,Fashion,Yes
7652,26-35,Male,5L-10L,Monthly,15000.0,No,3-5,Desktop,Books,25.0,30.0,5000.0,Home & Furniture,No
7654,18-25,Male,5-10L,Weekly,20000.0,No,3-5,Both,Fashion,40.0,30.0,5000.0,Home & Furniture,No
7655,26-35,Male,<2L,Weekly,3000.0,Yes,3-5,Mobile,Home & Furniture,10.0,7.0,2000.0,Groceries,Yes
7656,55+,Male,<2,Monthly,10000.0,Yes,<1,Desktop,Fashion,30.0,60.0,1000.0,Electronics,Yes
7657,55+,Male,>20L,Quarterly,10000.0,No,3-5,Both,Books,60.0,30.0,1000.0,Groceries,No
7659,18-25,Male,2-5L,Weekly,12000.0,No,1-3,Mobile,Fashion,30.0,60.0,1000.0,Groceries,No
7661,36-45,Female,2-5L,Quarterly,10000.0,Yes,5+,Mobile,Fashion,10.0,30.0,1000.0,Home & Furniture,Yes
7662,55+,Male,5-10L,Weekly,15000.0,Yes,5+,Desktop,Home & Furniture,20.0,30.0,500.0,Fashion,No
7664,55+,Female,5-10L,Bi-weekly,10000.0,No,3-5,Both,Fashion,10.0,15.0,500.0,Groceries,No
7665,18-25,Male,2-5L,Bi-weekly,10000.0,Yes,1-3,Desktop,Electronics,20.0,15.0,500.0,Fashion,No
7666,36-45,Female,2-5L,Quarterly,10000.0,No,5+,Mobile,Electronics,30.0,7.0,5000.0,Groceries,No
7667,55+,Female,5L-10L,Quarterly,5000.0,Yes,1-3,Desktop,Books,50.0,7.0,1000.0,Groceries,Yes
7668,36-45,Female,<2L,Weekly,5000.0,Yes,3-5,Desktop,Books,40.0,7.0,1000.0,Electronics,No
7669,46-55,Female,<2,Quarterly,5000.0,No,5+,Desktop,Home & Furniture,30.0,30.0,2000.0,Fashion,No
7670,46-55,Male,5L-10L,Rarely,10000.0,No,1-3,Mobile,Home & Furniture,20.0,30.0,5000.0,Fashion,Yes
7672,26-35,Male,<2,Quarterly,5000.0,Yes,3-5,Both,Books,20.0,30.0,500.0,Fashion,Yes
7673,55+,Male,2-5L,Weekly,10000.0,Yes,<1,Mobile,Home & Furniture,40.0,30.0,1000.0,Electronics,Yes
7674,55+,Male,10-20L,Rarely,10000.0,Yes,1-3,Mobile,Fashion,25.0,7.0,1000.0,Groceries,No
7675,36-45,Male,<2,Quarterly,20000.0,No,<1,Mobile,Books,25.0,15.0,1000.0,Fashion,No
7676,46-55,Male,5-10L,Monthly,10000.0,No,5+,Desktop,Electronics,60.0,7.0,2000.0,Books,No
7677,26-35,Male,<2L,Weekly,5000.0,Yes,3-5,Mobile,Electronics,15.0,7.0,500.0,Electronics,Yes
7678,55+,Male,5-10L,Weekly,5000.0,Yes,3-5,Desktop,Fashion,30.0,15.0,10000.0,Fashion,No
7679,55+,Male,>20L,Quarterly,15000.0,No,<1,Both,Electronics,50.0,30.0,500.0,Home & Furniture,No
7680,55+,Male,5-10L,Weekly,10000.0,No,3-5,Mobile,Fashion,20.0,30.0,2000.0,Fashion,No
7681,55+,Male,<2L,Weekly,5000.0,No,1-3,Mobile,Electronics,25.0,15.0,500.0,Fashion,Yes
7682,46-55,Male,>20L,Quarterly,10000.0,Yes,<1,Both,Electronics,20.0,60.0,1000.0,Books,No
7683,36-45,Female,<2L,Weekly,7000.0,No,<1,Mobile,Home & Furniture,40.0,30.0,5000.0,Electronics,Yes
7684,55+,Female,<2L,Rarely,15000.0,No,3-5,Mobile,Groceries,30.0,7.0,5000.0,Groceries,Yes
7685,18-25,Male,2-5L,Weekly,15000.0,Yes,3-5,Mobile,Books,30.0,15.0,500.0,Fashion,No
7686,55+,Female,2-5L,Weekly,5000.0,No,3-5,Desktop,Fashion,50.0,30.0,1000.0,Home & Furniture,Yes
7687,36-45,Male,>20L,Quarterly,10000.0,No,<1,Mobile,Fashion,20.0,60.0,2000.0,Electronics,No
7688,55+,Female,<2L,Monthly,15000.0,Yes,1-3,Mobile,Groceries,20.0,7.0,5000.0,Home & Furniture,No
7689,55+,Male,10-20L,Weekly,5000.0,Yes,3-5,Mobile,Home & Furniture,40.0,60.0,500.0,Fashion,No
7690,36-45,Male,2-5L,Bi-weekly,10000.0,Yes,3-5,Mobile,Fashion,20.0,7.0,1000.0,Home & Furniture,No
7691,18-25,Male,<2L,Quarterly,7000.0,Yes,3-5,Desktop,Home & Furniture,25.0,30.0,5000.0,Books,No
7692,36-45,Male,10-20L,Monthly,5000.0,Yes,<1,Mobile,Fashion,30.0,15.0,5000.0,Home & Furniture,No
7694,26-35,Male,2-5L,Quarterly,10000.0,No,<1,Mobile,Fashion,30.0,7.0,2000.0,Electronics,No
7695,26-35,Male,>20L,Rarely,5000.0,No,1-3,Mobile,Electronics,30.0,30.0,2000.0,Electronics,Yes
7696,46-55,Male,5L-10L,Weekly,10000.0,Yes,<1,Mobile,Fashion,60.0,60.0,1000.0,Fashion,No
7697,36-45,Male,>20L,Rarely,10000.0,Yes,3-5,Mobile,Electronics,20.0,30.0,2000.0,Groceries,No
7699,18-25,Female,>20L,Quarterly,5000.0,Yes,1-3,Mobile,Electronics,40.0,30.0,5000.0,Electronics,Yes
7700,55+,Male,5-10L,Bi-weekly,10000.0,No,1-3,Both,Electronics,40.0,30.0,1000.0,Electronics,No
7701,55+,Male,<2L,Rarely,15000.0,No,5+,Mobile,Books,50.0,7.0,1000.0,Home & Furniture,No
7702,46-55,Female,10-20L,Weekly,12000.0,No,3-5,Mobile,Home & Furniture,25.0,30.0,1000.0,Home & Furniture,No
7703,46-55,Male,10-20L,Weekly,5000.0,No,3-5,Mobile,Books,15.0,30.0,5000.0,Fashion,No
7704,46-55,Male,<2L,Weekly,20000.0,No,5+,Mobile,Fashion,30.0,15.0,1000.0,Home & Furniture,No
7705,36-45,Male,5L-10L,Weekly,3000.0,Yes,5+,Mobile,Books,20.0,7.0,2000.0,Books,No
7706,46-55,Male,5L-10L,Quarterly,12000.0,Yes,3-5,Mobile,Fashion,15.0,30.0,2000.0,Home & Furniture,Yes
7707,26-35,Male,10-20L,Monthly,5000.0,Yes,<1,Mobile,Electronics,30.0,7.0,2000.0,Electronics,No
7709,36-45,Male,5L-10L,Weekly,15000.0,Yes,<1,Both,Electronics,25.0,60.0,1000.0,Home & Furniture,Yes
7710,46-55,Female,2-5L,Monthly,15000.0,Yes,1-3,Mobile,Books,20.0,30.0,500.0,Home & Furniture,No
7711,36-45,Male,5-10L,Monthly,5000.0,No,<1,Desktop,Electronics,30.0,30.0,5000.0,Books,Yes
7712,55+,Female,5-10L,Weekly,12000.0,No,3-5,Mobile,Home & Furniture,40.0,7.0,2000.0,Fashion,No
7713,36-45,Male,5-10L,Quarterly,5000.0,Yes,<1,Mobile,Electronics,30.0,60.0,5000.0,Fashion,No
7714,26-35,Male,10-20L,Monthly,7000.0,Yes,1-3,Mobile,Fashion,30.0,7.0,2000.0,Home & Furniture,No
7715,26-35,Male,10-20L,Quarterly,15000.0,Yes,3-5,Mobile,Groceries,20.0,30.0,500.0,Groceries,No
7716,18-25,Female,5L-10L,Weekly,10000.0,No,<1,Mobile,Groceries,30.0,30.0,2000.0,Groceries,Yes
7717,46-55,Male,5L-10L,Monthly,10000.0,Yes,5+,Desktop,Fashion,20.0,15.0,1000.0,Home & Furniture,No
7718,55+,Male,>20L,Quarterly,5000.0,Yes,5+,Both,Fashion,50.0,7.0,10000.0,Electronics,No
7719,55+,Female,>20L,Quarterly,10000.0,No,1-3,Mobile,Books,50.0,30.0,2000.0,Electronics,Yes
7720,36-45,Male,<2L,Rarely,5000.0,Yes,3-5,Desktop,Fashion,30.0,60.0,1000.0,Books,No
7721,26-35,Male,5-10L,Weekly,3000.0,No,1-3,Mobile,Home & Furniture,30.0,7.0,1000.0,Fashion,No
7722,55+,Male,<2,Weekly,20000.0,No,<1,Both,Electronics,20.0,7.0,1000.0,Fashion,Yes
7724,36-45,Male,5-10L,Monthly,3000.0,No,1-3,Mobile,Home & Furniture,20.0,7.0,1000.0,Books,Yes
7725,55+,Male,<2L,Bi-weekly,7000.0,Yes,5+,Desktop,Home & Furniture,50.0,15.0,1000.0,Home & Furniture,Yes
7726,36-45,Male,<2L,Quarterly,5000.0,No,3-5,Both,Electronics,20.0,60.0,500.0,Home & Furniture,Yes
7727,18-25,Female,<2,Rarely,5000.0,No,5+,Desktop,Electronics,50.0,30.0,2000.0,Home & Furniture,No
7728,26-35,Male,5-10L,Quarterly,15000.0,No,<1,Desktop,Fashion,50.0,30.0,1000.0,Fashion,No
7729,46-55,Male,2-5L,Quarterly,5000.0,No,<1,Mobile,Electronics,50.0,30.0,1000.0,Electronics,Yes
7730,18-25,Male,5L-10L,Weekly,5000.0,No,5+,Mobile,Groceries,50.0,30.0,10000.0,Home & Furniture,Yes
7731,46-55,Male,5-10L,Quarterly,5000.0,Yes,3-5,Mobile,Home & Furniture,20.0,7.0,1000.0,Books,Yes
7732,36-45,Male,5-10L,Quarterly,10000.0,Yes,3-5,Both,Electronics,30.0,15.0,5000.0,Electronics,No
7734,26-35,Female,5-10L,Weekly,5000.0,Yes,<1,Mobile,Groceries,20.0,7.0,1000.0,Fashion,No
7737,55+,Male,<2,Rarely,5000.0,No,1-3,Both,Home & Furniture,25.0,30.0,5000.0,Home & Furniture,Yes
7738,36-45,Male,5L-10L,Quarterly,15000.0,Yes,1-3,Desktop,Electronics,50.0,7.0,1000.0,Fashion,Yes
7740,36-45,Female,2-5L,Monthly,15000.0,No,<1,Desktop,Electronics,60.0,7.0,5000.0,Home & Furniture,Yes
7741,55+,Female,5-10L,Weekly,10000.0,No,<1,Mobile,Electronics,20.0,60.0,1000.0,Home & Furniture,Yes
7742,36-45,Male,>20L,Weekly,5000.0,No,1-3,Mobile,Home & Furniture,10.0,60.0,2000.0,Groceries,No
7743,55+,Male,5L-10L,Weekly,5000.0,No,<1,Both,Electronics,20.0,30.0,1000.0,Fashion,No
7744,55+,Male,2-5L,Quarterly,10000.0,No,<1,Mobile,Groceries,20.0,30.0,2000.0,Fashion,No
7745,55+,Male,>20L,Monthly,7000.0,Yes,5+,Mobile,Electronics,20.0,15.0,2000.0,Electronics,Yes
7747,46-55,Female,>20L,Weekly,5000.0,Yes,3-5,Mobile,Home & Furniture,50.0,15.0,1000.0,Electronics,No
7748,46-55,Male,<2L,Weekly,7000.0,Yes,1-3,Mobile,Fashion,25.0,15.0,500.0,Books,No
7749,26-35,Male,10-20L,Quarterly,7000.0,Yes,<1,Mobile,Home & Furniture,60.0,7.0,5000.0,Books,Yes
7750,55+,Male,2-5L,Bi-weekly,5000.0,Yes,1-3,Both,Fashion,40.0,7.0,10000.0,Electronics,Yes
7751,55+,Male,2-5L,Bi-weekly,10000.0,No,1-3,Both,Electronics,15.0,7.0,500.0,Books,No
7753,55+,Female,<2L,Weekly,20000.0,No,<1,Mobile,Fashion,20.0,60.0,1000.0,Electronics,No
7754,55+,Female,5-10L,Rarely,5000.0,Yes,3-5,Mobile,Books,40.0,30.0,5000.0,Home & Furniture,No
7756,55+,Male,2-5L,Rarely,5000.0,No,<1,Mobile,Home & Furniture,25.0,60.0,500.0,Electronics,No
7757,18-25,Male,5-10L,Weekly,10000.0,No,1-3,Mobile,Fashion,50.0,30.0,1000.0,Home & Furniture,No
7758,18-25,Male,5L-10L,Monthly,5000.0,No,3-5,Mobile,Books,50.0,30.0,5000.0,Groceries,Yes
7759,55+,Male,>20L,Quarterly,15000.0,No,1-3,Mobile,Books,40.0,30.0,5000.0,Fashion,Yes
7760,46-55,Male,<2,Weekly,20000.0,No,5+,Mobile,Fashion,50.0,15.0,5000.0,Fashion,No
7761,36-45,Male,10-20L,Quarterly,10000.0,No,3-5,Mobile,Fashion,25.0,7.0,2000.0,Electronics,No
7763,26-35,Male,<2L,Quarterly,10000.0,Yes,5+,Mobile,Electronics,30.0,30.0,1000.0,Home & Furniture,Yes
7764,26-35,Male,5-10L,Quarterly,10000.0,Yes,1-3,Mobile,Electronics,40.0,7.0,5000.0,Books,No
7765,46-55,Female,>20L,Weekly,12000.0,No,1-3,Mobile,Home & Furniture,40.0,7.0,1000.0,Fashion,No
7766,18-25,Female,2-5L,Weekly,5000.0,No,3-5,Both,Electronics,30.0,30.0,1000.0,Home & Furniture,Yes
7768,36-45,Male,10-20L,Weekly,10000.0,No,3-5,Mobile,Electronics,20.0,7.0,1000.0,Fashion,No
7769,55+,Male,2-5L,Quarterly,7000.0,No,5+,Mobile,Home & Furniture,10.0,30.0,2000.0,Home & Furniture,No
7770,55+,Male,5-10L,Weekly,10000.0,No,3-5,Both,Books,30.0,30.0,500.0,Electronics,No
7771,18-25,Male,5L-10L,Weekly,5000.0,No,5+,Mobile,Groceries,10.0,30.0,1000.0,Home & Furniture,No
7772,18-25,Female,10-20L,Monthly,5000.0,Yes,1-3,Mobile,Electronics,20.0,30.0,1000.0,Home & Furniture,No
7773,18-25,Male,<2,Rarely,5000.0,Yes,<1,Mobile,Fashion,20.0,60.0,5000.0,Groceries,No
7774,55+,Male,5-10L,Weekly,12000.0,No,3-5,Mobile,Electronics,25.0,15.0,500.0,Groceries,Yes
7776,36-45,Male,>20L,Weekly,5000.0,Yes,3-5,Mobile,Groceries,40.0,60.0,10000.0,Fashion,No
7777,26-35,Male,<2L,Quarterly,5000.0,No,1-3,Mobile,Fashion,10.0,15.0,2000.0,Electronics,No
7779,26-35,Male,5L-10L,Quarterly,10000.0,Yes,<1,Both,Home & Furniture,60.0,60.0,5000.0,Books,No
7780,55+,Male,2-5L,Quarterly,15000.0,No,5+,Desktop,Groceries,40.0,30.0,500.0,Groceries,Yes
7781,55+,Male,10-20L,Monthly,20000.0,Yes,1-3,Both,Electronics,40.0,60.0,1000.0,Books,Yes
7782,26-35,Male,2-5L,Monthly,3000.0,Yes,3-5,Desktop,Books,20.0,30.0,2000.0,Home & Furniture,No
7783,46-55,Female,5-10L,Weekly,20000.0,No,<1,Mobile,Fashion,30.0,30.0,500.0,Fashion,Yes
7784,26-35,Female,5L-10L,Weekly,5000.0,Yes,1-3,Desktop,Fashion,30.0,30.0,1000.0,Books,No
7786,55+,Male,>20L,Quarterly,7000.0,No,3-5,Desktop,Electronics,40.0,15.0,2000.0,Fashion,Yes
7787,55+,Male,2-5L,Weekly,10000.0,Yes,3-5,Desktop,Fashion,20.0,7.0,10000.0,Home & Furniture,Yes
7788,55+,Male,5-10L,Rarely,10000.0,No,1-3,Desktop,Electronics,20.0,7.0,1000.0,Groceries,No
7789,46-55,Male,5-10L,Weekly,5000.0,No,5+,Mobile,Home & Furniture,50.0,7.0,2000.0,Electronics,No
7790,26-35,Male,<2,Weekly,7000.0,No,<1,Mobile,Fashion,20.0,7.0,500.0,Home & Furniture,Yes
7791,55+,Male,2-5L,Rarely,5000.0,Yes,<1,Desktop,Fashion,25.0,7.0,2000.0,Fashion,Yes
7792,36-45,Male,10-20L,Rarely,5000.0,No,5+,Mobile,Home & Furniture,40.0,7.0,1000.0,Home & Furniture,No
7793,26-35,Male,<2,Weekly,10000.0,Yes,3-5,Mobile,Home & Furniture,30.0,60.0,10000.0,Home & Furniture,No
7794,55+,Female,5L-10L,Bi-weekly,10000.0,Yes,<1,Mobile,Books,30.0,30.0,500.0,Groceries,No
7796,55+,Male,<2,Rarely,3000.0,Yes,3-5,Mobile,Home & Furniture,25.0,7.0,2000.0,Home & Furniture,No
7798,55+,Male,10-20L,Rarely,7000.0,No,<1,Mobile,Electronics,30.0,60.0,10000.0,Home & Furniture,Yes
7799,36-45,Female,>20L,Weekly,10000.0,Yes,1-3,Both,Electronics,25.0,60.0,1000.0,Groceries,Yes
7800,26-35,Male,5-10L,Rarely,3000.0,No,3-5,Both,Books,30.0,30.0,10000.0,Electronics,No
7801,26-35,Female,<2L,Rarely,10000.0,Yes,<1,Mobile,Groceries,30.0,15.0,1000.0,Fashion,No
7803,55+,Male,<2L,Weekly,3000.0,No,3-5,Mobile,Fashion,25.0,7.0,1000.0,Books,Yes
7804,36-45,Male,10-20L,Monthly,10000.0,Yes,5+,Mobile,Fashion,30.0,7.0,1000.0,Home & Furniture,Yes
7805,26-35,Male,<2L,Quarterly,5000.0,Yes,<1,Mobile,Groceries,20.0,60.0,2000.0,Fashion,Yes
7806,55+,Male,2-5L,Rarely,10000.0,Yes,<1,Mobile,Fashion,10.0,7.0,2000.0,Groceries,Yes
7808,36-45,Male,2-5L,Quarterly,10000.0,Yes,3-5,Mobile,Fashion,25.0,60.0,500.0,Books,Yes
7809,55+,Male,5-10L,Quarterly,10000.0,Yes,1-3,Mobile,Books,20.0,60.0,2000.0,Electronics,Yes
7810,18-25,Male,<2L,Monthly,10000.0,Yes,3-5,Desktop,Home & Furniture,25.0,30.0,1000.0,Home & Furniture,Yes
7811,18-25,Male,<2,Weekly,10000.0,No,1-3,Mobile,Books,25.0,15.0,1000.0,Home & Furniture,No
7812,46-55,Male,<2L,Weekly,10000.0,No,3-5,Both,Electronics,25.0,7.0,5000.0,Fashion,No
7813,55+,Female,<2L,Monthly,5000.0,Yes,3-5,Mobile,Electronics,40.0,60.0,2000.0,Fashion,No
7814,26-35,Male,>20L,Quarterly,5000.0,Yes,5+,Mobile,Electronics,30.0,7.0,2000.0,Home & Furniture,No
7815,46-55,Male,5-10L,Weekly,10000.0,Yes,5+,Both,Electronics,10.0,15.0,1000.0,Books,No
7817,46-55,Male,>20L,Monthly,5000.0,Yes,1-3,Desktop,Electronics,30.0,30.0,500.0,Home & Furniture,Yes
7818,46-55,Male,2-5L,Rarely,5000.0,Yes,3-5,Mobile,Fashion,50.0,7.0,1000.0,Electronics,No
7819,55+,Male,<2L,Weekly,10000.0,Yes,3-5,Mobile,Fashion,30.0,7.0,2000.0,Fashion,No
7820,36-45,Female,2-5L,Quarterly,12000.0,No,3-5,Mobile,Home & Furniture,30.0,60.0,2000.0,Home & Furniture,Yes
7821,46-55,Female,5-10L,Weekly,12000.0,No,5+,Mobile,Electronics,50.0,15.0,500.0,Home & Furniture,No
7822,46-55,Male,>20L,Monthly,10000.0,Yes,3-5,Mobile,Electronics,40.0,15.0,500.0,Home & Furniture,Yes
7823,36-45,Female,2-5L,Weekly,5000.0,Yes,3-5,Both,Fashion,30.0,30.0,2000.0,Electronics,Yes
7824,26-35,Male,<2,Weekly,5000.0,No,3-5,Mobile,Fashion,30.0,15.0,5000.0,Books,Yes
7825,55+,Female,5-10L,Weekly,15000.0,No,3-5,Mobile,Groceries,40.0,60.0,2000.0,Groceries,No
7826,26-35,Male,5L-10L,Quarterly,15000.0,No,5+,Desktop,Groceries,30.0,30.0,5000.0,Home & Furniture,Yes
7827,55+,Male,>20L,Weekly,15000.0,Yes,3-5,Mobile,Fashion,30.0,15.0,1000.0,Home & Furniture,No
7830,26-35,Female,10-20L,Quarterly,5000.0,Yes,1-3,Mobile,Fashion,30.0,30.0,2000.0,Fashion,No
7831,55+,Male,>20L,Weekly,10000.0,Yes,1-3,Desktop,Groceries,40.0,15.0,5000.0,Groceries,Yes
7832,55+,Male,<2,Bi-weekly,10000.0,No,3-5,Mobile,Books,15.0,30.0,500.0,Books,Yes
7833,18-25,Male,5L-10L,Monthly,5000.0,No,3-5,Mobile,Fashion,60.0,30.0,10000.0,Fashion,No
7834,55+,Male,2-5L,Rarely,10000.0,Yes,5+,Mobile,Electronics,20.0,60.0,5000.0,Home & Furniture,No
7835,46-55,Male,>20L,Rarely,20000.0,Yes,<1,Mobile,Electronics,40.0,60.0,500.0,Groceries,No
7836,55+,Male,<2L,Monthly,5000.0,No,1-3,Mobile,Books,30.0,60.0,2000.0,Groceries,No
7837,26-35,Male,5L-10L,Bi-weekly,5000.0,Yes,<1,Desktop,Groceries,30.0,60.0,5000.0,Fashion,No
7838,55+,Female,>20L,Bi-weekly,10000.0,Yes,<1,Desktop,Electronics,60.0,15.0,2000.0,Fashion,Yes
7839,55+,Male,10-20L,Rarely,5000.0,No,3-5,Mobile,Groceries,30.0,15.0,2000.0,Books,No
7840,55+,Male,<2L,Weekly,12000.0,No,5+,Mobile,Books,30.0,30.0,2000.0,Electronics,Yes
7842,26-35,Female,5-10L,Quarterly,5000.0,No,3-5,Mobile,Books,30.0,30.0,2000.0,Home & Furniture,No
7844,46-55,Female,5-10L,Quarterly,7000.0,No,5+,Mobile,Electronics,60.0,15.0,5000.0,Electronics,No
7845,18-25,Male,5L-10L,Weekly,10000.0,Yes,1-3,Mobile,Groceries,50.0,30.0,5000.0,Home & Furniture,No
7846,26-35,Male,2-5L,Weekly,10000.0,Yes,1-3,Mobile,Home & Furniture,30.0,30.0,1000.0,Home & Furniture,Yes
7847,46-55,Female,<2,Weekly,15000.0,Yes,3-5,Mobile,Electronics,20.0,15.0,1000.0,Electronics,Yes
7848,55+,Female,5-10L,Quarterly,5000.0,Yes,<1,Mobile,Fashion,60.0,30.0,10000.0,Home & Furniture,Yes
7850,55+,Male,2-5L,Weekly,10000.0,No,1-3,Mobile,Fashion,10.0,30.0,2000.0,Home & Furniture,No
7851,46-55,Female,<2,Weekly,15000.0,No,<1,Mobile,Groceries,30.0,15.0,1000.0,Groceries,Yes
7852,55+,Male,2-5L,Rarely,12000.0,No,5+,Mobile,Fashion,30.0,15.0,1000.0,Home & Furniture,Yes
7853,46-55,Male,5L-10L,Bi-weekly,15000.0,Yes,1-3,Mobile,Books,40.0,15.0,2000.0,Groceries,Yes
7854,36-45,Female,<2,Quarterly,3000.0,No,3-5,Mobile,Fashion,25.0,60.0,1000.0,Home & Furniture,Yes
7855,26-35,Male,10-20L,Quarterly,7000.0,Yes,3-5,Mobile,Electronics,50.0,30.0,1000.0,Home & Furniture,No
7856,55+,Male,<2L,Weekly,5000.0,Yes,3-5,Mobile,Fashion,40.0,15.0,1000.0,Home & Furniture,Yes
7857,26-35,Male,<2L,Weekly,10000.0,No,3-5,Both,Electronics,50.0,60.0,5000.0,Home & Furniture,No
7858,26-35,Male,<2L,Weekly,10000.0,No,5+,Mobile,Groceries,50.0,30.0,10000.0,Electronics,No
7859,55+,Male,5-10L,Quarterly,10000.0,Yes,5+,Both,Fashion,50.0,30.0,10000.0,Fashion,No
7860,55+,Male,>20L,Quarterly,3000.0,Yes,<1,Mobile,Home & Furniture,30.0,15.0,5000.0,Home & Furniture,No
7861,55+,Male,5L-10L,Quarterly,10000.0,No,3-5,Mobile,Groceries,15.0,30.0,2000.0,Groceries,Yes
7862,18-25,Female,5-10L,Weekly,3000.0,Yes,3-5,Mobile,Electronics,20.0,30.0,500.0,Electronics,No
7863,18-25,Female,5-10L,Weekly,5000.0,No,<1,Desktop,Groceries,20.0,30.0,2000.0,Home & Furniture,Yes
7864,36-45,Female,<2L,Weekly,10000.0,Yes,<1,Mobile,Fashion,30.0,15.0,10000.0,Groceries,No
7865,55+,Male,5L-10L,Weekly,15000.0,Yes,<1,Mobile,Groceries,15.0,30.0,1000.0,Fashion,Yes
7866,36-45,Male,2-5L,Rarely,5000.0,No,3-5,Mobile,Groceries,20.0,30.0,2000.0,Fashion,No
7867,18-25,Female,5L-10L,Bi-weekly,10000.0,No,3-5,Mobile,Electronics,20.0,7.0,500.0,Fashion,No
7868,26-35,Male,5-10L,Weekly,10000.0,Yes,<1,Mobile,Fashion,40.0,15.0,10000.0,Books,No
7869,46-55,Male,>20L,Weekly,3000.0,No,3-5,Mobile,Home & Furniture,40.0,30.0,10000.0,Electronics,Yes
7870,55+,Male,10-20L,Bi-weekly,10000.0,No,1-3,Mobile,Electronics,50.0,15.0,500.0,Books,No
7871,18-25,Male,>20L,Weekly,3000.0,No,3-5,Desktop,Electronics,30.0,60.0,1000.0,Electronics,No
7872,18-25,Male,<2L,Quarterly,15000.0,Yes,<1,Mobile,Electronics,40.0,60.0,1000.0,Fashion,Yes
7873,26-35,Male,10-20L,Weekly,12000.0,Yes,1-3,Mobile,Fashion,10.0,7.0,5000.0,Fashion,No
7874,18-25,Male,5-10L,Quarterly,5000.0,No,1-3,Mobile,Books,25.0,30.0,2000.0,Books,No
7875,46-55,Male,5-10L,Weekly,5000.0,Yes,5+,Desktop,Electronics,10.0,15.0,1000.0,Groceries,No
7876,18-25,Male,10-20L,Weekly,5000.0,No,<1,Mobile,Electronics,40.0,60.0,5000.0,Fashion,No
7877,46-55,Male,<2L,Rarely,20000.0,No,3-5,Mobile,Fashion,20.0,7.0,5000.0,Groceries,No
7878,55+,Female,10-20L,Weekly,15000.0,Yes,<1,Mobile,Electronics,30.0,60.0,1000.0,Home & Furniture,No
7879,55+,Female,5L-10L,Weekly,15000.0,Yes,3-5,Mobile,Electronics,10.0,7.0,5000.0,Home & Furniture,Yes
7880,55+,Female,<2L,Weekly,7000.0,No,3-5,Mobile,Books,10.0,60.0,1000.0,Fashion,No
7881,55+,Male,>20L,Quarterly,15000.0,No,3-5,Mobile,Books,60.0,15.0,500.0,Home & Furniture,No
7882,18-25,Male,>20L,Weekly,10000.0,No,1-3,Mobile,Books,60.0,7.0,1000.0,Books,Yes
7883,36-45,Male,5-10L,Quarterly,5000.0,No,<1,Both,Electronics,20.0,30.0,500.0,Home & Furniture,No
7884,55+,Male,>20L,Bi-weekly,7000.0,Yes,<1,Mobile,Fashion,60.0,7.0,500.0,Groceries,No
7885,18-25,Male,5-10L,Weekly,7000.0,Yes,<1,Mobile,Home & Furniture,15.0,15.0,1000.0,Fashion,No
7886,36-45,Female,10-20L,Monthly,5000.0,No,1-3,Both,Groceries,20.0,15.0,2000.0,Fashion,Yes
7887,26-35,Male,10-20L,Bi-weekly,5000.0,No,3-5,Both,Fashion,25.0,15.0,500.0,Home & Furniture,No
7888,26-35,Male,10-20L,Weekly,7000.0,Yes,<1,Mobile,Fashion,30.0,60.0,1000.0,Groceries,No
7889,55+,Female,5-10L,Weekly,10000.0,No,5+,Mobile,Books,25.0,30.0,1000.0,Electronics,No
7890,46-55,Male,>20L,Monthly,5000.0,No,3-5,Mobile,Books,30.0,15.0,500.0,Home & Furniture,No
7891,46-55,Male,5-10L,Quarterly,5000.0,No,1-3,Mobile,Home & Furniture,15.0,15.0,1000.0,Fashion,Yes
7892,55+,Female,<2L,Weekly,10000.0,No,1-3,Desktop,Books,30.0,60.0,1000.0,Fashion,No
7893,18-25,Male,10-20L,Weekly,10000.0,Yes,<1,Mobile,Groceries,15.0,7.0,500.0,Groceries,Yes
7894,18-25,Female,5L-10L,Weekly,5000.0,No,1-3,Desktop,Groceries,10.0,30.0,1000.0,Home & Furniture,No
7895,36-45,Female,5L-10L,Quarterly,15000.0,No,1-3,Desktop,Groceries,15.0,30.0,10000.0,Electronics,No
7896,46-55,Female,2-5L,Rarely,7000.0,Yes,1-3,Mobile,Electronics,20.0,60.0,5000.0,Books,Yes
7898,18-25,Male,2-5L,Rarely,5000.0,Yes,3-5,Mobile,Electronics,20.0,7.0,2000.0,Groceries,Yes
7900,26-35,Male,2-5L,Rarely,5000.0,No,3-5,Mobile,Books,20.0,15.0,1000.0,Electronics,No
7901,36-45,Male,5L-10L,Bi-weekly,15000.0,Yes,<1,Desktop,Books,20.0,60.0,5000.0,Fashion,No
7902,46-55,Male,>20L,Weekly,15000.0,No,3-5,Mobile,Home & Furniture,30.0,30.0,5000.0,Home & Furniture,No
7903,55+,Male,<2,Weekly,10000.0,Yes,3-5,Desktop,Home & Furniture,15.0,30.0,5000.0,Home & Furniture,No
7904,46-55,Female,5L-10L,Quarterly,5000.0,Yes,5+,Mobile,Electronics,40.0,15.0,1000.0,Home & Furniture,No
7906,26-35,Male,<2L,Monthly,10000.0,No,3-5,Mobile,Fashion,20.0,30.0,1000.0,Electronics,No
7907,55+,Male,5L-10L,Weekly,15000.0,Yes,3-5,Mobile,Fashion,40.0,15.0,2000.0,Home & Furniture,Yes
7908,55+,Male,10-20L,Weekly,7000.0,No,<1,Mobile,Electronics,30.0,60.0,1000.0,Electronics,No
7909,46-55,Male,5-10L,Bi-weekly,15000.0,No,3-5,Desktop,Electronics,25.0,30.0,5000.0,Fashion,Yes
7910,36-45,Male,<2L,Quarterly,5000.0,Yes,<1,Mobile,Electronics,30.0,15.0,1000.0,Home & Furniture,Yes
7911,55+,Male,>20L,Monthly,10000.0,Yes,1-3,Mobile,Fashion,50.0,7.0,1000.0,Electronics,No
7912,18-25,Male,2-5L,Bi-weekly,5000.0,No,3-5,Mobile,Electronics,30.0,30.0,5000.0,Groceries,Yes
7913,36-45,Male,5-10L,Weekly,10000.0,No,1-3,Mobile,Electronics,30.0,30.0,5000.0,Fashion,Yes
7914,55+,Male,5-10L,Weekly,10000.0,Yes,5+,Mobile,Fashion,30.0,30.0,500.0,Fashion,Yes
7915,55+,Male,2-5L,Rarely,10000.0,No,3-5,Mobile,Home & Furniture,20.0,30.0,500.0,Home & Furniture,No
7918,18-25,Male,5-10L,Quarterly,5000.0,No,3-5,Mobile,Books,40.0,30.0,500.0,Fashion,Yes
7919,55+,Male,<2,Quarterly,10000.0,No,3-5,Mobile,Books,50.0,15.0,2000.0,Groceries,No
7920,36-45,Male,5-10L,Bi-weekly,10000.0,No,<1,Mobile,Home & Furniture,60.0,7.0,1000.0,Home & Furniture,No
7921,46-55,Female,2-5L,Rarely,20000.0,Yes,<1,Desktop,Home & Furniture,60.0,7.0,2000.0,Groceries,Yes
7922,36-45,Male,2-5L,Weekly,12000.0,No,5+,Mobile,Groceries,40.0,7.0,5000.0,Groceries,Yes
7923,55+,Male,2-5L,Quarterly,7000.0,No,3-5,Desktop,Books,25.0,30.0,2000.0,Fashion,Yes
7924,46-55,Female,>20L,Rarely,10000.0,Yes,3-5,Both,Home & Furniture,40.0,7.0,5000.0,Electronics,Yes
7926,26-35,Female,<2L,Weekly,3000.0,Yes,3-5,Mobile,Electronics,15.0,30.0,500.0,Electronics,No
7927,26-35,Male,5-10L,Rarely,5000.0,No,1-3,Mobile,Fashion,15.0,7.0,1000.0,Home & Furniture,No
7928,36-45,Female,5-10L,Quarterly,5000.0,No,5+,Desktop,Fashion,30.0,15.0,2000.0,Books,No
7929,18-25,Female,5L-10L,Quarterly,5000.0,No,1-3,Mobile,Books,30.0,15.0,500.0,Electronics,Yes
7930,55+,Female,2-5L,Monthly,15000.0,Yes,1-3,Mobile,Electronics,20.0,30.0,1000.0,Books,No
7931,26-35,Male,2-5L,Rarely,10000.0,No,1-3,Both,Groceries,25.0,60.0,5000.0,Groceries,Yes
7932,55+,Male,5-10L,Weekly,15000.0,Yes,3-5,Mobile,Electronics,20.0,60.0,2000.0,Electronics,No
7933,18-25,Male,<2,Quarterly,15000.0,No,3-5,Mobile,Groceries,40.0,7.0,500.0,Home & Furniture,No
7934,26-35,Male,5-10L,Rarely,12000.0,No,5+,Mobile,Fashion,40.0,15.0,2000.0,Home & Furniture,Yes
7935,46-55,Female,2-5L,Weekly,10000.0,Yes,3-5,Desktop,Fashion,20.0,30.0,500.0,Electronics,No
7936,26-35,Male,5-10L,Quarterly,5000.0,No,3-5,Mobile,Groceries,25.0,30.0,1000.0,Electronics,No
7938,26-35,Male,5-10L,Weekly,10000.0,Yes,5+,Desktop,Groceries,10.0,15.0,1000.0,Fashion,No
7939,26-35,Male,>20L,Quarterly,5000.0,Yes,1-3,Mobile,Electronics,10.0,30.0,500.0,Home & Furniture,No
7940,46-55,Male,5L-10L,Weekly,5000.0,No,<1,Desktop,Electronics,25.0,15.0,2000.0,Fashion,No
7941,26-35,Male,2-5L,Quarterly,20000.0,Yes,3-5,Desktop,Fashion,30.0,30.0,1000.0,Electronics,No
7942,36-45,Male,2-5L,Quarterly,10000.0,Yes,<1,Mobile,Electronics,25.0,7.0,2000.0,Home & Furniture,No
7943,55+,Male,<2L,Weekly,5000.0,Yes,5+,Mobile,Home & Furniture,40.0,30.0,5000.0,Groceries,No
7944,46-55,Female,<2L,Weekly,10000.0,Yes,1-3,Mobile,Home & Furniture,30.0,15.0,1000.0,Groceries,No
7945,46-55,Male,>20L,Weekly,12000.0,Yes,1-3,Mobile,Electronics,25.0,7.0,1000.0,Groceries,Yes
7946,26-35,Female,>20L,Quarterly,15000.0,Yes,3-5,Both,Home & Furniture,20.0,15.0,2000.0,Home & Furniture,No
7947,55+,Male,>20L,Weekly,10000.0,No,<1,Desktop,Groceries,20.0,30.0,5000.0,Fashion,No
7949,26-35,Male,2-5L,Monthly,12000.0,Yes,3-5,Mobile,Groceries,25.0,60.0,2000.0,Home & Furniture,Yes
7951,46-55,Male,2-5L,Quarterly,7000.0,Yes,5+,Mobile,Electronics,30.0,15.0,1000.0,Groceries,Yes
7952,46-55,Female,>20L,Weekly,10000.0,Yes,1-3,Mobile,Electronics,40.0,30.0,500.0,Electronics,Yes
7953,55+,Male,2-5L,Weekly,10000.0,No,<1,Mobile,Home & Furniture,40.0,60.0,1000.0,Fashion,No
7954,18-25,Female,<2L,Weekly,20000.0,Yes,<1,Mobile,Books,25.0,7.0,500.0,Electronics,No
7959,18-25,Male,5-10L,Quarterly,5000.0,No,1-3,Mobile,Books,50.0,7.0,500.0,Electronics,No
7960,55+,Female,<2,Weekly,5000.0,No,<1,Desktop,Electronics,30.0,30.0,5000.0,Fashion,No
7962,26-35,Female,5L-10L,Monthly,10000.0,No,3-5,Mobile,Home & Furniture,30.0,7.0,500.0,Groceries,Yes
7963,55+,Male,10-20L,Weekly,10000.0,No,<1,Desktop,Electronics,25.0,60.0,2000.0,Home & Furniture,No
7964,55+,Male,2-5L,Weekly,5000.0,Yes,1-3,Mobile,Home & Furniture,30.0,30.0,1000.0,Groceries,No
7965,26-35,Female,10-20L,Rarely,5000.0,No,3-5,Mobile,Electronics,15.0,15.0,500.0,Fashion,No
7966,55+,Female,<2L,Weekly,5000.0,No,3-5,Mobile,Fashion,25.0,15.0,2000.0,Electronics,Yes
7967,46-55,Male,<2,Weekly,5000.0,Yes,<1,Mobile,Electronics,50.0,30.0,2000.0,Books,No
7968,55+,Male,>20L,Weekly,3000.0,Yes,1-3,Mobile,Home & Furniture,20.0,7.0,500.0,Home & Furniture,No
7970,18-25,Male,5L-10L,Weekly,7000.0,No,<1,Mobile,Groceries,30.0,30.0,2000.0,Groceries,No
7971,46-55,Female,5-10L,Weekly,15000.0,No,3-5,Both,Groceries,40.0,30.0,500.0,Fashion,No
7972,18-25,Male,>20L,Rarely,3000.0,Yes,<1,Mobile,Books,25.0,30.0,500.0,Electronics,Yes
7973,55+,Male,5-10L,Weekly,5000.0,Yes,5+,Mobile,Electronics,30.0,15.0,500.0,Fashion,Yes
7974,18-25,Male,2-5L,Weekly,15000.0,No,1-3,Mobile,Home & Furniture,25.0,60.0,1000.0,Fashion,Yes
7975,55+,Male,<2,Quarterly,7000.0,Yes,1-3,Mobile,Electronics,40.0,30.0,1000.0,Fashion,No
7976,55+,Male,<2,Weekly,3000.0,Yes,5+,Desktop,Fashion,15.0,30.0,2000.0,Home & Furniture,No
7978,55+,Male,<2,Rarely,15000.0,Yes,3-5,Mobile,Electronics,30.0,7.0,5000.0,Electronics,Yes
7979,55+,Male,<2L,Weekly,5000.0,No,1-3,Mobile,Electronics,40.0,7.0,2000.0,Fashion,Yes
7982,55+,Female,<2L,Weekly,10000.0,No,<1,Mobile,Groceries,20.0,7.0,500.0,Groceries,No
7983,55+,Male,5L-10L,Weekly,12000.0,No,3-5,Both,Fashion,25.0,15.0,10000.0,Fashion,No
7984,55+,Female,<2,Quarterly,7000.0,Yes,1-3,Desktop,Home & Furniture,15.0,60.0,1000.0,Home & Furniture,No
7985,55+,Male,<2,Quarterly,10000.0,Yes,3-5,Mobile,Electronics,30.0,30.0,1000.0,Groceries,No
7986,26-35,Male,>20L,Weekly,10000.0,Yes,3-5,Mobile,Home & Furniture,30.0,30.0,1000.0,Electronics,No
7987,55+,Female,>20L,Weekly,5000.0,Yes,1-3,Both,Fashion,30.0,60.0,1000.0,Fashion,No
7988,55+,Male,<2L,Bi-weekly,10000.0,No,<1,Mobile,Fashion,60.0,60.0,1000.0,Home & Furniture,No
7990,55+,Male,>20L,Quarterly,5000.0,Yes,1-3,Mobile,Electronics,30.0,7.0,1000.0,Groceries,No
7991,46-55,Male,5-10L,Rarely,10000.0,No,<1,Both,Electronics,15.0,30.0,500.0,Groceries,Yes
7993,18-25,Male,>20L,Weekly,10000.0,No,1-3,Desktop,Electronics,20.0,30.0,10000.0,Electronics,No
7994,55+,Female,5-10L,Quarterly,10000.0,No,1-3,Mobile,Home & Furniture,25.0,60.0,2000.0,Electronics,No
7995,18-25,Male,>20L,Quarterly,7000.0,Yes,3-5,Mobile,Electronics,30.0,30.0,5000.0,Home & Furniture,Yes
7996,36-45,Male,5-10L,Weekly,3000.0,No,5+,Mobile,Home & Furniture,20.0,30.0,1000.0,Groceries,No
7997,18-25,Female,5-10L,Rarely,5000.0,No,<1,Mobile,Groceries,10.0,30.0,2000.0,Electronics,Yes
7999,26-35,Male,>20L,Weekly,12000.0,No,3-5,Both,Books,50.0,7.0,1000.0,Home & Furniture,No
8000,55+,Male,<2,Weekly,7000.0,Yes,5+,Desktop,Electronics,15.0,7.0,500.0,Fashion,No
8001,46-55,Male,5-10L,Quarterly,10000.0,No,3-5,Desktop,Groceries,25.0,60.0,2000.0,Electronics,No
8002,55+,Male,2-5L,Bi-weekly,7000.0,Yes,1-3,Mobile,Electronics,25.0,7.0,5000.0,Groceries,No
8003,26-35,Male,5-10L,Weekly,7000.0,No,3-5,Mobile,Books,10.0,60.0,1000.0,Electronics,No
8004,55+,Male,5-10L,Quarterly,10000.0,No,5+,Mobile,Electronics,20.0,7.0,1000.0,Fashion,No
8006,55+,Male,5-10L,Quarterly,12000.0,No,3-5,Mobile,Home & Furniture,50.0,7.0,500.0,Books,No
8007,46-55,Male,5-10L,Weekly,5000.0,Yes,3-5,Both,Electronics,10.0,7.0,2000.0,Fashion,No
8008,55+,Male,5L-10L,Bi-weekly,12000.0,No,3-5,Both,Electronics,30.0,7.0,1000.0,Books,Yes
8009,55+,Female,>20L,Quarterly,5000.0,Yes,5+,Mobile,Fashion,30.0,60.0,10000.0,Electronics,Yes
8012,55+,Male,>20L,Weekly,3000.0,No,<1,Mobile,Groceries,60.0,15.0,500.0,Books,Yes
8013,55+,Male,2-5L,Weekly,5000.0,Yes,3-5,Desktop,Electronics,30.0,15.0,1000.0,Home & Furniture,Yes
8014,55+,Male,<2L,Weekly,3000.0,Yes,5+,Mobile,Fashion,30.0,15.0,2000.0,Electronics,No
8015,18-25,Male,<2L,Monthly,10000.0,No,3-5,Mobile,Fashion,30.0,60.0,1000.0,Books,Yes
8016,26-35,Female,<2L,Monthly,5000.0,No,3-5,Mobile,Groceries,30.0,30.0,1000.0,Fashion,Yes
8017,55+,Male,10-20L,Weekly,12000.0,Yes,3-5,Mobile,Fashion,20.0,60.0,2000.0,Electronics,No
8018,55+,Male,2-5L,Quarterly,5000.0,No,<1,Both,Groceries,40.0,30.0,1000.0,Fashion,No
8019,36-45,Male,>20L,Quarterly,10000.0,No,1-3,Desktop,Electronics,20.0,7.0,1000.0,Books,No
8020,46-55,Male,5L-10L,Quarterly,10000.0,No,5+,Mobile,Home & Furniture,20.0,60.0,2000.0,Books,No
8021,26-35,Male,<2L,Quarterly,12000.0,No,1-3,Both,Home & Furniture,30.0,7.0,1000.0,Fashion,No
8022,26-35,Male,10-20L,Weekly,10000.0,Yes,3-5,Desktop,Groceries,30.0,15.0,500.0,Electronics,Yes
8023,55+,Male,<2,Monthly,5000.0,No,5+,Mobile,Groceries,20.0,15.0,5000.0,Home & Furniture,Yes
8024,36-45,Male,>20L,Rarely,12000.0,No,5+,Mobile,Fashion,25.0,60.0,2000.0,Books,No
8025,26-35,Female,<2L,Rarely,10000.0,Yes,3-5,Mobile,Fashion,30.0,15.0,10000.0,Fashion,Yes
8026,36-45,Male,>20L,Weekly,20000.0,No,5+,Mobile,Books,30.0,7.0,1000.0,Groceries,No
8027,36-45,Female,5-10L,Rarely,10000.0,No,3-5,Both,Electronics,30.0,60.0,2000.0,Fashion,No
8028,55+,Male,>20L,Weekly,10000.0,Yes,<1,Mobile,Electronics,20.0,30.0,2000.0,Home & Furniture,No
8029,55+,Male,5-10L,Monthly,12000.0,No,1-3,Mobile,Fashion,15.0,30.0,5000.0,Home & Furniture,No
8030,55+,Male,<2L,Weekly,3000.0,Yes,3-5,Both,Books,60.0,60.0,10000.0,Home & Furniture,Yes
8031,46-55,Male,<2L,Quarterly,10000.0,No,3-5,Mobile,Books,30.0,60.0,1000.0,Fashion,No
8033,46-55,Female,5-10L,Rarely,5000.0,Yes,<1,Mobile,Books,20.0,60.0,1000.0,Home & Furniture,No
8035,18-25,Male,2-5L,Weekly,3000.0,No,3-5,Mobile,Home & Furniture,30.0,60.0,5000.0,Home & Furniture,No
8036,55+,Male,>20L,Quarterly,5000.0,Yes,3-5,Desktop,Fashion,30.0,15.0,500.0,Home & Furniture,No
8038,36-45,Female,>20L,Weekly,10000.0,Yes,3-5,Mobile,Books,20.0,30.0,5000.0,Electronics,No
8040,55+,Male,2-5L,Weekly,5000.0,No,1-3,Mobile,Electronics,30.0,30.0,1000.0,Books,Yes
8042,36-45,Male,2-5L,Rarely,5000.0,No,1-3,Both,Fashion,50.0,7.0,10000.0,Groceries,No
8044,36-45,Male,5L-10L,Quarterly,10000.0,No,3-5,Mobile,Groceries,30.0,30.0,1000.0,Electronics,No
8045,55+,Male,5-10L,Weekly,15000.0,Yes,3-5,Mobile,Electronics,25.0,60.0,500.0,Books,No
8046,26-35,Male,2-5L,Weekly,12000.0,No,<1,Desktop,Electronics,40.0,15.0,1000.0,Home & Furniture,No
8047,55+,Male,10-20L,Monthly,5000.0,No,1-3,Mobile,Electronics,30.0,7.0,1000.0,Fashion,No
8048,55+,Male,5-10L,Weekly,5000.0,No,3-5,Mobile,Fashion,50.0,7.0,2000.0,Home & Furniture,Yes
8049,46-55,Male,2-5L,Monthly,10000.0,Yes,<1,Mobile,Books,20.0,30.0,1000.0,Home & Furniture,Yes
8050,55+,Male,>20L,Rarely,10000.0,Yes,5+,Desktop,Home & Furniture,10.0,7.0,2000.0,Fashion,No
8051,36-45,Male,<2L,Weekly,5000.0,Yes,<1,Mobile,Electronics,30.0,30.0,500.0,Home & Furniture,Yes
8052,55+,Female,<2L,Weekly,10000.0,Yes,3-5,Mobile,Fashion,20.0,15.0,1000.0,Electronics,Yes
8054,55+,Male,10-20L,Quarterly,5000.0,Yes,<1,Both,Electronics,25.0,7.0,2000.0,Home & Furniture,Yes
8055,55+,Male,2-5L,Rarely,10000.0,No,5+,Mobile,Groceries,30.0,15.0,2000.0,Fashion,No
8057,46-55,Male,10-20L,Weekly,3000.0,Yes,3-5,Mobile,Electronics,40.0,60.0,500.0,Electronics,No
8060,55+,Male,10-20L,Quarterly,3000.0,Yes,3-5,Mobile,Books,30.0,60.0,5000.0,Home & Furniture,No
8061,46-55,Female,10-20L,Weekly,10000.0,No,3-5,Desktop,Home & Furniture,30.0,7.0,5000.0,Home & Furniture,No
8062,55+,Male,5-10L,Weekly,5000.0,No,3-5,Mobile,Electronics,15.0,7.0,2000.0,Fashion,Yes
8063,46-55,Female,<2L,Weekly,15000.0,Yes,3-5,Mobile,Electronics,30.0,60.0,2000.0,Fashion,No
8065,55+,Female,2-5L,Quarterly,20000.0,No,<1,Both,Electronics,40.0,60.0,2000.0,Electronics,Yes
8066,18-25,Female,<2L,Quarterly,3000.0,No,5+,Mobile,Books,60.0,30.0,1000.0,Fashion,No
8067,18-25,Male,2-5L,Weekly,15000.0,Yes,<1,Desktop,Books,20.0,30.0,2000.0,Fashion,Yes
8068,36-45,Male,5-10L,Weekly,5000.0,Yes,1-3,Mobile,Electronics,10.0,30.0,5000.0,Books,Yes
8069,18-25,Male,5L-10L,Rarely,5000.0,No,1-3,Mobile,Electronics,40.0,15.0,1000.0,Groceries,Yes
8071,36-45,Female,5-10L,Weekly,7000.0,No,3-5,Mobile,Books,25.0,30.0,1000.0,Groceries,Yes
8072,46-55,Male,5-10L,Weekly,5000.0,Yes,3-5,Mobile,Electronics,30.0,15.0,2000.0,Books,No
8073,26-35,Male,<2L,Quarterly,12000.0,Yes,5+,Mobile,Fashion,25.0,60.0,2000.0,Home & Furniture,No
8074,36-45,Female,5-10L,Weekly,12000.0,Yes,<1,Desktop,Electronics,30.0,15.0,2000.0,Groceries,No
8075,55+,Male,<2L,Weekly,5000.0,Yes,1-3,Both,Fashion,50.0,30.0,500.0,Fashion,No
8076,36-45,Male,<2,Bi-weekly,12000.0,No,3-5,Mobile,Electronics,40.0,30.0,5000.0,Books,No
8077,18-25,Male,>20L,Bi-weekly,5000.0,No,1-3,Both,Fashion,30.0,15.0,500.0,Home & Furniture,Yes
8078,26-35,Male,<2,Weekly,10000.0,No,3-5,Mobile,Fashion,40.0,30.0,1000.0,Fashion,Yes
8079,55+,Male,5-10L,Rarely,5000.0,No,1-3,Mobile,Groceries,40.0,15.0,2000.0,Home & Furniture,Yes
8080,55+,Male,5-10L,Rarely,5000.0,No,1-3,Desktop,Electronics,10.0,60.0,2000.0,Fashion,Yes
8081,26-35,Male,5L-10L,Rarely,3000.0,No,1-3,Mobile,Fashion,40.0,15.0,500.0,Books,No
8082,46-55,Male,5-10L,Quarterly,5000.0,No,3-5,Mobile,Electronics,60.0,30.0,1000.0,Home & Furniture,No
8083,18-25,Male,2-5L,Rarely,5000.0,No,3-5,Desktop,Home & Furniture,10.0,30.0,5000.0,Home & Furniture,No
8085,18-25,Male,2-5L,Quarterly,15000.0,Yes,<1,Mobile,Fashion,30.0,30.0,5000.0,Groceries,Yes
8086,55+,Male,>20L,Weekly,20000.0,No,<1,Desktop,Books,30.0,15.0,1000.0,Home & Furniture,No
8088,26-35,Male,2-5L,Weekly,3000.0,No,5+,Desktop,Electronics,20.0,30.0,2000.0,Home & Furniture,Yes
8090,18-25,Male,5-10L,Weekly,10000.0,No,<1,Desktop,Home & Furniture,20.0,30.0,2000.0,Books,No
8091,36-45,Male,<2,Weekly,5000.0,Yes,5+,Desktop,Electronics,50.0,7.0,1000.0,Groceries,Yes
8092,18-25,Male,2-5L,Weekly,12000.0,No,3-5,Mobile,Fashion,30.0,15.0,1000.0,Electronics,No
8093,26-35,Female,5L-10L,Weekly,20000.0,No,<1,Mobile,Electronics,20.0,30.0,500.0,Fashion,Yes
8094,55+,Male,5-10L,Weekly,5000.0,No,3-5,Desktop,Books,50.0,7.0,1000.0,Electronics,No
8096,55+,Male,5L-10L,Rarely,5000.0,No,3-5,Desktop,Electronics,30.0,15.0,5000.0,Groceries,No
8098,46-55,Male,<2,Bi-weekly,5000.0,Yes,<1,Mobile,Fashion,30.0,60.0,10000.0,Electronics,No
8099,36-45,Male,2-5L,Weekly,10000.0,No,5+,Mobile,Electronics,20.0,7.0,1000.0,Home & Furniture,Yes
8100,55+,Female,>20L,Quarterly,3000.0,Yes,5+,Mobile,Groceries,10.0,7.0,500.0,Fashion,Yes
8102,26-35,Male,2-5L,Monthly,5000.0,Yes,5+,Mobile,Groceries,15.0,30.0,2000.0,Fashion,Yes
8103,55+,Female,>20L,Quarterly,7000.0,No,<1,Mobile,Electronics,20.0,30.0,2000.0,Electronics,No
8104,55+,Female,<2,Weekly,10000.0,Yes,1-3,Mobile,Fashion,20.0,30.0,10000.0,Fashion,Yes
8105,55+,Female,>20L,Weekly,5000.0,No,3-5,Mobile,Electronics,20.0,30.0,5000.0,Books,No
8106,18-25,Male,10-20L,Rarely,10000.0,Yes,3-5,Mobile,Electronics,20.0,15.0,2000.0,Fashion,No
8107,26-35,Male,<2,Rarely,20000.0,No,<1,Mobile,Fashion,30.0,30.0,1000.0,Books,Yes
8109,46-55,Female,>20L,Rarely,20000.0,No,5+,Mobile,Fashion,20.0,7.0,2000.0,Fashion,No
8110,46-55,Male,<2L,Quarterly,5000.0,Yes,3-5,Mobile,Fashion,50.0,30.0,5000.0,Groceries,Yes
8111,26-35,Male,>20L,Weekly,10000.0,No,<1,Mobile,Electronics,30.0,15.0,500.0,Fashion,No
8113,55+,Male,>20L,Quarterly,15000.0,Yes,<1,Mobile,Home & Furniture,30.0,60.0,500.0,Fashion,No
8114,55+,Female,<2L,Quarterly,5000.0,No,1-3,Both,Groceries,30.0,7.0,2000.0,Electronics,No
8116,55+,Female,2-5L,Quarterly,7000.0,Yes,3-5,Mobile,Fashion,30.0,7.0,2000.0,Electronics,No
8117,46-55,Male,2-5L,Weekly,12000.0,Yes,3-5,Desktop,Electronics,20.0,30.0,2000.0,Fashion,Yes
8118,36-45,Male,2-5L,Quarterly,10000.0,Yes,3-5,Mobile,Electronics,10.0,7.0,1000.0,Home & Furniture,No
8119,36-45,Male,2-5L,Weekly,5000.0,Yes,5+,Desktop,Home & Furniture,40.0,30.0,1000.0,Home & Furniture,No
8120,55+,Male,<2,Monthly,5000.0,Yes,3-5,Mobile,Fashion,40.0,30.0,5000.0,Fashion,Yes
8121,36-45,Male,<2L,Weekly,5000.0,No,1-3,Mobile,Home & Furniture,30.0,15.0,2000.0,Home & Furniture,Yes
8122,46-55,Female,2-5L,Weekly,10000.0,Yes,<1,Mobile,Electronics,50.0,60.0,1000.0,Electronics,Yes
8123,55+,Male,10-20L,Weekly,10000.0,Yes,5+,Mobile,Fashion,40.0,30.0,500.0,Electronics,No
8124,26-35,Male,<2L,Weekly,7000.0,No,3-5,Mobile,Electronics,30.0,7.0,1000.0,Fashion,Yes
8125,55+,Female,5-10L,Weekly,10000.0,No,1-3,Mobile,Fashion,30.0,30.0,1000.0,Fashion,Yes
8126,36-45,Male,5L-10L,Weekly,10000.0,No,<1,Mobile,Groceries,30.0,30.0,10000.0,Electronics,Yes
8127,36-45,Male,<2,Weekly,5000.0,No,3-5,Mobile,Fashion,20.0,7.0,1000.0,Fashion,No
8128,55+,Male,>20L,Weekly,5000.0,Yes,3-5,Both,Fashion,20.0,7.0,500.0,Electronics,Yes
8129,46-55,Male,2-5L,Bi-weekly,10000.0,Yes,<1,Mobile,Electronics,30.0,60.0,500.0,Fashion,No
8131,46-55,Male,5-10L,Weekly,15000.0,No,3-5,Mobile,Electronics,60.0,30.0,500.0,Fashion,No
8132,55+,Male,>20L,Bi-weekly,20000.0,No,5+,Desktop,Home & Furniture,10.0,30.0,1000.0,Groceries,Yes
8133,55+,Male,5L-10L,Weekly,10000.0,Yes,1-3,Both,Fashion,20.0,7.0,1000.0,Home & Furniture,Yes
8134,55+,Male,5L-10L,Weekly,5000.0,No,1-3,Mobile,Groceries,20.0,30.0,2000.0,Books,No
8135,26-35,Male,<2L,Weekly,10000.0,Yes,<1,Both,Electronics,10.0,30.0,500.0,Electronics,Yes
8136,55+,Male,5-10L,Rarely,5000.0,Yes,<1,Both,Groceries,30.0,7.0,500.0,Groceries,Yes
8138,18-25,Male,5L-10L,Monthly,20000.0,No,3-5,Mobile,Electronics,30.0,30.0,5000.0,Home & Furniture,Yes
8139,55+,Male,<2,Weekly,15000.0,Yes,5+,Both,Fashion,30.0,15.0,1000.0,Fashion,No
8142,26-35,Male,10-20L,Quarterly,7000.0,No,5+,Mobile,Fashion,25.0,7.0,500.0,Fashion,No
8143,26-35,Male,2-5L,Bi-weekly,12000.0,Yes,1-3,Mobile,Electronics,15.0,30.0,5000.0,Groceries,Yes
8144,36-45,Male,2-5L,Weekly,5000.0,Yes,3-5,Mobile,Electronics,20.0,60.0,2000.0,Electronics,No
8145,46-55,Male,5L-10L,Weekly,12000.0,No,<1,Mobile,Home & Furniture,40.0,30.0,1000.0,Home & Furniture,No
8146,55+,Male,>20L,Weekly,5000.0,Yes,<1,Mobile,Groceries,30.0,15.0,5000.0,Groceries,No
8147,26-35,Male,<2L,Monthly,15000.0,Yes,<1,Mobile,Electronics,30.0,15.0,2000.0,Groceries,No
8148,55+,Male,>20L,Monthly,7000.0,Yes,5+,Desktop,Books,15.0,7.0,500.0,Books,Yes
8149,55+,Male,5-10L,Weekly,5000.0,No,1-3,Desktop,Electronics,50.0,7.0,500.0,Fashion,Yes
8150,18-25,Male,5-10L,Weekly,15000.0,No,1-3,Mobile,Electronics,30.0,15.0,1000.0,Fashion,No
8151,46-55,Male,5-10L,Bi-weekly,10000.0,Yes,<1,Mobile,Electronics,25.0,15.0,2000.0,Home & Furniture,No
8152,46-55,Male,<2L,Weekly,7000.0,No,1-3,Both,Fashion,60.0,7.0,1000.0,Home & Furniture,No
8153,46-55,Male,5-10L,Bi-weekly,20000.0,Yes,<1,Mobile,Home & Furniture,20.0,60.0,2000.0,Home & Furniture,No
8154,55+,Female,10-20L,Weekly,10000.0,Yes,1-3,Both,Fashion,30.0,30.0,5000.0,Electronics,Yes
8155,46-55,Male,2-5L,Weekly,10000.0,No,1-3,Desktop,Electronics,20.0,30.0,500.0,Home & Furniture,No
8156,55+,Male,<2,Monthly,5000.0,No,<1,Mobile,Home & Furniture,60.0,7.0,1000.0,Groceries,No
8158,26-35,Male,2-5L,Quarterly,10000.0,Yes,5+,Mobile,Electronics,30.0,30.0,500.0,Fashion,Yes
8159,26-35,Male,5-10L,Quarterly,10000.0,No,1-3,Mobile,Home & Furniture,25.0,7.0,10000.0,Fashion,No
8160,36-45,Male,2-5L,Weekly,10000.0,Yes,1-3,Mobile,Fashion,15.0,15.0,2000.0,Groceries,No
8161,36-45,Male,5-10L,Weekly,5000.0,Yes,5+,Mobile,Fashion,30.0,30.0,1000.0,Fashion,Yes
8162,46-55,Male,2-5L,Weekly,12000.0,Yes,3-5,Desktop,Home & Furniture,10.0,60.0,1000.0,Home & Furniture,No
8163,26-35,Female,2-5L,Monthly,15000.0,Yes,<1,Mobile,Electronics,30.0,60.0,1000.0,Home & Furniture,No
8164,55+,Female,5L-10L,Quarterly,3000.0,Yes,3-5,Mobile,Electronics,25.0,30.0,10000.0,Home & Furniture,No
8165,36-45,Male,5-10L,Quarterly,10000.0,Yes,3-5,Mobile,Electronics,30.0,7.0,5000.0,Home & Furniture,No
8166,46-55,Male,5L-10L,Weekly,15000.0,Yes,1-3,Both,Electronics,30.0,7.0,1000.0,Electronics,Yes
8167,55+,Female,5L-10L,Rarely,10000.0,Yes,3-5,Mobile,Groceries,30.0,7.0,5000.0,Fashion,No
8168,55+,Female,>20L,Monthly,5000.0,No,3-5,Mobile,Home & Furniture,30.0,15.0,2000.0,Fashion,No
8169,26-35,Female,<2,Monthly,3000.0,No,3-5,Mobile,Fashion,30.0,60.0,10000.0,Groceries,No
8170,55+,Male,5-10L,Weekly,10000.0,No,<1,Mobile,Fashion,20.0,60.0,1000.0,Groceries,No
8171,55+,Male,5-10L,Weekly,5000.0,Yes,5+,Mobile,Groceries,20.0,15.0,500.0,Home & Furniture,Yes
8172,55+,Male,<2,Rarely,10000.0,Yes,1-3,Both,Electronics,30.0,15.0,2000.0,Electronics,Yes
8173,46-55,Female,<2L,Bi-weekly,10000.0,No,1-3,Mobile,Books,30.0,30.0,2000.0,Fashion,Yes
8174,55+,Male,>20L,Weekly,10000.0,No,<1,Mobile,Fashion,20.0,15.0,500.0,Groceries,No
8176,55+,Male,<2,Weekly,10000.0,Yes,1-3,Both,Fashion,50.0,15.0,5000.0,Home & Furniture,Yes
8177,46-55,Male,>20L,Quarterly,15000.0,Yes,3-5,Mobile,Electronics,30.0,60.0,2000.0,Home & Furniture,Yes
8178,46-55,Male,5-10L,Quarterly,15000.0,Yes,1-3,Mobile,Electronics,20.0,7.0,2000.0,Fashion,No
8179,46-55,Female,5L-10L,Weekly,10000.0,Yes,<1,Both,Home & Furniture,30.0,15.0,2000.0,Electronics,Yes
8180,36-45,Male,10-20L,Monthly,5000.0,Yes,<1,Mobile,Books,50.0,30.0,2000.0,Electronics,No
8182,55+,Male,<2,Monthly,15000.0,No,3-5,Mobile,Fashion,40.0,15.0,1000.0,Fashion,No
8183,46-55,Female,>20L,Quarterly,20000.0,Yes,1-3,Mobile,Electronics,25.0,15.0,1000.0,Home & Furniture,Yes
8184,18-25,Male,2-5L,Weekly,10000.0,Yes,3-5,Mobile,Electronics,30.0,30.0,1000.0,Fashion,No
8185,36-45,Male,5L-10L,Bi-weekly,5000.0,No,3-5,Desktop,Electronics,60.0,7.0,1000.0,Fashion,No
8186,55+,Female,<2,Quarterly,7000.0,Yes,<1,Mobile,Electronics,15.0,7.0,1000.0,Electronics,No
8187,55+,Female,5-10L,Rarely,5000.0,Yes,5+,Mobile,Home & Furniture,30.0,7.0,2000.0,Home & Furniture,No
8188,36-45,Male,<2L,Rarely,5000.0,No,<1,Mobile,Home & Furniture,60.0,30.0,500.0,Home & Furniture,Yes
8189,46-55,Female,>20L,Monthly,7000.0,Yes,3-5,Desktop,Books,30.0,30.0,10000.0,Electronics,Yes
8190,55+,Male,5-10L,Quarterly,20000.0,Yes,3-5,Desktop,Books,30.0,30.0,1000.0,Electronics,Yes
8191,46-55,Male,<2L,Monthly,10000.0,No,3-5,Both,Fashion,15.0,7.0,1000.0,Groceries,No
8192,55+,Male,5-10L,Bi-weekly,10000.0,Yes,5+,Mobile,Books,60.0,60.0,10000.0,Fashion,No
8193,18-25,Male,2-5L,Rarely,10000.0,No,3-5,Both,Electronics,30.0,60.0,500.0,Books,Yes
8194,55+,Male,5-10L,Weekly,5000.0,No,3-5,Both,Home & Furniture,10.0,30.0,5000.0,Books,Yes
8195,55+,Male,2-5L,Rarely,3000.0,No,1-3,Mobile,Electronics,25.0,30.0,1000.0,Home & Furniture,Yes
8196,46-55,Male,5L-10L,Quarterly,10000.0,No,3-5,Mobile,Home & Furniture,30.0,60.0,2000.0,Fashion,Yes
8197,46-55,Male,5-10L,Weekly,5000.0,Yes,1-3,Both,Electronics,30.0,7.0,2000.0,Groceries,No
8198,26-35,Female,2-5L,Quarterly,5000.0,No,3-5,Mobile,Fashion,30.0,15.0,1000.0,Electronics,No
8199,36-45,Male,<2,Weekly,10000.0,No,5+,Mobile,Books,30.0,30.0,2000.0,Home & Furniture,No
8200,55+,Female,5L-10L,Quarterly,5000.0,No,1-3,Mobile,Groceries,30.0,15.0,1000.0,Groceries,No
8201,55+,Male,<2,Weekly,5000.0,No,<1,Mobile,Books,60.0,15.0,1000.0,Home & Furniture,No
8202,55+,Female,10-20L,Rarely,10000.0,No,<1,Mobile,Electronics,20.0,60.0,2000.0,Fashion,Yes
8204,46-55,Male,<2,Quarterly,5000.0,Yes,3-5,Mobile,Books,50.0,30.0,10000.0,Electronics,Yes
8205,26-35,Male,>20L,Quarterly,7000.0,Yes,3-5,Mobile,Fashion,25.0,15.0,5000.0,Fashion,No
8207,36-45,Male,>20L,Rarely,10000.0,No,3-5,Both,Fashion,30.0,30.0,5000.0,Groceries,No
8209,46-55,Male,<2L,Quarterly,12000.0,No,3-5,Mobile,Groceries,25.0,60.0,2000.0,Fashion,Yes
8210,55+,Female,<2,Weekly,15000.0,No,3-5,Mobile,Groceries,15.0,60.0,2000.0,Fashion,No
8211,36-45,Male,<2L,Quarterly,5000.0,No,3-5,Mobile,Books,50.0,7.0,5000.0,Fashion,No
8213,55+,Male,5-10L,Quarterly,10000.0,No,5+,Desktop,Electronics,50.0,30.0,1000.0,Home & Furniture,Yes
8214,46-55,Male,2-5L,Quarterly,12000.0,No,3-5,Mobile,Electronics,20.0,7.0,5000.0,Home & Furniture,Yes
8215,26-35,Male,<2L,Weekly,10000.0,Yes,3-5,Mobile,Home & Furniture,20.0,30.0,5000.0,Home & Furniture,Yes
8216,18-25,Female,5-10L,Weekly,10000.0,No,1-3,Mobile,Fashion,10.0,60.0,2000.0,Fashion,No
8217,55+,Male,5-10L,Weekly,7000.0,No,<1,Mobile,Fashion,10.0,30.0,10000.0,Home & Furniture,No
8218,46-55,Female,2-5L,Weekly,10000.0,No,<1,Mobile,Electronics,25.0,30.0,2000.0,Home & Furniture,No
8219,36-45,Female,5-10L,Quarterly,5000.0,Yes,<1,Mobile,Fashion,40.0,15.0,2000.0,Electronics,Yes
8220,55+,Male,<2L,Monthly,10000.0,No,1-3,Mobile,Home & Furniture,30.0,60.0,10000.0,Fashion,Yes
8222,55+,Female,5-10L,Quarterly,10000.0,No,5+,Mobile,Electronics,25.0,30.0,1000.0,Fashion,Yes
8223,36-45,Male,2-5L,Quarterly,7000.0,Yes,5+,Mobile,Fashion,40.0,60.0,1000.0,Fashion,No
8224,55+,Male,5-10L,Weekly,5000.0,No,<1,Both,Books,30.0,30.0,1000.0,Groceries,No
8225,26-35,Female,<2,Weekly,15000.0,No,3-5,Desktop,Electronics,30.0,15.0,5000.0,Home & Furniture,No
8227,55+,Male,<2L,Quarterly,10000.0,Yes,3-5,Desktop,Electronics,30.0,15.0,2000.0,Fashion,Yes
8229,55+,Male,5-10L,Weekly,3000.0,No,<1,Both,Home & Furniture,50.0,30.0,1000.0,Home & Furniture,No
8230,46-55,Female,>20L,Monthly,5000.0,Yes,3-5,Desktop,Electronics,20.0,15.0,10000.0,Fashion,No
8231,26-35,Male,5-10L,Rarely,15000.0,No,3-5,Desktop,Fashion,30.0,7.0,1000.0,Groceries,Yes
8232,55+,Female,<2,Quarterly,10000.0,No,<1,Desktop,Fashion,20.0,7.0,2000.0,Home & Furniture,No
8233,55+,Male,>20L,Rarely,5000.0,No,1-3,Mobile,Home & Furniture,30.0,30.0,1000.0,Groceries,No
8234,46-55,Male,10-20L,Monthly,5000.0,No,1-3,Mobile,Electronics,20.0,60.0,2000.0,Groceries,No
8236,18-25,Male,<2L,Quarterly,10000.0,No,3-5,Mobile,Electronics,30.0,60.0,1000.0,Electronics,No
8237,55+,Female,5-10L,Rarely,7000.0,No,3-5,Both,Electronics,30.0,7.0,1000.0,Fashion,Yes
8239,46-55,Female,>20L,Weekly,5000.0,Yes,<1,Mobile,Electronics,20.0,7.0,1000.0,Fashion,No
8240,36-45,Male,5L-10L,Weekly,10000.0,No,3-5,Mobile,Books,30.0,7.0,500.0,Electronics,No
8241,18-25,Female,<2L,Quarterly,5000.0,No,<1,Mobile,Fashion,50.0,7.0,1000.0,Electronics,No
8242,55+,Female,5-10L,Weekly,10000.0,No,3-5,Desktop,Electronics,20.0,7.0,500.0,Electronics,Yes
8244,36-45,Female,5L-10L,Weekly,5000.0,Yes,<1,Mobile,Electronics,15.0,15.0,500.0,Electronics,No
8245,55+,Male,5-10L,Quarterly,10000.0,No,1-3,Mobile,Fashion,25.0,15.0,2000.0,Groceries,No
8246,26-35,Male,<2L,Rarely,5000.0,No,1-3,Desktop,Books,10.0,60.0,5000.0,Groceries,Yes
8247,18-25,Female,>20L,Weekly,5000.0,No,3-5,Both,Fashion,40.0,30.0,1000.0,Fashion,No
8248,18-25,Female,<2L,Monthly,3000.0,No,1-3,Mobile,Electronics,60.0,7.0,500.0,Electronics,No
8249,36-45,Male,5L-10L,Bi-weekly,10000.0,Yes,3-5,Desktop,Home & Furniture,30.0,30.0,500.0,Groceries,Yes
8250,18-25,Female,2-5L,Rarely,20000.0,No,1-3,Mobile,Electronics,25.0,30.0,1000.0,Fashion,No
8251,36-45,Male,5-10L,Weekly,5000.0,No,1-3,Mobile,Electronics,30.0,15.0,2000.0,Electronics,No
8253,55+,Male,10-20L,Weekly,5000.0,No,3-5,Both,Books,25.0,7.0,1000.0,Fashion,No
8254,55+,Male,2-5L,Weekly,10000.0,No,3-5,Mobile,Books,50.0,30.0,2000.0,Home & Furniture,Yes
8255,55+,Male,<2L,Quarterly,5000.0,No,1-3,Mobile,Electronics,25.0,30.0,1000.0,Home & Furniture,No
8256,26-35,Male,<2,Monthly,20000.0,No,<1,Mobile,Home & Furniture,25.0,30.0,500.0,Fashion,Yes
8257,55+,Male,5-10L,Weekly,10000.0,No,5+,Mobile,Electronics,50.0,60.0,2000.0,Home & Furniture,No
8258,26-35,Male,5-10L,Quarterly,10000.0,No,1-3,Mobile,Electronics,40.0,60.0,1000.0,Electronics,No
8260,46-55,Female,5-10L,Weekly,7000.0,Yes,<1,Mobile,Groceries,30.0,30.0,2000.0,Fashion,No
8262,18-25,Female,5-10L,Rarely,10000.0,No,1-3,Mobile,Fashion,30.0,30.0,1000.0,Books,Yes
8263,55+,Female,5-10L,Quarterly,12000.0,Yes,5+,Mobile,Electronics,10.0,60.0,2000.0,Groceries,Yes
8264,55+,Male,5L-10L,Monthly,10000.0,No,1-3,Desktop,Home & Furniture,30.0,30.0,2000.0,Electronics,No
8266,55+,Female,>20L,Weekly,5000.0,No,3-5,Desktop,Fashion,20.0,60.0,500.0,Groceries,Yes
8268,26-35,Male,<2,Rarely,5000.0,Yes,3-5,Mobile,Electronics,50.0,30.0,1000.0,Fashion,No
8269,55+,Male,5-10L,Quarterly,10000.0,No,1-3,Mobile,Home & Furniture,30.0,15.0,500.0,Books,No
8270,36-45,Male,5L-10L,Rarely,10000.0,No,3-5,Mobile,Fashion,25.0,7.0,500.0,Home & Furniture,No
8271,36-45,Male,2-5L,Weekly,7000.0,Yes,<1,Mobile,Fashion,25.0,15.0,5000.0,Home & Furniture,No
8272,18-25,Female,5-10L,Weekly,5000.0,Yes,3-5,Mobile,Books,30.0,30.0,5000.0,Fashion,No
8273,55+,Female,2-5L,Quarterly,7000.0,Yes,3-5,Mobile,Fashion,15.0,60.0,5000.0,Fashion,No
8274,55+,Male,5-10L,Bi-weekly,5000.0,Yes,3-5,Desktop,Electronics,25.0,60.0,1000.0,Electronics,Yes
8275,26-35,Female,5-10L,Weekly,10000.0,No,<1,Mobile,Fashion,30.0,15.0,5000.0,Fashion,No
8276,36-45,Male,<2,Weekly,10000.0,Yes,<1,Mobile,Fashion,30.0,7.0,10000.0,Groceries,Yes
8277,36-45,Male,>20L,Weekly,10000.0,Yes,<1,Desktop,Fashion,20.0,60.0,1000.0,Home & Furniture,No
8278,55+,Male,<2L,Rarely,10000.0,Yes,3-5,Mobile,Electronics,50.0,30.0,2000.0,Groceries,No
8279,55+,Male,2-5L,Monthly,3000.0,No,3-5,Mobile,Fashion,25.0,60.0,500.0,Groceries,No
8280,36-45,Female,2-5L,Quarterly,10000.0,Yes,3-5,Mobile,Electronics,20.0,7.0,1000.0,Groceries,Yes
8281,36-45,Male,>20L,Quarterly,10000.0,No,5+,Both,Groceries,30.0,60.0,500.0,Fashion,No
8282,46-55,Male,<2L,Quarterly,10000.0,No,<1,Mobile,Groceries,25.0,7.0,5000.0,Home & Furniture,No
8283,36-45,Male,5-10L,Rarely,10000.0,Yes,<1,Mobile,Fashion,20.0,60.0,1000.0,Electronics,Yes
8285,18-25,Male,5-10L,Monthly,10000.0,No,1-3,Mobile,Books,30.0,30.0,2000.0,Fashion,Yes
8286,26-35,Male,5-10L,Quarterly,7000.0,No,1-3,Mobile,Groceries,40.0,30.0,1000.0,Electronics,Yes
8287,36-45,Male,2-5L,Quarterly,10000.0,No,<1,Mobile,Books,30.0,30.0,2000.0,Home & Furniture,No
8288,55+,Male,<2L,Monthly,7000.0,No,<1,Mobile,Fashion,25.0,60.0,5000.0,Groceries,Yes
8289,36-45,Male,5-10L,Monthly,5000.0,No,3-5,Both,Fashion,60.0,60.0,1000.0,Fashion,Yes
8290,26-35,Female,5-10L,Rarely,5000.0,No,3-5,Desktop,Home & Furniture,10.0,15.0,1000.0,Fashion,Yes
8292,55+,Male,2-5L,Weekly,3000.0,Yes,1-3,Both,Groceries,20.0,15.0,2000.0,Groceries,No
8293,36-45,Male,5-10L,Rarely,5000.0,Yes,<1,Mobile,Fashion,20.0,30.0,2000.0,Electronics,No
8294,18-25,Male,<2L,Weekly,10000.0,No,1-3,Mobile,Books,30.0,15.0,500.0,Home & Furniture,Yes
8297,55+,Female,2-5L,Rarely,7000.0,No,5+,Mobile,Home & Furniture,20.0,30.0,1000.0,Groceries,Yes
8298,26-35,Female,5-10L,Quarterly,10000.0,No,3-5,Both,Books,40.0,30.0,2000.0,Home & Furniture,Yes
8299,18-25,Male,10-20L,Monthly,15000.0,Yes,<1,Mobile,Fashion,50.0,30.0,5000.0,Home & Furniture,No
8300,36-45,Male,<2,Quarterly,10000.0,No,3-5,Mobile,Fashion,15.0,15.0,500.0,Electronics,Yes
8301,55+,Male,2-5L,Weekly,12000.0,No,3-5,Mobile,Electronics,15.0,7.0,1000.0,Fashion,No
8302,55+,Male,5-10L,Weekly,10000.0,Yes,1-3,Mobile,Fashion,10.0,7.0,2000.0,Fashion,No
8303,26-35,Male,>20L,Weekly,5000.0,Yes,1-3,Mobile,Electronics,30.0,30.0,5000.0,Electronics,No
8304,36-45,Female,2-5L,Quarterly,15000.0,Yes,3-5,Mobile,Electronics,30.0,60.0,5000.0,Electronics,No
8305,55+,Male,10-20L,Weekly,7000.0,No,1-3,Mobile,Electronics,50.0,30.0,1000.0,Groceries,Yes
8307,55+,Male,>20L,Quarterly,3000.0,No,<1,Mobile,Fashion,20.0,7.0,1000.0,Books,No
8308,46-55,Male,<2L,Quarterly,7000.0,No,5+,Mobile,Fashion,25.0,7.0,2000.0,Books,No
8309,36-45,Male,10-20L,Weekly,5000.0,Yes,<1,Desktop,Electronics,20.0,30.0,1000.0,Electronics,No
8310,55+,Male,5-10L,Quarterly,5000.0,No,1-3,Mobile,Electronics,20.0,7.0,2000.0,Electronics,No
8313,18-25,Male,10-20L,Weekly,15000.0,Yes,<1,Mobile,Fashion,30.0,7.0,1000.0,Groceries,No
8314,55+,Female,5-10L,Bi-weekly,12000.0,No,5+,Both,Fashion,30.0,7.0,1000.0,Fashion,No
8315,26-35,Male,5-10L,Weekly,15000.0,No,3-5,Mobile,Home & Furniture,30.0,7.0,500.0,Fashion,No
8316,46-55,Male,>20L,Quarterly,15000.0,No,<1,Both,Home & Furniture,30.0,30.0,500.0,Books,Yes
8317,55+,Female,5-10L,Weekly,10000.0,Yes,3-5,Mobile,Electronics,20.0,60.0,1000.0,Home & Furniture,Yes
8318,55+,Male,<2,Quarterly,12000.0,Yes,<1,Desktop,Home & Furniture,50.0,30.0,2000.0,Electronics,No
8319,26-35,Male,2-5L,Weekly,5000.0,Yes,3-5,Mobile,Electronics,40.0,30.0,5000.0,Fashion,No
8320,36-45,Male,5L-10L,Weekly,20000.0,Yes,3-5,Both,Fashion,25.0,7.0,1000.0,Electronics,Yes
8321,18-25,Male,<2,Monthly,10000.0,Yes,<1,Mobile,Fashion,20.0,30.0,1000.0,Fashion,No
8323,18-25,Female,5L-10L,Monthly,7000.0,Yes,<1,Mobile,Fashion,30.0,7.0,2000.0,Electronics,No
8324,55+,Male,5-10L,Rarely,15000.0,No,5+,Mobile,Fashion,25.0,30.0,5000.0,Home & Furniture,No
8325,55+,Male,<2L,Weekly,10000.0,Yes,3-5,Mobile,Electronics,20.0,30.0,2000.0,Fashion,Yes
8327,55+,Male,2-5L,Quarterly,7000.0,Yes,<1,Mobile,Electronics,15.0,7.0,1000.0,Fashion,Yes
8328,46-55,Male,5-10L,Weekly,12000.0,No,<1,Mobile,Electronics,30.0,30.0,5000.0,Groceries,No
8331,26-35,Female,<2L,Weekly,12000.0,No,5+,Desktop,Fashion,20.0,15.0,1000.0,Fashion,No
8332,46-55,Female,2-5L,Weekly,10000.0,Yes,5+,Mobile,Electronics,25.0,30.0,2000.0,Fashion,No
8334,46-55,Female,10-20L,Monthly,5000.0,Yes,5+,Mobile,Electronics,30.0,7.0,1000.0,Electronics,Yes
8335,26-35,Female,5-10L,Quarterly,7000.0,No,5+,Mobile,Groceries,20.0,30.0,2000.0,Electronics,Yes
8336,55+,Female,10-20L,Weekly,10000.0,Yes,3-5,Mobile,Groceries,20.0,7.0,500.0,Fashion,No
8337,55+,Male,<2,Weekly,20000.0,Yes,5+,Mobile,Electronics,10.0,30.0,1000.0,Electronics,No
8338,18-25,Male,<2L,Weekly,20000.0,Yes,1-3,Mobile,Fashion,50.0,30.0,2000.0,Electronics,No
8339,36-45,Male,2-5L,Quarterly,10000.0,No,<1,Mobile,Fashion,15.0,30.0,5000.0,Home & Furniture,No
8340,55+,Male,5L-10L,Weekly,7000.0,No,<1,Mobile,Electronics,20.0,15.0,10000.0,Electronics,No
8341,26-35,Male,5L-10L,Rarely,3000.0,No,1-3,Mobile,Books,25.0,60.0,1000.0,Electronics,No
8342,46-55,Male,<2,Quarterly,10000.0,No,<1,Mobile,Home & Furniture,50.0,15.0,500.0,Electronics,No
8344,36-45,Female,>20L,Rarely,10000.0,Yes,1-3,Mobile,Fashion,15.0,30.0,5000.0,Fashion,Yes
8345,55+,Male,5-10L,Quarterly,20000.0,Yes,5+,Desktop,Home & Furniture,30.0,30.0,2000.0,Fashion,Yes
8346,55+,Male,10-20L,Rarely,5000.0,Yes,5+,Mobile,Groceries,20.0,7.0,1000.0,Home & Furniture,No
8347,46-55,Male,5-10L,Weekly,5000.0,Yes,1-3,Desktop,Fashion,20.0,60.0,2000.0,Fashion,Yes
8348,18-25,Male,>20L,Quarterly,10000.0,No,5+,Desktop,Fashion,30.0,60.0,1000.0,Groceries,No
8350,18-25,Male,<2,Weekly,5000.0,No,1-3,Mobile,Electronics,40.0,7.0,1000.0,Electronics,No
8351,55+,Male,<2,Bi-weekly,10000.0,No,<1,Mobile,Books,60.0,30.0,2000.0,Home & Furniture,Yes
8352,55+,Male,5-10L,Rarely,10000.0,No,3-5,Mobile,Home & Furniture,60.0,60.0,1000.0,Home & Furniture,No
8353,55+,Male,5-10L,Bi-weekly,5000.0,No,5+,Desktop,Electronics,50.0,30.0,1000.0,Books,No
8354,26-35,Male,2-5L,Weekly,20000.0,Yes,3-5,Desktop,Electronics,60.0,7.0,1000.0,Fashion,No
8355,46-55,Male,5-10L,Quarterly,7000.0,Yes,1-3,Mobile,Fashion,60.0,30.0,500.0,Groceries,No
8357,55+,Male,5-10L,Weekly,15000.0,No,1-3,Desktop,Books,30.0,30.0,10000.0,Books,Yes
8358,18-25,Female,10-20L,Rarely,5000.0,Yes,5+,Mobile,Groceries,25.0,30.0,500.0,Fashion,No
8359,55+,Male,5-10L,Quarterly,5000.0,Yes,1-3,Mobile,Electronics,25.0,30.0,1000.0,Groceries,No
8361,26-35,Female,<2L,Quarterly,12000.0,No,5+,Mobile,Electronics,30.0,7.0,1000.0,Electronics,Yes
8362,55+,Female,5L-10L,Quarterly,5000.0,Yes,1-3,Mobile,Fashion,25.0,30.0,500.0,Fashion,Yes
8363,36-45,Male,<2L,Quarterly,10000.0,No,1-3,Mobile,Electronics,20.0,30.0,5000.0,Home & Furniture,Yes
8364,55+,Female,<2,Quarterly,10000.0,Yes,5+,Mobile,Books,25.0,30.0,5000.0,Home & Furniture,No
8365,55+,Male,<2,Monthly,15000.0,Yes,1-3,Both,Electronics,50.0,30.0,500.0,Fashion,No
8366,55+,Female,2-5L,Weekly,10000.0,No,1-3,Mobile,Fashion,40.0,30.0,500.0,Groceries,Yes
8367,18-25,Male,10-20L,Weekly,10000.0,No,3-5,Mobile,Electronics,20.0,60.0,10000.0,Groceries,Yes
8369,36-45,Female,5-10L,Weekly,10000.0,No,5+,Mobile,Home & Furniture,10.0,60.0,500.0,Fashion,No
8370,18-25,Female,2-5L,Weekly,3000.0,Yes,<1,Mobile,Home & Furniture,20.0,30.0,2000.0,Fashion,Yes
8371,36-45,Female,>20L,Quarterly,10000.0,No,3-5,Mobile,Electronics,15.0,15.0,1000.0,Fashion,No
8372,46-55,Male,5L-10L,Rarely,10000.0,No,3-5,Mobile,Electronics,30.0,30.0,500.0,Fashion,No
8374,36-45,Male,2-5L,Monthly,5000.0,Yes,5+,Desktop,Books,30.0,15.0,5000.0,Home & Furniture,No
8375,46-55,Male,<2,Weekly,7000.0,No,1-3,Both,Books,30.0,60.0,1000.0,Groceries,No
8376,46-55,Male,5-10L,Weekly,5000.0,No,3-5,Mobile,Books,30.0,60.0,2000.0,Home & Furniture,Yes
8377,55+,Male,2-5L,Rarely,15000.0,No,3-5,Mobile,Fashion,30.0,7.0,5000.0,Home & Furniture,Yes
8378,55+,Female,5L-10L,Rarely,15000.0,No,<1,Mobile,Books,30.0,60.0,1000.0,Groceries,No
8379,55+,Male,5-10L,Rarely,10000.0,No,5+,Both,Home & Furniture,30.0,60.0,5000.0,Home & Furniture,No
8380,55+,Female,2-5L,Weekly,15000.0,No,<1,Desktop,Fashion,25.0,30.0,2000.0,Fashion,No
8381,36-45,Female,5-10L,Rarely,10000.0,Yes,5+,Mobile,Electronics,15.0,7.0,5000.0,Electronics,Yes
8382,46-55,Male,5-10L,Quarterly,10000.0,No,3-5,Both,Electronics,30.0,7.0,1000.0,Fashion,Yes
8383,18-25,Male,5-10L,Weekly,10000.0,No,<1,Mobile,Fashion,20.0,30.0,2000.0,Fashion,Yes
8384,36-45,Female,5-10L,Quarterly,10000.0,No,5+,Both,Electronics,40.0,7.0,2000.0,Fashion,Yes
8385,26-35,Male,>20L,Bi-weekly,5000.0,No,<1,Both,Home & Furniture,40.0,7.0,5000.0,Home & Furniture,Yes
8386,36-45,Female,5L-10L,Weekly,10000.0,No,<1,Desktop,Books,25.0,30.0,2000.0,Home & Furniture,No
8387,55+,Male,5-10L,Rarely,5000.0,No,<1,Mobile,Books,30.0,15.0,2000.0,Fashion,No
8388,46-55,Male,5L-10L,Weekly,12000.0,No,1-3,Both,Fashion,40.0,15.0,500.0,Fashion,No
8389,36-45,Male,<2L,Quarterly,10000.0,No,5+,Mobile,Groceries,30.0,30.0,5000.0,Fashion,Yes
8390,46-55,Female,5-10L,Quarterly,7000.0,No,<1,Mobile,Home & Furniture,20.0,30.0,5000.0,Home & Furniture,No
8391,46-55,Male,2-5L,Weekly,10000.0,No,5+,Mobile,Electronics,50.0,30.0,1000.0,Home & Furniture,No
8392,36-45,Female,5-10L,Rarely,5000.0,Yes,3-5,Mobile,Home & Furniture,50.0,7.0,2000.0,Electronics,Yes
8393,36-45,Female,<2,Rarely,5000.0,Yes,1-3,Desktop,Electronics,30.0,60.0,1000.0,Groceries,Yes
8394,55+,Male,<2,Quarterly,10000.0,No,<1,Mobile,Groceries,10.0,7.0,1000.0,Electronics,Yes
8395,55+,Male,2-5L,Weekly,5000.0,No,3-5,Mobile,Electronics,30.0,60.0,500.0,Electronics,No
8397,46-55,Female,5-10L,Rarely,10000.0,Yes,<1,Mobile,Fashion,50.0,30.0,500.0,Books,No
8398,55+,Male,<2L,Weekly,10000.0,No,1-3,Mobile,Books,40.0,30.0,1000.0,Home & Furniture,Yes
8399,55+,Female,5-10L,Monthly,15000.0,Yes,1-3,Mobile,Fashion,30.0,30.0,5000.0,Home & Furniture,Yes
8400,55+,Female,>20L,Weekly,15000.0,Yes,<1,Desktop,Books,30.0,7.0,1000.0,Groceries,Yes
8401,36-45,Male,<2L,Weekly,5000.0,No,3-5,Mobile,Electronics,20.0,30.0,2000.0,Home & Furniture,No
8402,26-35,Male,5-10L,Weekly,10000.0,Yes,1-3,Mobile,Books,25.0,7.0,10000.0,Electronics,Yes
8403,46-55,Male,5-10L,Weekly,20000.0,Yes,1-3,Mobile,Electronics,10.0,15.0,5000.0,Fashion,No
8405,55+,Male,5-10L,Quarterly,15000.0,Yes,1-3,Mobile,Electronics,20.0,30.0,2000.0,Books,No
8406,55+,Male,5-10L,Quarterly,12000.0,No,<1,Mobile,Fashion,30.0,15.0,5000.0,Electronics,No
8407,26-35,Male,>20L,Weekly,5000.0,No,1-3,Mobile,Home & Furniture,40.0,7.0,500.0,Books,No
8408,55+,Male,>20L,Weekly,7000.0,Yes,<1,Desktop,Fashion,25.0,7.0,2000.0,Electronics,Yes
8409,55+,Female,5-10L,Rarely,20000.0,No,1-3,Mobile,Groceries,50.0,30.0,2000.0,Fashion,No
8411,55+,Female,<2L,Quarterly,3000.0,Yes,1-3,Mobile,Electronics,40.0,7.0,1000.0,Electronics,Yes
8412,36-45,Male,<2,Rarely,5000.0,No,5+,Mobile,Home & Furniture,30.0,7.0,5000.0,Groceries,No
8413,46-55,Female,<2L,Rarely,3000.0,No,<1,Both,Fashion,20.0,30.0,500.0,Books,No
8415,18-25,Female,5L-10L,Weekly,10000.0,No,3-5,Desktop,Fashion,15.0,30.0,500.0,Home & Furniture,No
8416,55+,Male,2-5L,Weekly,10000.0,No,5+,Desktop,Electronics,10.0,30.0,2000.0,Books,No
8417,55+,Female,5-10L,Weekly,5000.0,Yes,3-5,Both,Fashion,30.0,30.0,1000.0,Groceries,Yes
8418,55+,Male,10-20L,Weekly,15000.0,Yes,1-3,Mobile,Electronics,10.0,7.0,1000.0,Fashion,No
8420,18-25,Male,10-20L,Weekly,7000.0,No,5+,Mobile,Electronics,20.0,7.0,500.0,Home & Furniture,No
8422,55+,Male,10-20L,Weekly,10000.0,No,3-5,Mobile,Fashion,60.0,30.0,5000.0,Books,Yes
8423,46-55,Male,5-10L,Weekly,3000.0,Yes,1-3,Mobile,Electronics,25.0,30.0,1000.0,Groceries,No
8424,55+,Male,<2L,Weekly,5000.0,Yes,<1,Mobile,Electronics,30.0,15.0,5000.0,Books,Yes
8425,36-45,Male,>20L,Weekly,10000.0,Yes,3-5,Mobile,Electronics,25.0,15.0,500.0,Electronics,No
8426,46-55,Male,5-10L,Weekly,15000.0,Yes,3-5,Mobile,Home & Furniture,30.0,60.0,1000.0,Fashion,No
8428,26-35,Male,5-10L,Quarterly,10000.0,Yes,1-3,Mobile,Fashion,50.0,15.0,1000.0,Home & Furniture,No
8429,55+,Male,5-10L,Quarterly,15000.0,Yes,3-5,Mobile,Home & Furniture,30.0,60.0,1000.0,Groceries,No
8430,46-55,Female,10-20L,Weekly,20000.0,Yes,<1,Mobile,Groceries,20.0,30.0,1000.0,Groceries,No
8431,18-25,Male,10-20L,Rarely,15000.0,No,3-5,Mobile,Electronics,40.0,15.0,2000.0,Fashion,Yes
8432,18-25,Male,5L-10L,Weekly,5000.0,Yes,1-3,Mobile,Electronics,20.0,30.0,1000.0,Electronics,Yes
8433,55+,Female,10-20L,Weekly,3000.0,Yes,5+,Mobile,Groceries,30.0,30.0,1000.0,Fashion,Yes
8434,46-55,Female,5L-10L,Monthly,5000.0,Yes,<1,Mobile,Fashion,20.0,7.0,2000.0,Fashion,Yes
8435,55+,Male,10-20L,Weekly,5000.0,Yes,5+,Mobile,Electronics,25.0,30.0,2000.0,Fashion,No
8436,55+,Male,5-10L,Monthly,15000.0,No,3-5,Mobile,Books,20.0,7.0,5000.0,Groceries,No
8437,36-45,Female,2-5L,Quarterly,10000.0,Yes,<1,Mobile,Electronics,30.0,7.0,500.0,Books,Yes
8438,55+,Female,5L-10L,Weekly,20000.0,Yes,3-5,Mobile,Groceries,30.0,30.0,2000.0,Fashion,No
8439,55+,Male,>20L,Rarely,7000.0,Yes,<1,Both,Electronics,30.0,30.0,1000.0,Groceries,Yes
8440,26-35,Male,<2,Bi-weekly,7000.0,No,5+,Mobile,Home & Furniture,25.0,15.0,2000.0,Electronics,No
8441,55+,Male,<2L,Weekly,5000.0,No,<1,Mobile,Electronics,50.0,7.0,1000.0,Books,No
8442,26-35,Male,2-5L,Weekly,7000.0,Yes,<1,Desktop,Electronics,30.0,7.0,2000.0,Home & Furniture,Yes
8443,36-45,Male,2-5L,Rarely,12000.0,No,3-5,Both,Fashion,25.0,30.0,2000.0,Electronics,No
8444,36-45,Male,<2,Bi-weekly,10000.0,No,3-5,Both,Groceries,50.0,30.0,5000.0,Home & Furniture,No
8445,55+,Male,>20L,Quarterly,12000.0,Yes,5+,Mobile,Fashion,10.0,60.0,500.0,Groceries,Yes
8446,18-25,Male,2-5L,Rarely,15000.0,No,5+,Mobile,Fashion,40.0,7.0,10000.0,Books,Yes
8447,36-45,Male,<2L,Weekly,3000.0,No,<1,Desktop,Groceries,10.0,7.0,5000.0,Electronics,Yes
8448,55+,Male,>20L,Monthly,5000.0,No,1-3,Desktop,Electronics,25.0,7.0,2000.0,Electronics,No
8449,18-25,Male,>20L,Weekly,10000.0,No,1-3,Mobile,Electronics,50.0,60.0,1000.0,Home & Furniture,Yes
8450,55+,Male,<2L,Rarely,7000.0,No,<1,Mobile,Books,20.0,7.0,2000.0,Fashion,No
8451,55+,Female,>20L,Weekly,5000.0,Yes,1-3,Mobile,Fashion,15.0,30.0,500.0,Home & Furniture,No
8452,18-25,Female,10-20L,Rarely,3000.0,Yes,5+,Mobile,Home & Furniture,20.0,30.0,500.0,Electronics,No
8453,18-25,Female,>20L,Rarely,20000.0,Yes,1-3,Mobile,Fashion,25.0,60.0,1000.0,Groceries,Yes
8454,55+,Female,10-20L,Weekly,15000.0,Yes,<1,Mobile,Books,30.0,7.0,10000.0,Home & Furniture,Yes
8455,26-35,Female,5L-10L,Monthly,5000.0,Yes,1-3,Desktop,Books,30.0,30.0,1000.0,Home & Furniture,No
8456,18-25,Male,5L-10L,Weekly,10000.0,No,5+,Mobile,Electronics,50.0,60.0,5000.0,Books,No
8458,55+,Female,<2L,Rarely,5000.0,No,5+,Desktop,Groceries,50.0,30.0,5000.0,Fashion,No
8459,46-55,Male,>20L,Quarterly,5000.0,Yes,5+,Mobile,Fashion,50.0,15.0,2000.0,Home & Furniture,No
8460,46-55,Male,>20L,Weekly,5000.0,Yes,3-5,Mobile,Electronics,50.0,7.0,1000.0,Groceries,No
8461,55+,Female,5-10L,Weekly,20000.0,No,1-3,Mobile,Electronics,25.0,15.0,1000.0,Fashion,Yes
8462,46-55,Male,2-5L,Rarely,3000.0,Yes,3-5,Both,Electronics,50.0,30.0,1000.0,Home & Furniture,No
8463,46-55,Female,5-10L,Quarterly,10000.0,Yes,3-5,Mobile,Fashion,20.0,7.0,2000.0,Fashion,Yes
8464,55+,Male,<2,Weekly,15000.0,Yes,3-5,Mobile,Electronics,60.0,15.0,5000.0,Electronics,Yes
8465,46-55,Male,5-10L,Weekly,3000.0,No,<1,Mobile,Books,50.0,7.0,10000.0,Electronics,No
8466,36-45,Female,5-10L,Weekly,10000.0,No,<1,Mobile,Electronics,40.0,60.0,1000.0,Groceries,No
8467,36-45,Female,5-10L,Weekly,10000.0,No,5+,Mobile,Home & Furniture,30.0,60.0,500.0,Home & Furniture,No
8468,36-45,Male,5-10L,Rarely,10000.0,No,5+,Both,Electronics,60.0,15.0,2000.0,Groceries,Yes
8469,46-55,Male,>20L,Rarely,5000.0,Yes,<1,Both,Fashion,50.0,15.0,1000.0,Fashion,No
8470,55+,Male,5L-10L,Weekly,15000.0,No,<1,Desktop,Fashion,30.0,60.0,1000.0,Fashion,Yes
8472,55+,Male,10-20L,Weekly,3000.0,No,1-3,Mobile,Electronics,25.0,30.0,1000.0,Books,No
8473,36-45,Male,5-10L,Monthly,10000.0,No,3-5,Mobile,Electronics,50.0,60.0,500.0,Home & Furniture,Yes
8475,55+,Male,5-10L,Weekly,10000.0,No,1-3,Mobile,Electronics,60.0,30.0,500.0,Groceries,No
8477,55+,Male,5-10L,Weekly,10000.0,No,1-3,Desktop,Home & Furniture,25.0,30.0,2000.0,Home & Furniture,Yes
8478,55+,Male,5-10L,Quarterly,5000.0,No,5+,Mobile,Home & Furniture,25.0,60.0,1000.0,Electronics,No
8479,26-35,Male,<2,Weekly,3000.0,No,3-5,Desktop,Electronics,40.0,60.0,1000.0,Books,No
8480,55+,Female,<2L,Weekly,7000.0,Yes,3-5,Desktop,Electronics,30.0,7.0,10000.0,Home & Furniture,No
8482,26-35,Female,5L-10L,Monthly,10000.0,Yes,<1,Mobile,Books,30.0,15.0,1000.0,Fashion,Yes
8483,55+,Male,<2,Bi-weekly,10000.0,Yes,3-5,Mobile,Electronics,50.0,7.0,1000.0,Groceries,Yes
8484,46-55,Female,2-5L,Quarterly,5000.0,Yes,3-5,Mobile,Fashion,30.0,30.0,500.0,Books,No
8485,55+,Male,>20L,Weekly,20000.0,No,5+,Mobile,Books,40.0,7.0,2000.0,Fashion,Yes
8486,55+,Male,2-5L,Rarely,10000.0,No,5+,Desktop,Groceries,15.0,15.0,5000.0,Electronics,Yes
8488,18-25,Male,>20L,Bi-weekly,7000.0,No,1-3,Mobile,Electronics,50.0,60.0,5000.0,Fashion,Yes
8489,55+,Female,5-10L,Bi-weekly,10000.0,No,3-5,Mobile,Electronics,60.0,30.0,5000.0,Electronics,Yes
8491,26-35,Male,2-5L,Bi-weekly,5000.0,No,3-5,Desktop,Fashion,50.0,7.0,1000.0,Home & Furniture,No
8492,55+,Male,2-5L,Weekly,7000.0,Yes,5+,Mobile,Groceries,20.0,60.0,1000.0,Fashion,No
8493,36-45,Female,<2L,Quarterly,10000.0,Yes,1-3,Mobile,Electronics,25.0,7.0,500.0,Fashion,Yes
8494,55+,Male,10-20L,Weekly,15000.0,Yes,<1,Both,Fashion,40.0,15.0,5000.0,Groceries,No
8495,46-55,Male,2-5L,Rarely,10000.0,No,<1,Both,Electronics,20.0,60.0,10000.0,Groceries,No
8496,46-55,Male,2-5L,Weekly,5000.0,No,3-5,Mobile,Electronics,30.0,7.0,10000.0,Home & Furniture,No
8498,55+,Male,2-5L,Monthly,10000.0,No,3-5,Desktop,Groceries,30.0,30.0,10000.0,Home & Furniture,Yes
8501,18-25,Male,<2,Weekly,10000.0,No,3-5,Mobile,Home & Furniture,10.0,30.0,2000.0,Home & Furniture,No
8502,55+,Male,5-10L,Weekly,5000.0,No,1-3,Desktop,Fashion,10.0,7.0,1000.0,Home & Furniture,Yes
8503,26-35,Female,5L-10L,Quarterly,5000.0,Yes,<1,Desktop,Electronics,50.0,30.0,2000.0,Electronics,Yes
8504,46-55,Male,5L-10L,Weekly,12000.0,No,<1,Mobile,Groceries,20.0,7.0,2000.0,Electronics,No
8505,55+,Male,5-10L,Weekly,3000.0,No,3-5,Mobile,Electronics,20.0,60.0,5000.0,Home & Furniture,No
8506,26-35,Male,10-20L,Bi-weekly,5000.0,Yes,3-5,Mobile,Fashion,30.0,30.0,2000.0,Home & Furniture,No
8507,46-55,Female,<2,Weekly,10000.0,Yes,3-5,Mobile,Electronics,40.0,30.0,5000.0,Fashion,No
8508,26-35,Male,<2,Weekly,5000.0,No,1-3,Mobile,Fashion,30.0,30.0,2000.0,Groceries,No
8510,55+,Male,5-10L,Weekly,20000.0,No,5+,Mobile,Fashion,30.0,60.0,500.0,Home & Furniture,Yes
8511,26-35,Male,5L-10L,Rarely,10000.0,Yes,3-5,Mobile,Home & Furniture,30.0,30.0,500.0,Home & Furniture,Yes
8512,46-55,Female,>20L,Rarely,5000.0,No,5+,Mobile,Fashion,40.0,30.0,5000.0,Home & Furniture,Yes
8513,55+,Male,5-10L,Bi-weekly,10000.0,Yes,1-3,Mobile,Books,30.0,15.0,1000.0,Books,No
8514,55+,Female,5-10L,Quarterly,3000.0,Yes,5+,Mobile,Books,30.0,30.0,2000.0,Groceries,No
8519,46-55,Male,<2,Quarterly,10000.0,Yes,5+,Mobile,Electronics,30.0,30.0,2000.0,Fashion,No
8520,18-25,Male,<2,Rarely,15000.0,No,1-3,Mobile,Electronics,40.0,30.0,5000.0,Electronics,No
8521,46-55,Female,<2L,Weekly,10000.0,No,5+,Mobile,Groceries,15.0,30.0,10000.0,Home & Furniture,Yes
8523,55+,Female,<2L,Rarely,10000.0,No,3-5,Mobile,Fashion,20.0,60.0,1000.0,Fashion,No
8524,36-45,Male,>20L,Weekly,5000.0,Yes,3-5,Mobile,Electronics,10.0,30.0,2000.0,Electronics,No
8525,18-25,Male,<2,Weekly,3000.0,Yes,1-3,Mobile,Groceries,15.0,30.0,2000.0,Electronics,Yes
8526,55+,Female,5-10L,Monthly,3000.0,No,5+,Mobile,Electronics,30.0,60.0,500.0,Home & Furniture,No
8527,55+,Male,>20L,Monthly,15000.0,Yes,3-5,Desktop,Fashion,15.0,30.0,2000.0,Home & Furniture,Yes
8528,55+,Male,5-10L,Rarely,10000.0,Yes,1-3,Mobile,Home & Furniture,50.0,60.0,2000.0,Home & Furniture,Yes
8529,55+,Male,5-10L,Weekly,3000.0,No,<1,Mobile,Books,15.0,7.0,1000.0,Fashion,Yes
8530,26-35,Male,2-5L,Bi-weekly,10000.0,No,1-3,Mobile,Home & Furniture,15.0,30.0,2000.0,Fashion,Yes
8532,18-25,Female,<2,Monthly,7000.0,Yes,3-5,Mobile,Home & Furniture,30.0,60.0,2000.0,Home & Furniture,No
8533,26-35,Male,10-20L,Quarterly,12000.0,No,1-3,Both,Electronics,40.0,30.0,500.0,Home & Furniture,Yes
8534,55+,Male,<2L,Monthly,10000.0,Yes,3-5,Both,Electronics,20.0,30.0,5000.0,Electronics,Yes
8535,55+,Female,<2,Weekly,12000.0,Yes,1-3,Mobile,Books,20.0,7.0,500.0,Electronics,Yes
8537,18-25,Male,>20L,Weekly,10000.0,No,3-5,Mobile,Home & Furniture,50.0,60.0,10000.0,Electronics,No
8538,55+,Male,<2L,Weekly,10000.0,Yes,3-5,Mobile,Home & Furniture,30.0,30.0,500.0,Fashion,No
8539,18-25,Male,2-5L,Weekly,15000.0,No,<1,Mobile,Fashion,50.0,30.0,1000.0,Home & Furniture,Yes
8540,26-35,Male,>20L,Weekly,5000.0,No,5+,Mobile,Fashion,50.0,15.0,1000.0,Fashion,No
8541,26-35,Male,5L-10L,Weekly,10000.0,Yes,<1,Mobile,Books,30.0,30.0,10000.0,Home & Furniture,No
8543,36-45,Male,5-10L,Quarterly,10000.0,Yes,3-5,Mobile,Groceries,60.0,30.0,5000.0,Groceries,Yes
8545,36-45,Female,10-20L,Rarely,3000.0,No,1-3,Mobile,Books,20.0,60.0,2000.0,Electronics,No
8546,36-45,Male,5-10L,Bi-weekly,12000.0,No,3-5,Desktop,Fashion,30.0,7.0,1000.0,Fashion,Yes
8547,55+,Male,10-20L,Weekly,5000.0,No,3-5,Mobile,Electronics,20.0,7.0,500.0,Books,No
8548,55+,Male,10-20L,Weekly,5000.0,No,3-5,Mobile,Books,50.0,60.0,2000.0,Home & Furniture,No
8549,55+,Male,<2L,Bi-weekly,10000.0,Yes,1-3,Mobile,Electronics,30.0,7.0,500.0,Groceries,Yes
8550,46-55,Female,2-5L,Bi-weekly,5000.0,No,3-5,Desktop,Home & Furniture,50.0,7.0,2000.0,Electronics,Yes
8551,46-55,Male,5-10L,Rarely,10000.0,No,<1,Mobile,Fashion,30.0,15.0,1000.0,Groceries,Yes
8552,55+,Male,5-10L,Rarely,5000.0,Yes,<1,Both,Electronics,30.0,30.0,500.0,Groceries,Yes
8553,55+,Female,2-5L,Quarterly,10000.0,Yes,1-3,Mobile,Electronics,30.0,15.0,1000.0,Home & Furniture,Yes
8554,55+,Male,5-10L,Rarely,5000.0,Yes,1-3,Mobile,Electronics,60.0,30.0,1000.0,Electronics,Yes
8555,55+,Male,10-20L,Monthly,7000.0,No,3-5,Both,Groceries,50.0,7.0,500.0,Fashion,No
8556,18-25,Female,5-10L,Quarterly,10000.0,No,3-5,Mobile,Electronics,20.0,60.0,2000.0,Electronics,Yes
8557,55+,Female,>20L,Quarterly,15000.0,Yes,<1,Mobile,Fashion,10.0,7.0,1000.0,Home & Furniture,No
8558,55+,Male,>20L,Weekly,5000.0,Yes,<1,Mobile,Home & Furniture,50.0,7.0,2000.0,Home & Furniture,No
8559,26-35,Male,2-5L,Monthly,10000.0,No,3-5,Mobile,Electronics,10.0,15.0,5000.0,Fashion,No
8560,55+,Male,>20L,Monthly,10000.0,Yes,<1,Mobile,Books,30.0,60.0,1000.0,Electronics,No
8561,26-35,Male,10-20L,Weekly,5000.0,Yes,<1,Mobile,Fashion,50.0,7.0,1000.0,Groceries,Yes
8562,26-35,Male,>20L,Quarterly,7000.0,No,3-5,Mobile,Home & Furniture,10.0,15.0,500.0,Home & Furniture,Yes
8563,55+,Female,5-10L,Weekly,15000.0,Yes,1-3,Mobile,Electronics,20.0,60.0,1000.0,Fashion,No
8564,26-35,Male,<2L,Quarterly,5000.0,No,1-3,Mobile,Fashion,50.0,7.0,1000.0,Home & Furniture,Yes
8565,36-45,Female,5-10L,Quarterly,5000.0,No,1-3,Mobile,Fashion,40.0,30.0,5000.0,Groceries,No
8567,55+,Female,10-20L,Weekly,10000.0,No,3-5,Mobile,Electronics,30.0,30.0,2000.0,Home & Furniture,Yes
8568,36-45,Female,5-10L,Rarely,5000.0,No,5+,Mobile,Home & Furniture,30.0,60.0,10000.0,Books,Yes
8569,55+,Male,>20L,Quarterly,12000.0,Yes,1-3,Desktop,Electronics,15.0,30.0,1000.0,Home & Furniture,Yes
8570,55+,Male,<2,Quarterly,10000.0,Yes,1-3,Mobile,Fashion,30.0,7.0,500.0,Fashion,No
8571,46-55,Male,>20L,Quarterly,15000.0,No,5+,Mobile,Fashion,30.0,7.0,2000.0,Home & Furniture,No
8572,55+,Male,>20L,Weekly,5000.0,No,1-3,Mobile,Electronics,30.0,7.0,1000.0,Books,No
8573,55+,Female,10-20L,Bi-weekly,10000.0,Yes,1-3,Mobile,Books,25.0,15.0,500.0,Home & Furniture,Yes
8574,36-45,Female,2-5L,Weekly,10000.0,No,<1,Desktop,Electronics,30.0,30.0,1000.0,Electronics,Yes
8575,55+,Male,>20L,Quarterly,20000.0,No,<1,Mobile,Electronics,50.0,15.0,1000.0,Books,No
8576,46-55,Male,5-10L,Weekly,10000.0,No,5+,Mobile,Electronics,30.0,30.0,1000.0,Home & Furniture,No
8577,18-25,Male,2-5L,Weekly,10000.0,Yes,3-5,Mobile,Electronics,30.0,7.0,1000.0,Books,No
8578,26-35,Male,5L-10L,Weekly,20000.0,Yes,<1,Mobile,Electronics,60.0,7.0,10000.0,Books,No
8579,46-55,Male,<2,Weekly,7000.0,No,<1,Desktop,Groceries,40.0,7.0,5000.0,Fashion,No
8580,18-25,Male,<2L,Bi-weekly,10000.0,Yes,<1,Mobile,Electronics,30.0,30.0,10000.0,Fashion,No
8581,46-55,Male,5-10L,Quarterly,10000.0,Yes,1-3,Mobile,Home & Furniture,50.0,7.0,2000.0,Groceries,No
8582,36-45,Female,5L-10L,Monthly,15000.0,Yes,3-5,Mobile,Fashion,60.0,7.0,1000.0,Books,No
8584,18-25,Male,>20L,Weekly,20000.0,No,3-5,Desktop,Electronics,25.0,15.0,1000.0,Electronics,Yes
8585,55+,Male,2-5L,Monthly,10000.0,No,<1,Both,Fashion,40.0,7.0,2000.0,Electronics,No
8586,36-45,Male,>20L,Weekly,5000.0,No,1-3,Desktop,Fashion,40.0,30.0,10000.0,Fashion,No
8587,18-25,Male,<2L,Weekly,12000.0,No,3-5,Mobile,Fashion,20.0,7.0,5000.0,Fashion,No
8588,36-45,Male,2-5L,Weekly,5000.0,Yes,3-5,Mobile,Electronics,30.0,7.0,500.0,Home & Furniture,No
8589,36-45,Female,>20L,Weekly,5000.0,No,3-5,Mobile,Electronics,25.0,60.0,1000.0,Electronics,No
8590,46-55,Female,>20L,Quarterly,20000.0,Yes,<1,Both,Groceries,20.0,7.0,5000.0,Fashion,Yes
8591,46-55,Male,<2,Monthly,20000.0,No,3-5,Desktop,Electronics,30.0,7.0,1000.0,Fashion,No
8592,18-25,Male,>20L,Weekly,12000.0,Yes,1-3,Mobile,Fashion,30.0,7.0,2000.0,Electronics,Yes
8593,55+,Female,5L-10L,Bi-weekly,10000.0,No,3-5,Desktop,Groceries,50.0,15.0,2000.0,Fashion,No
8594,36-45,Male,5-10L,Weekly,12000.0,Yes,3-5,Both,Electronics,50.0,60.0,500.0,Fashion,No
8595,18-25,Male,5-10L,Weekly,10000.0,Yes,<1,Mobile,Groceries,10.0,15.0,1000.0,Home & Furniture,No
8596,55+,Male,5-10L,Weekly,7000.0,Yes,5+,Both,Electronics,20.0,30.0,2000.0,Home & Furniture,No
8597,46-55,Male,5-10L,Weekly,7000.0,No,5+,Mobile,Fashion,30.0,60.0,5000.0,Electronics,No
8598,46-55,Male,>20L,Bi-weekly,7000.0,Yes,1-3,Mobile,Home & Furniture,30.0,7.0,1000.0,Home & Furniture,No
8599,36-45,Male,5-10L,Weekly,5000.0,Yes,3-5,Mobile,Fashion,50.0,30.0,5000.0,Books,No
8600,36-45,Female,5-10L,Rarely,10000.0,Yes,<1,Mobile,Books,60.0,7.0,1000.0,Books,No
8601,46-55,Female,2-5L,Weekly,3000.0,No,5+,Mobile,Books,15.0,15.0,2000.0,Fashion,Yes
8602,18-25,Female,>20L,Quarterly,15000.0,No,3-5,Mobile,Electronics,15.0,60.0,5000.0,Home & Furniture,No
8603,26-35,Female,<2,Weekly,15000.0,Yes,3-5,Mobile,Fashion,30.0,7.0,5000.0,Groceries,No
8606,36-45,Female,5-10L,Weekly,12000.0,Yes,<1,Desktop,Fashion,20.0,15.0,10000.0,Fashion,No
8607,26-35,Male,>20L,Bi-weekly,15000.0,No,1-3,Mobile,Books,30.0,15.0,1000.0,Home & Furniture,No
8608,55+,Female,2-5L,Weekly,15000.0,No,<1,Both,Electronics,20.0,7.0,500.0,Groceries,Yes
8609,26-35,Male,5L-10L,Quarterly,10000.0,No,3-5,Mobile,Electronics,15.0,7.0,1000.0,Home & Furniture,Yes
8610,26-35,Male,5-10L,Quarterly,15000.0,No,<1,Mobile,Fashion,60.0,15.0,1000.0,Home & Furniture,No
8611,18-25,Male,10-20L,Quarterly,5000.0,No,1-3,Mobile,Fashion,40.0,60.0,5000.0,Fashion,Yes
8612,55+,Male,<2,Weekly,20000.0,No,1-3,Mobile,Groceries,50.0,7.0,500.0,Home & Furniture,No
8613,46-55,Male,<2L,Rarely,10000.0,No,3-5,Desktop,Electronics,20.0,7.0,2000.0,Home & Furniture,No
8614,18-25,Male,>20L,Monthly,10000.0,No,3-5,Mobile,Electronics,30.0,7.0,1000.0,Home & Furniture,No
8615,18-25,Male,2-5L,Weekly,5000.0,No,5+,Mobile,Electronics,30.0,30.0,2000.0,Electronics,Yes
8616,46-55,Male,5-10L,Weekly,3000.0,No,3-5,Both,Home & Furniture,25.0,15.0,10000.0,Home & Furniture,Yes
8617,46-55,Male,10-20L,Weekly,5000.0,No,3-5,Mobile,Fashion,60.0,30.0,5000.0,Home & Furniture,Yes
8618,55+,Male,<2,Weekly,5000.0,Yes,3-5,Desktop,Books,50.0,15.0,1000.0,Books,No
8619,26-35,Male,5-10L,Quarterly,7000.0,No,3-5,Desktop,Fashion,20.0,7.0,1000.0,Fashion,Yes
8620,55+,Male,5-10L,Rarely,5000.0,No,1-3,Mobile,Home & Furniture,50.0,30.0,5000.0,Home & Furniture,No
8621,55+,Male,2-5L,Bi-weekly,20000.0,Yes,3-5,Mobile,Electronics,30.0,30.0,1000.0,Home & Furniture,Yes
8622,46-55,Male,<2,Quarterly,15000.0,No,<1,Mobile,Electronics,10.0,30.0,500.0,Groceries,Yes
8623,26-35,Female,>20L,Weekly,10000.0,Yes,1-3,Mobile,Groceries,25.0,30.0,2000.0,Fashion,Yes
8625,36-45,Male,5-10L,Rarely,10000.0,No,3-5,Mobile,Fashion,30.0,7.0,2000.0,Home & Furniture,No
8627,26-35,Female,5-10L,Weekly,12000.0,Yes,<1,Mobile,Electronics,30.0,7.0,2000.0,Home & Furniture,No
8628,55+,Male,2-5L,Quarterly,12000.0,Yes,5+,Mobile,Home & Furniture,10.0,60.0,5000.0,Home & Furniture,Yes
8629,36-45,Male,10-20L,Weekly,5000.0,No,3-5,Mobile,Electronics,30.0,30.0,500.0,Books,No
8630,55+,Male,<2,Quarterly,12000.0,Yes,3-5,Mobile,Electronics,40.0,30.0,1000.0,Home & Furniture,Yes
8631,46-55,Male,>20L,Weekly,12000.0,Yes,1-3,Mobile,Fashion,30.0,30.0,2000.0,Home & Furniture,No
8632,55+,Male,5L-10L,Weekly,5000.0,Yes,<1,Mobile,Books,30.0,60.0,10000.0,Home & Furniture,No
8633,18-25,Female,5-10L,Rarely,3000.0,No,3-5,Desktop,Electronics,30.0,60.0,2000.0,Home & Furniture,No
8634,55+,Female,5-10L,Weekly,15000.0,No,<1,Mobile,Fashion,50.0,30.0,2000.0,Groceries,No
8635,18-25,Male,5-10L,Weekly,20000.0,Yes,1-3,Mobile,Groceries,25.0,15.0,1000.0,Home & Furniture,Yes
8636,36-45,Male,2-5L,Rarely,10000.0,No,1-3,Mobile,Books,40.0,15.0,5000.0,Home & Furniture,Yes
8637,26-35,Male,<2,Quarterly,5000.0,Yes,<1,Mobile,Electronics,30.0,30.0,1000.0,Electronics,Yes
8638,36-45,Female,>20L,Weekly,7000.0,Yes,1-3,Both,Electronics,50.0,7.0,5000.0,Home & Furniture,Yes
8639,46-55,Female,>20L,Weekly,3000.0,No,5+,Both,Fashion,15.0,30.0,2000.0,Groceries,No
8640,18-25,Male,<2,Rarely,15000.0,No,5+,Mobile,Electronics,40.0,7.0,1000.0,Fashion,No
8641,26-35,Male,2-5L,Weekly,5000.0,No,1-3,Both,Fashion,15.0,30.0,1000.0,Home & Furniture,No
8642,55+,Male,5-10L,Weekly,5000.0,Yes,<1,Mobile,Home & Furniture,60.0,60.0,1000.0,Home & Furniture,Yes
8643,18-25,Female,2-5L,Weekly,10000.0,Yes,1-3,Desktop,Home & Furniture,30.0,30.0,1000.0,Home & Furniture,Yes
8644,36-45,Male,<2,Weekly,10000.0,Yes,5+,Mobile,Books,25.0,15.0,1000.0,Fashion,Yes
8645,36-45,Male,5-10L,Weekly,15000.0,No,3-5,Mobile,Electronics,30.0,15.0,500.0,Home & Furniture,No
8646,36-45,Male,10-20L,Weekly,7000.0,Yes,<1,Desktop,Electronics,10.0,7.0,500.0,Electronics,No
8647,55+,Male,5L-10L,Weekly,5000.0,Yes,3-5,Both,Fashion,30.0,60.0,1000.0,Home & Furniture,Yes
8648,26-35,Female,<2,Quarterly,5000.0,Yes,5+,Both,Books,60.0,30.0,1000.0,Home & Furniture,Yes
8649,36-45,Male,<2,Monthly,10000.0,No,1-3,Mobile,Books,10.0,60.0,500.0,Electronics,Yes
8650,46-55,Male,<2L,Rarely,5000.0,No,3-5,Desktop,Electronics,25.0,60.0,1000.0,Electronics,No
8651,36-45,Female,5L-10L,Monthly,10000.0,No,5+,Mobile,Groceries,20.0,7.0,2000.0,Home & Furniture,Yes
8652,55+,Male,<2L,Rarely,7000.0,Yes,1-3,Mobile,Groceries,30.0,7.0,2000.0,Home & Furniture,No
8653,55+,Female,2-5L,Quarterly,7000.0,Yes,5+,Mobile,Books,40.0,7.0,1000.0,Books,No
8654,18-25,Female,5-10L,Rarely,5000.0,Yes,5+,Mobile,Electronics,25.0,7.0,5000.0,Groceries,Yes
8655,36-45,Male,5L-10L,Quarterly,15000.0,Yes,3-5,Mobile,Books,25.0,60.0,500.0,Home & Furniture,No
8656,26-35,Male,2-5L,Quarterly,10000.0,No,<1,Mobile,Electronics,30.0,15.0,1000.0,Fashion,No
8658,36-45,Male,10-20L,Rarely,7000.0,No,1-3,Desktop,Electronics,50.0,30.0,2000.0,Fashion,Yes
8659,46-55,Female,2-5L,Weekly,5000.0,No,1-3,Mobile,Fashion,15.0,30.0,2000.0,Home & Furniture,No
8660,36-45,Male,2-5L,Quarterly,7000.0,No,<1,Both,Groceries,40.0,7.0,500.0,Fashion,Yes
8661,26-35,Female,5-10L,Weekly,15000.0,No,<1,Desktop,Home & Furniture,20.0,30.0,5000.0,Books,No
8662,26-35,Female,>20L,Quarterly,7000.0,Yes,<1,Mobile,Electronics,30.0,7.0,500.0,Electronics,No
8663,55+,Female,<2L,Rarely,3000.0,No,<1,Mobile,Home & Furniture,50.0,7.0,10000.0,Groceries,No
8664,55+,Male,2-5L,Rarely,15000.0,Yes,1-3,Mobile,Electronics,30.0,15.0,5000.0,Books,No
8665,18-25,Male,>20L,Bi-weekly,10000.0,No,3-5,Mobile,Books,20.0,30.0,1000.0,Fashion,Yes
8666,46-55,Female,>20L,Weekly,5000.0,Yes,1-3,Both,Electronics,10.0,30.0,500.0,Home & Furniture,Yes
8667,55+,Female,2-5L,Weekly,5000.0,Yes,3-5,Mobile,Fashion,30.0,30.0,1000.0,Groceries,No
8668,55+,Male,5-10L,Quarterly,5000.0,No,3-5,Desktop,Electronics,30.0,60.0,10000.0,Fashion,Yes
8669,46-55,Female,2-5L,Weekly,10000.0,No,<1,Desktop,Electronics,60.0,7.0,1000.0,Home & Furniture,No
8670,55+,Male,5L-10L,Weekly,20000.0,Yes,3-5,Desktop,Electronics,60.0,30.0,5000.0,Electronics,No
8671,55+,Male,2-5L,Quarterly,3000.0,Yes,1-3,Mobile,Groceries,40.0,15.0,2000.0,Home & Furniture,No
8672,36-45,Male,5-10L,Quarterly,5000.0,No,1-3,Desktop,Fashion,10.0,30.0,1000.0,Groceries,No
8673,55+,Male,>20L,Rarely,5000.0,No,3-5,Mobile,Home & Furniture,30.0,7.0,1000.0,Home & Furniture,Yes
8674,26-35,Male,<2L,Weekly,7000.0,Yes,3-5,Both,Electronics,15.0,15.0,2000.0,Home & Furniture,Yes
8675,18-25,Male,<2,Rarely,12000.0,Yes,1-3,Mobile,Electronics,15.0,15.0,5000.0,Electronics,Yes
8676,55+,Male,>20L,Bi-weekly,5000.0,No,5+,Desktop,Books,50.0,60.0,500.0,Electronics,Yes
8677,55+,Male,<2L,Weekly,20000.0,Yes,<1,Mobile,Groceries,20.0,7.0,1000.0,Fashion,No
8678,46-55,Female,<2,Weekly,5000.0,No,1-3,Desktop,Groceries,50.0,30.0,500.0,Books,No
8679,55+,Male,5L-10L,Weekly,12000.0,No,3-5,Both,Books,20.0,30.0,500.0,Electronics,No
8681,55+,Male,<2,Monthly,10000.0,No,3-5,Mobile,Electronics,30.0,60.0,500.0,Electronics,No
8682,46-55,Male,5-10L,Weekly,10000.0,No,1-3,Desktop,Home & Furniture,20.0,15.0,2000.0,Fashion,No
8683,55+,Male,>20L,Weekly,10000.0,Yes,3-5,Mobile,Fashion,40.0,30.0,2000.0,Electronics,Yes
8688,26-35,Male,5L-10L,Weekly,10000.0,No,<1,Mobile,Fashion,20.0,7.0,1000.0,Books,Yes
8689,18-25,Male,5-10L,Weekly,10000.0,No,5+,Desktop,Groceries,25.0,15.0,1000.0,Groceries,Yes
8690,55+,Male,5L-10L,Weekly,10000.0,Yes,<1,Mobile,Home & Furniture,25.0,7.0,10000.0,Electronics,No
8691,46-55,Male,2-5L,Quarterly,15000.0,No,3-5,Desktop,Groceries,60.0,60.0,1000.0,Groceries,Yes
8692,36-45,Male,5L-10L,Quarterly,20000.0,No,3-5,Desktop,Electronics,15.0,15.0,2000.0,Fashion,No
8693,18-25,Female,5L-10L,Bi-weekly,5000.0,No,3-5,Mobile,Electronics,10.0,30.0,10000.0,Home & Furniture,No
8694,18-25,Male,<2,Weekly,10000.0,No,1-3,Mobile,Fashion,25.0,15.0,10000.0,Electronics,No
8695,55+,Male,10-20L,Weekly,15000.0,Yes,<1,Desktop,Groceries,30.0,7.0,5000.0,Electronics,No
8696,36-45,Male,10-20L,Weekly,3000.0,No,3-5,Mobile,Electronics,10.0,7.0,5000.0,Electronics,No
8697,18-25,Male,10-20L,Weekly,5000.0,Yes,3-5,Mobile,Books,30.0,30.0,500.0,Home & Furniture,No
8698,36-45,Female,>20L,Quarterly,5000.0,No,5+,Mobile,Books,60.0,15.0,1000.0,Electronics,No
8699,26-35,Male,>20L,Bi-weekly,15000.0,No,1-3,Mobile,Books,30.0,30.0,10000.0,Electronics,Yes
8700,18-25,Female,5-10L,Weekly,20000.0,No,3-5,Mobile,Fashion,25.0,60.0,1000.0,Electronics,Yes
8702,46-55,Male,<2L,Monthly,7000.0,No,<1,Desktop,Fashion,50.0,60.0,5000.0,Fashion,No
8703,26-35,Male,5-10L,Quarterly,10000.0,Yes,3-5,Mobile,Groceries,30.0,15.0,500.0,Books,No
8704,36-45,Female,10-20L,Weekly,5000.0,No,3-5,Mobile,Books,30.0,7.0,500.0,Home & Furniture,No
8705,36-45,Male,2-5L,Monthly,20000.0,Yes,<1,Mobile,Books,15.0,30.0,500.0,Fashion,Yes
8706,36-45,Female,5-10L,Weekly,10000.0,Yes,3-5,Mobile,Electronics,30.0,30.0,1000.0,Groceries,Yes
8707,55+,Male,2-5L,Weekly,10000.0,No,5+,Desktop,Electronics,30.0,7.0,10000.0,Fashion,No
8708,18-25,Male,5-10L,Bi-weekly,5000.0,No,<1,Mobile,Electronics,30.0,30.0,2000.0,Home & Furniture,No
8709,18-25,Male,5-10L,Monthly,20000.0,Yes,3-5,Mobile,Electronics,30.0,7.0,500.0,Fashion,No
8710,36-45,Male,<2L,Monthly,15000.0,Yes,<1,Both,Electronics,60.0,7.0,1000.0,Electronics,No
8712,18-25,Male,5L-10L,Monthly,10000.0,Yes,5+,Mobile,Fashion,30.0,60.0,1000.0,Electronics,Yes
8713,55+,Female,>20L,Rarely,5000.0,No,3-5,Mobile,Electronics,15.0,60.0,500.0,Home & Furniture,Yes
8714,55+,Male,<2,Weekly,5000.0,Yes,5+,Both,Electronics,15.0,60.0,2000.0,Books,No
8715,18-25,Male,<2,Quarterly,10000.0,No,3-5,Mobile,Electronics,30.0,15.0,500.0,Fashion,No
8716,18-25,Male,5-10L,Rarely,10000.0,No,1-3,Mobile,Electronics,10.0,30.0,1000.0,Groceries,No
8717,55+,Male,5-10L,Weekly,5000.0,No,1-3,Mobile,Home & Furniture,20.0,30.0,2000.0,Electronics,No
8718,18-25,Male,5L-10L,Bi-weekly,10000.0,No,5+,Desktop,Electronics,40.0,30.0,2000.0,Groceries,No
8719,46-55,Male,<2,Rarely,15000.0,Yes,<1,Mobile,Electronics,15.0,7.0,2000.0,Fashion,Yes
8720,18-25,Male,5-10L,Quarterly,10000.0,No,1-3,Desktop,Electronics,30.0,7.0,500.0,Fashion,No
8723,55+,Female,5-10L,Weekly,10000.0,Yes,3-5,Desktop,Electronics,40.0,30.0,500.0,Fashion,No
8725,46-55,Male,<2,Rarely,12000.0,Yes,1-3,Mobile,Electronics,30.0,15.0,1000.0,Electronics,Yes
8726,55+,Female,2-5L,Quarterly,5000.0,Yes,5+,Mobile,Books,30.0,30.0,5000.0,Fashion,Yes
8728,36-45,Male,5-10L,Weekly,15000.0,Yes,1-3,Mobile,Books,60.0,15.0,1000.0,Home & Furniture,No
8729,18-25,Male,5-10L,Rarely,5000.0,No,1-3,Desktop,Fashion,30.0,15.0,1000.0,Home & Furniture,Yes
8730,36-45,Male,2-5L,Weekly,3000.0,No,1-3,Mobile,Fashion,20.0,30.0,2000.0,Fashion,No
8731,55+,Male,>20L,Quarterly,5000.0,No,3-5,Desktop,Electronics,40.0,30.0,500.0,Groceries,No
8732,46-55,Male,5L-10L,Quarterly,12000.0,No,3-5,Desktop,Electronics,20.0,30.0,2000.0,Electronics,No
8733,36-45,Male,<2,Rarely,7000.0,Yes,<1,Both,Fashion,30.0,30.0,500.0,Electronics,No
8734,36-45,Male,5-10L,Rarely,7000.0,No,1-3,Mobile,Books,40.0,60.0,5000.0,Groceries,No
8735,55+,Male,5-10L,Quarterly,10000.0,Yes,3-5,Mobile,Fashion,30.0,15.0,1000.0,Home & Furniture,No
8736,55+,Male,2-5L,Rarely,10000.0,Yes,3-5,Both,Fashion,40.0,60.0,2000.0,Electronics,No
8737,46-55,Male,5L-10L,Weekly,10000.0,No,3-5,Desktop,Electronics,50.0,7.0,1000.0,Electronics,No
8738,36-45,Female,>20L,Quarterly,10000.0,Yes,5+,Mobile,Groceries,30.0,7.0,1000.0,Books,No
8739,55+,Female,5L-10L,Quarterly,7000.0,Yes,5+,Desktop,Fashion,15.0,30.0,2000.0,Fashion,No
8740,46-55,Male,2-5L,Weekly,15000.0,Yes,3-5,Mobile,Electronics,30.0,30.0,1000.0,Fashion,No
8741,18-25,Female,<2L,Weekly,10000.0,Yes,1-3,Desktop,Electronics,40.0,15.0,1000.0,Electronics,No
8742,46-55,Male,<2L,Quarterly,10000.0,Yes,1-3,Both,Fashion,25.0,15.0,2000.0,Home & Furniture,Yes
8743,26-35,Male,<2L,Bi-weekly,5000.0,No,3-5,Desktop,Electronics,60.0,30.0,1000.0,Groceries,Yes
8744,55+,Male,>20L,Rarely,12000.0,No,<1,Desktop,Fashion,30.0,30.0,500.0,Fashion,Yes
8745,46-55,Male,2-5L,Weekly,10000.0,Yes,3-5,Desktop,Electronics,20.0,60.0,1000.0,Books,Yes
8746,36-45,Male,>20L,Bi-weekly,12000.0,No,<1,Mobile,Electronics,60.0,30.0,2000.0,Groceries,Yes
8747,55+,Male,5-10L,Weekly,10000.0,Yes,3-5,Mobile,Electronics,30.0,60.0,500.0,Groceries,Yes
8748,55+,Female,2-5L,Rarely,15000.0,No,3-5,Mobile,Electronics,10.0,30.0,2000.0,Fashion,Yes
8749,55+,Female,5-10L,Weekly,5000.0,No,5+,Desktop,Electronics,30.0,7.0,1000.0,Groceries,Yes
8750,46-55,Female,10-20L,Quarterly,12000.0,Yes,<1,Mobile,Books,20.0,60.0,1000.0,Fashion,No
8751,55+,Male,<2L,Weekly,7000.0,Yes,3-5,Mobile,Electronics,50.0,7.0,2000.0,Groceries,No
8752,36-45,Male,>20L,Quarterly,5000.0,No,3-5,Mobile,Home & Furniture,20.0,30.0,2000.0,Home & Furniture,Yes
8753,55+,Female,5-10L,Monthly,10000.0,Yes,3-5,Desktop,Home & Furniture,30.0,7.0,2000.0,Groceries,No
8754,55+,Male,<2,Weekly,5000.0,No,<1,Mobile,Groceries,25.0,30.0,1000.0,Home & Furniture,No
8755,18-25,Male,5L-10L,Rarely,3000.0,Yes,3-5,Mobile,Home & Furniture,30.0,15.0,2000.0,Fashion,No
8756,26-35,Male,10-20L,Rarely,5000.0,No,3-5,Mobile,Electronics,30.0,30.0,2000.0,Groceries,No
8757,26-35,Male,5-10L,Monthly,20000.0,Yes,<1,Desktop,Groceries,30.0,30.0,2000.0,Home & Furniture,No
8758,26-35,Male,10-20L,Quarterly,15000.0,Yes,1-3,Both,Electronics,20.0,15.0,2000.0,Fashion,No
8759,36-45,Male,2-5L,Weekly,20000.0,No,5+,Both,Books,40.0,60.0,1000.0,Home & Furniture,Yes
8760,55+,Male,<2L,Quarterly,3000.0,Yes,3-5,Mobile,Electronics,25.0,60.0,5000.0,Fashion,No
8761,46-55,Female,2-5L,Quarterly,10000.0,Yes,3-5,Mobile,Electronics,50.0,15.0,1000.0,Electronics,Yes
8762,18-25,Male,2-5L,Weekly,5000.0,No,3-5,Desktop,Electronics,25.0,60.0,500.0,Books,Yes
8765,36-45,Female,10-20L,Weekly,7000.0,Yes,3-5,Mobile,Electronics,60.0,7.0,1000.0,Books,Yes
8766,36-45,Male,2-5L,Rarely,10000.0,No,5+,Mobile,Electronics,30.0,60.0,5000.0,Fashion,Yes
8767,55+,Male,5L-10L,Bi-weekly,5000.0,Yes,3-5,Mobile,Electronics,15.0,7.0,1000.0,Home & Furniture,Yes
8768,55+,Male,>20L,Weekly,10000.0,Yes,3-5,Desktop,Books,30.0,30.0,2000.0,Home & Furniture,No
8770,55+,Male,2-5L,Monthly,10000.0,Yes,3-5,Mobile,Groceries,10.0,30.0,2000.0,Fashion,No
8771,18-25,Male,<2,Monthly,10000.0,No,<1,Both,Electronics,30.0,7.0,5000.0,Fashion,Yes
8772,55+,Male,5L-10L,Quarterly,10000.0,No,3-5,Desktop,Electronics,40.0,30.0,2000.0,Fashion,No
8773,55+,Female,5-10L,Quarterly,7000.0,Yes,<1,Mobile,Fashion,30.0,60.0,2000.0,Home & Furniture,No
8774,55+,Male,>20L,Weekly,5000.0,No,5+,Mobile,Books,50.0,60.0,500.0,Fashion,No
8775,55+,Male,>20L,Weekly,15000.0,No,5+,Mobile,Electronics,60.0,7.0,1000.0,Fashion,Yes
8777,36-45,Male,<2L,Weekly,5000.0,Yes,5+,Mobile,Fashion,30.0,30.0,500.0,Home & Furniture,No
8778,55+,Male,5L-10L,Monthly,10000.0,Yes,3-5,Both,Books,30.0,30.0,2000.0,Fashion,Yes
8779,55+,Male,2-5L,Weekly,5000.0,Yes,<1,Mobile,Home & Furniture,30.0,7.0,5000.0,Books,Yes
8780,26-35,Male,5-10L,Monthly,3000.0,Yes,<1,Both,Home & Furniture,20.0,15.0,5000.0,Fashion,Yes
8781,46-55,Female,5-10L,Quarterly,5000.0,Yes,1-3,Mobile,Fashion,15.0,30.0,2000.0,Electronics,No
8782,18-25,Male,10-20L,Weekly,15000.0,Yes,1-3,Mobile,Fashion,30.0,30.0,10000.0,Electronics,No
8784,55+,Male,2-5L,Weekly,20000.0,Yes,5+,Both,Home & Furniture,20.0,30.0,1000.0,Home & Furniture,Yes
8785,55+,Female,<2,Weekly,5000.0,No,1-3,Mobile,Electronics,50.0,60.0,2000.0,Home & Furniture,No
8786,26-35,Male,<2L,Weekly,7000.0,No,3-5,Mobile,Electronics,30.0,30.0,1000.0,Books,Yes
8787,46-55,Male,2-5L,Monthly,15000.0,No,3-5,Mobile,Home & Furniture,30.0,7.0,500.0,Home & Furniture,Yes
8788,46-55,Male,5-10L,Rarely,5000.0,No,<1,Mobile,Groceries,30.0,7.0,1000.0,Home & Furniture,No
8789,36-45,Male,<2,Monthly,15000.0,Yes,3-5,Mobile,Fashion,20.0,15.0,2000.0,Home & Furniture,Yes
8790,55+,Male,<2,Rarely,10000.0,Yes,1-3,Mobile,Electronics,60.0,15.0,1000.0,Books,Yes
8791,55+,Male,2-5L,Rarely,10000.0,Yes,3-5,Mobile,Fashion,25.0,15.0,2000.0,Electronics,No
8792,55+,Male,2-5L,Weekly,20000.0,Yes,3-5,Mobile,Electronics,15.0,7.0,1000.0,Home & Furniture,Yes
8793,36-45,Male,2-5L,Rarely,5000.0,No,3-5,Mobile,Electronics,25.0,7.0,1000.0,Books,No
8794,55+,Male,<2L,Weekly,5000.0,No,5+,Mobile,Electronics,30.0,30.0,500.0,Home & Furniture,No
8796,46-55,Male,2-5L,Quarterly,5000.0,No,<1,Mobile,Home & Furniture,20.0,7.0,1000.0,Electronics,No
8798,46-55,Male,10-20L,Quarterly,3000.0,No,3-5,Desktop,Groceries,30.0,7.0,2000.0,Groceries,No
8799,18-25,Male,>20L,Rarely,15000.0,No,5+,Mobile,Electronics,60.0,30.0,2000.0,Electronics,No
8800,36-45,Female,2-5L,Rarely,7000.0,No,<1,Mobile,Groceries,30.0,7.0,1000.0,Groceries,Yes
8801,26-35,Male,>20L,Weekly,5000.0,No,3-5,Both,Electronics,10.0,7.0,2000.0,Fashion,Yes
8802,55+,Male,<2,Bi-weekly,20000.0,No,<1,Mobile,Fashion,40.0,60.0,500.0,Books,Yes
8803,18-25,Male,5L-10L,Weekly,12000.0,No,3-5,Mobile,Electronics,25.0,30.0,1000.0,Electronics,No
8806,55+,Male,>20L,Weekly,10000.0,Yes,1-3,Mobile,Fashion,50.0,15.0,500.0,Books,No
8807,18-25,Male,2-5L,Rarely,5000.0,No,3-5,Both,Fashion,10.0,30.0,1000.0,Fashion,No
8808,55+,Male,<2,Weekly,10000.0,No,<1,Mobile,Electronics,30.0,30.0,500.0,Home & Furniture,No
8809,55+,Male,<2L,Bi-weekly,7000.0,Yes,<1,Mobile,Home & Furniture,10.0,7.0,1000.0,Electronics,Yes
8810,55+,Male,2-5L,Weekly,7000.0,Yes,3-5,Mobile,Books,15.0,30.0,500.0,Fashion,No
8812,55+,Female,5-10L,Rarely,15000.0,No,<1,Desktop,Electronics,40.0,60.0,1000.0,Home & Furniture,No
8813,46-55,Male,<2,Quarterly,5000.0,No,3-5,Mobile,Home & Furniture,15.0,7.0,500.0,Fashion,Yes
8814,55+,Male,2-5L,Quarterly,7000.0,No,3-5,Mobile,Electronics,30.0,15.0,5000.0,Home & Furniture,No
8815,55+,Male,2-5L,Quarterly,10000.0,Yes,3-5,Mobile,Fashion,30.0,30.0,10000.0,Home & Furniture,Yes
8816,36-45,Male,5-10L,Monthly,3000.0,Yes,5+,Mobile,Books,15.0,30.0,2000.0,Home & Furniture,Yes
8817,55+,Male,2-5L,Quarterly,5000.0,No,1-3,Mobile,Books,30.0,7.0,500.0,Fashion,Yes
8818,55+,Male,5-10L,Rarely,5000.0,No,3-5,Desktop,Fashion,10.0,15.0,10000.0,Fashion,Yes
8819,55+,Female,<2,Weekly,5000.0,No,<1,Both,Home & Furniture,30.0,30.0,1000.0,Electronics,No
8820,55+,Male,<2,Monthly,15000.0,Yes,3-5,Both,Electronics,20.0,30.0,5000.0,Books,Yes
8821,36-45,Male,>20L,Monthly,10000.0,Yes,3-5,Mobile,Home & Furniture,25.0,15.0,1000.0,Home & Furniture,No
8822,36-45,Male,2-5L,Bi-weekly,7000.0,Yes,3-5,Mobile,Electronics,20.0,7.0,500.0,Groceries,Yes
8823,46-55,Male,5L-10L,Weekly,5000.0,Yes,3-5,Mobile,Electronics,30.0,30.0,1000.0,Fashion,No
8824,55+,Female,5L-10L,Weekly,10000.0,No,1-3,Mobile,Home & Furniture,15.0,15.0,10000.0,Fashion,No
8825,55+,Male,<2L,Monthly,10000.0,No,3-5,Desktop,Home & Furniture,20.0,30.0,500.0,Electronics,Yes
8826,55+,Female,5-10L,Quarterly,5000.0,Yes,3-5,Mobile,Home & Furniture,20.0,15.0,2000.0,Home & Furniture,No
8828,55+,Male,<2,Bi-weekly,10000.0,No,3-5,Mobile,Fashion,50.0,7.0,1000.0,Electronics,No
8829,26-35,Male,2-5L,Quarterly,3000.0,No,5+,Mobile,Electronics,20.0,7.0,1000.0,Fashion,Yes
8830,55+,Male,>20L,Weekly,3000.0,No,3-5,Desktop,Home & Furniture,30.0,60.0,5000.0,Fashion,Yes
8831,18-25,Male,5-10L,Weekly,12000.0,Yes,5+,Mobile,Books,50.0,7.0,1000.0,Home & Furniture,No
8832,46-55,Male,5L-10L,Quarterly,5000.0,No,<1,Mobile,Electronics,40.0,15.0,2000.0,Books,No
8833,18-25,Male,<2L,Quarterly,5000.0,No,5+,Mobile,Electronics,40.0,15.0,1000.0,Groceries,No
8836,18-25,Male,>20L,Quarterly,10000.0,No,5+,Mobile,Electronics,10.0,15.0,1000.0,Fashion,No
8837,46-55,Male,<2,Weekly,15000.0,No,<1,Mobile,Books,25.0,30.0,2000.0,Groceries,No
8838,55+,Male,5L-10L,Weekly,5000.0,No,3-5,Mobile,Electronics,30.0,30.0,1000.0,Home & Furniture,Yes
8841,26-35,Male,10-20L,Weekly,5000.0,No,<1,Desktop,Fashion,60.0,60.0,1000.0,Groceries,No
8842,18-25,Male,10-20L,Quarterly,5000.0,Yes,5+,Mobile,Electronics,20.0,60.0,1000.0,Electronics,Yes
8843,18-25,Female,10-20L,Weekly,20000.0,Yes,1-3,Mobile,Home & Furniture,25.0,60.0,500.0,Electronics,No
8844,46-55,Male,<2L,Monthly,5000.0,No,1-3,Mobile,Home & Furniture,20.0,30.0,1000.0,Electronics,Yes
8845,55+,Male,5L-10L,Monthly,15000.0,Yes,5+,Mobile,Electronics,40.0,30.0,10000.0,Groceries,Yes
8846,46-55,Male,5-10L,Quarterly,10000.0,No,1-3,Both,Electronics,40.0,30.0,5000.0,Groceries,Yes
8847,55+,Male,2-5L,Quarterly,10000.0,Yes,1-3,Mobile,Fashion,30.0,7.0,2000.0,Electronics,Yes
8848,46-55,Male,5-10L,Monthly,7000.0,Yes,3-5,Mobile,Fashion,30.0,60.0,1000.0,Fashion,Yes
8849,55+,Male,>20L,Weekly,10000.0,No,3-5,Mobile,Electronics,40.0,30.0,5000.0,Fashion,No
8851,36-45,Female,<2L,Bi-weekly,10000.0,No,1-3,Mobile,Home & Furniture,10.0,30.0,1000.0,Fashion,Yes
8852,18-25,Female,>20L,Quarterly,12000.0,No,1-3,Mobile,Electronics,30.0,30.0,5000.0,Fashion,No
8853,18-25,Male,<2,Weekly,15000.0,No,3-5,Mobile,Electronics,40.0,7.0,500.0,Fashion,Yes
8854,46-55,Male,>20L,Bi-weekly,5000.0,No,3-5,Mobile,Groceries,25.0,60.0,2000.0,Groceries,Yes
8855,46-55,Female,>20L,Rarely,5000.0,No,5+,Mobile,Home & Furniture,20.0,7.0,500.0,Fashion,No
8856,26-35,Male,5-10L,Weekly,15000.0,No,3-5,Mobile,Fashion,30.0,30.0,2000.0,Home & Furniture,Yes
8857,55+,Male,>20L,Quarterly,5000.0,Yes,<1,Both,Fashion,50.0,30.0,5000.0,Groceries,No
8858,55+,Female,<2L,Weekly,15000.0,Yes,1-3,Desktop,Fashion,15.0,7.0,1000.0,Groceries,No
8859,26-35,Male,5L-10L,Bi-weekly,5000.0,Yes,3-5,Mobile,Fashion,30.0,60.0,500.0,Books,Yes
8860,26-35,Male,>20L,Weekly,5000.0,Yes,1-3,Mobile,Home & Furniture,40.0,30.0,1000.0,Fashion,Yes
8861,55+,Female,>20L,Rarely,5000.0,No,1-3,Mobile,Books,40.0,60.0,1000.0,Home & Furniture,Yes
8862,55+,Male,<2L,Weekly,3000.0,Yes,3-5,Mobile,Home & Furniture,10.0,15.0,2000.0,Home & Furniture,Yes
8863,55+,Female,5L-10L,Bi-weekly,12000.0,No,<1,Desktop,Books,50.0,60.0,1000.0,Electronics,Yes
8864,46-55,Male,>20L,Weekly,7000.0,Yes,<1,Mobile,Groceries,30.0,7.0,1000.0,Fashion,Yes
8865,18-25,Male,5L-10L,Bi-weekly,20000.0,No,1-3,Mobile,Books,10.0,30.0,1000.0,Fashion,No
8867,18-25,Female,5-10L,Bi-weekly,10000.0,Yes,5+,Mobile,Fashion,30.0,60.0,2000.0,Electronics,No
8868,36-45,Female,>20L,Quarterly,10000.0,Yes,5+,Mobile,Electronics,40.0,30.0,1000.0,Home & Furniture,No
8870,46-55,Male,5-10L,Rarely,15000.0,No,<1,Mobile,Books,20.0,15.0,2000.0,Home & Furniture,Yes
8871,55+,Male,2-5L,Quarterly,7000.0,No,1-3,Mobile,Fashion,50.0,30.0,2000.0,Home & Furniture,Yes
8872,55+,Male,<2,Weekly,10000.0,Yes,1-3,Desktop,Electronics,60.0,30.0,2000.0,Fashion,No
8873,18-25,Female,<2L,Weekly,7000.0,Yes,3-5,Desktop,Fashion,20.0,7.0,500.0,Books,No
8874,55+,Male,>20L,Rarely,7000.0,No,1-3,Mobile,Electronics,40.0,30.0,1000.0,Home & Furniture,Yes
8875,18-25,Male,>20L,Weekly,3000.0,Yes,3-5,Desktop,Electronics,30.0,15.0,1000.0,Home & Furniture,Yes
8876,26-35,Male,2-5L,Weekly,5000.0,No,3-5,Desktop,Fashion,40.0,7.0,1000.0,Groceries,Yes
8877,55+,Male,5L-10L,Monthly,20000.0,Yes,<1,Desktop,Fashion,30.0,15.0,10000.0,Electronics,Yes
8878,55+,Female,10-20L,Rarely,15000.0,Yes,1-3,Mobile,Books,30.0,7.0,2000.0,Home & Furniture,No
8881,55+,Female,10-20L,Weekly,10000.0,Yes,<1,Desktop,Home & Furniture,60.0,30.0,2000.0,Fashion,No
8882,55+,Male,5L-10L,Weekly,15000.0,No,<1,Desktop,Home & Furniture,30.0,7.0,500.0,Home & Furniture,No
8883,46-55,Female,5-10L,Quarterly,10000.0,Yes,3-5,Mobile,Books,30.0,15.0,1000.0,Electronics,Yes
8884,18-25,Male,2-5L,Bi-weekly,15000.0,Yes,<1,Mobile,Electronics,30.0,30.0,500.0,Home & Furniture,No
8885,55+,Female,2-5L,Weekly,7000.0,Yes,1-3,Mobile,Home & Furniture,25.0,30.0,2000.0,Fashion,No
8887,18-25,Male,>20L,Weekly,7000.0,No,<1,Mobile,Books,15.0,30.0,1000.0,Fashion,No
8888,46-55,Female,5-10L,Weekly,3000.0,No,3-5,Mobile,Electronics,25.0,30.0,10000.0,Fashion,No
8889,55+,Female,2-5L,Weekly,5000.0,Yes,1-3,Mobile,Electronics,30.0,7.0,1000.0,Groceries,Yes
8890,18-25,Female,>20L,Rarely,15000.0,No,3-5,Mobile,Groceries,15.0,30.0,2000.0,Fashion,No
8892,55+,Male,>20L,Quarterly,3000.0,Yes,3-5,Mobile,Electronics,30.0,30.0,10000.0,Electronics,No
8893,55+,Male,2-5L,Monthly,20000.0,Yes,3-5,Both,Electronics,50.0,7.0,10000.0,Home & Furniture,Yes
8894,26-35,Female,<2L,Bi-weekly,15000.0,No,<1,Mobile,Electronics,30.0,15.0,500.0,Electronics,Yes
8895,36-45,Female,10-20L,Bi-weekly,10000.0,Yes,<1,Both,Home & Furniture,25.0,30.0,500.0,Electronics,No
8896,18-25,Female,5-10L,Quarterly,5000.0,No,5+,Desktop,Electronics,30.0,7.0,5000.0,Home & Furniture,No
8900,55+,Female,5L-10L,Quarterly,5000.0,Yes,3-5,Mobile,Electronics,60.0,30.0,1000.0,Fashion,No
8901,26-35,Male,10-20L,Monthly,10000.0,Yes,3-5,Mobile,Home & Furniture,25.0,30.0,500.0,Home & Furniture,No
8904,36-45,Female,5-10L,Weekly,15000.0,No,1-3,Desktop,Books,25.0,60.0,500.0,Home & Furniture,Yes
8905,55+,Male,<2L,Rarely,12000.0,Yes,1-3,Mobile,Groceries,20.0,60.0,1000.0,Fashion,Yes
8906,26-35,Male,5-10L,Weekly,20000.0,Yes,1-3,Mobile,Electronics,40.0,30.0,1000.0,Electronics,Yes
8907,36-45,Female,>20L,Weekly,5000.0,Yes,3-5,Mobile,Books,20.0,15.0,10000.0,Fashion,Yes
8908,55+,Male,5-10L,Weekly,7000.0,No,3-5,Desktop,Fashion,15.0,30.0,500.0,Fashion,Yes
8909,36-45,Male,<2L,Weekly,10000.0,No,3-5,Mobile,Electronics,10.0,7.0,5000.0,Home & Furniture,No
8910,26-35,Male,5-10L,Quarterly,20000.0,No,1-3,Mobile,Fashion,10.0,30.0,2000.0,Home & Furniture,No
8911,36-45,Male,5-10L,Monthly,10000.0,Yes,<1,Desktop,Electronics,40.0,30.0,1000.0,Fashion,Yes
8912,36-45,Male,<2,Weekly,5000.0,No,<1,Mobile,Fashion,30.0,7.0,2000.0,Home & Furniture,No
8913,46-55,Male,5L-10L,Quarterly,10000.0,No,1-3,Mobile,Books,10.0,15.0,1000.0,Electronics,Yes
8914,36-45,Male,5-10L,Monthly,10000.0,Yes,3-5,Mobile,Books,60.0,7.0,1000.0,Home & Furniture,Yes
8915,36-45,Male,5-10L,Weekly,5000.0,Yes,<1,Mobile,Electronics,25.0,7.0,1000.0,Groceries,Yes
8916,26-35,Male,<2L,Quarterly,10000.0,No,5+,Mobile,Groceries,60.0,15.0,1000.0,Books,No
8917,46-55,Male,5-10L,Quarterly,5000.0,No,3-5,Desktop,Groceries,30.0,60.0,1000.0,Home & Furniture,Yes
8918,26-35,Male,<2L,Rarely,7000.0,Yes,5+,Mobile,Electronics,40.0,7.0,1000.0,Groceries,No
8921,36-45,Male,>20L,Weekly,5000.0,No,3-5,Mobile,Electronics,30.0,30.0,1000.0,Home & Furniture,No
8924,36-45,Female,>20L,Quarterly,3000.0,No,3-5,Mobile,Fashion,25.0,60.0,5000.0,Electronics,No
8925,36-45,Male,2-5L,Monthly,10000.0,No,<1,Mobile,Electronics,25.0,60.0,500.0,Home & Furniture,No
8928,55+,Male,2-5L,Quarterly,5000.0,Yes,3-5,Desktop,Electronics,30.0,15.0,1000.0,Books,Yes
8929,55+,Male,5L-10L,Rarely,5000.0,No,3-5,Mobile,Books,40.0,30.0,5000.0,Electronics,Yes
8930,55+,Male,5-10L,Weekly,10000.0,No,3-5,Desktop,Fashion,10.0,7.0,1000.0,Home & Furniture,Yes
8931,46-55,Male,5-10L,Weekly,3000.0,No,3-5,Desktop,Groceries,50.0,60.0,2000.0,Home & Furniture,No
8932,26-35,Male,2-5L,Quarterly,5000.0,Yes,<1,Mobile,Fashion,30.0,60.0,1000.0,Home & Furniture,No
8933,18-25,Male,>20L,Weekly,12000.0,No,<1,Mobile,Home & Furniture,20.0,30.0,2000.0,Fashion,No
8934,55+,Female,2-5L,Rarely,5000.0,Yes,5+,Mobile,Fashion,20.0,7.0,5000.0,Home & Furniture,Yes
8936,55+,Male,>20L,Quarterly,5000.0,No,<1,Mobile,Books,30.0,30.0,2000.0,Books,Yes
8937,26-35,Female,5-10L,Rarely,5000.0,Yes,3-5,Desktop,Electronics,40.0,30.0,1000.0,Home & Furniture,Yes
8938,18-25,Male,<2L,Weekly,15000.0,No,<1,Mobile,Home & Furniture,30.0,30.0,1000.0,Groceries,No
8939,36-45,Male,2-5L,Weekly,12000.0,Yes,1-3,Mobile,Groceries,15.0,30.0,500.0,Home & Furniture,No
8940,55+,Female,<2L,Rarely,5000.0,No,3-5,Both,Electronics,30.0,30.0,2000.0,Electronics,No
8941,18-25,Male,<2,Weekly,5000.0,No,5+,Desktop,Groceries,30.0,30.0,1000.0,Fashion,Yes
8942,18-25,Male,10-20L,Quarterly,10000.0,Yes,1-3,Mobile,Home & Furniture,10.0,7.0,2000.0,Books,No
8943,18-25,Male,<2L,Weekly,10000.0,Yes,5+,Mobile,Home & Furniture,30.0,30.0,5000.0,Home & Furniture,Yes
8944,55+,Male,2-5L,Weekly,10000.0,No,3-5,Mobile,Electronics,30.0,30.0,1000.0,Electronics,Yes
8945,55+,Female,>20L,Weekly,5000.0,No,<1,Desktop,Fashion,40.0,30.0,500.0,Home & Furniture,Yes
8946,55+,Male,2-5L,Weekly,20000.0,Yes,<1,Mobile,Fashion,10.0,30.0,2000.0,Electronics,No
8947,18-25,Female,>20L,Monthly,15000.0,Yes,3-5,Mobile,Groceries,20.0,7.0,1000.0,Home & Furniture,Yes
8948,55+,Male,5-10L,Bi-weekly,10000.0,Yes,3-5,Both,Home & Furniture,30.0,30.0,1000.0,Books,No
8949,36-45,Female,2-5L,Weekly,15000.0,No,3-5,Desktop,Electronics,50.0,15.0,2000.0,Home & Furniture,Yes
8950,18-25,Male,10-20L,Weekly,5000.0,No,<1,Mobile,Books,20.0,30.0,10000.0,Books,No
8951,26-35,Male,10-20L,Weekly,5000.0,Yes,<1,Both,Books,25.0,30.0,10000.0,Groceries,Yes
8952,36-45,Male,5-10L,Weekly,5000.0,No,<1,Mobile,Fashion,30.0,60.0,1000.0,Electronics,No
8953,36-45,Female,10-20L,Monthly,5000.0,Yes,<1,Mobile,Fashion,30.0,60.0,5000.0,Home & Furniture,No
8954,55+,Female,<2,Quarterly,5000.0,No,<1,Mobile,Fashion,30.0,60.0,500.0,Groceries,No
8955,55+,Male,5-10L,Quarterly,15000.0,No,3-5,Mobile,Groceries,30.0,30.0,2000.0,Fashion,No
8956,36-45,Male,10-20L,Quarterly,15000.0,No,5+,Mobile,Fashion,30.0,30.0,2000.0,Books,No
8958,46-55,Male,<2L,Monthly,10000.0,No,5+,Both,Home & Furniture,10.0,30.0,2000.0,Fashion,Yes
8959,18-25,Male,<2,Rarely,5000.0,No,1-3,Both,Fashion,30.0,7.0,2000.0,Electronics,No
8960,46-55,Male,2-5L,Quarterly,3000.0,No,<1,Mobile,Electronics,25.0,15.0,5000.0,Fashion,No
8961,26-35,Male,<2L,Quarterly,7000.0,Yes,3-5,Both,Books,20.0,60.0,500.0,Fashion,No
8962,36-45,Female,<2,Weekly,10000.0,Yes,3-5,Both,Home & Furniture,60.0,30.0,2000.0,Home & Furniture,No
8963,55+,Male,<2L,Rarely,10000.0,No,3-5,Mobile,Electronics,25.0,30.0,2000.0,Fashion,Yes
8964,46-55,Male,2-5L,Rarely,10000.0,No,3-5,Mobile,Home & Furniture,30.0,60.0,500.0,Groceries,No
8965,36-45,Male,<2L,Quarterly,10000.0,Yes,5+,Mobile,Home & Furniture,10.0,30.0,1000.0,Groceries,Yes
8966,26-35,Female,5L-10L,Weekly,5000.0,No,3-5,Mobile,Electronics,25.0,15.0,1000.0,Fashion,No
8967,46-55,Female,5L-10L,Rarely,5000.0,Yes,5+,Mobile,Home & Furniture,15.0,7.0,5000.0,Home & Furniture,No
8969,55+,Male,>20L,Rarely,20000.0,Yes,1-3,Desktop,Electronics,40.0,7.0,5000.0,Home & Furniture,No
8970,46-55,Male,5-10L,Weekly,7000.0,Yes,3-5,Mobile,Electronics,20.0,30.0,5000.0,Home & Furniture,Yes
8971,55+,Male,<2L,Quarterly,7000.0,Yes,1-3,Mobile,Fashion,60.0,7.0,5000.0,Books,Yes
8972,36-45,Female,2-5L,Bi-weekly,20000.0,Yes,3-5,Mobile,Groceries,60.0,60.0,10000.0,Home & Furniture,Yes
8973,55+,Male,10-20L,Quarterly,7000.0,No,<1,Both,Electronics,25.0,30.0,5000.0,Groceries,Yes
8974,18-25,Male,<2L,Weekly,5000.0,No,3-5,Mobile,Books,30.0,30.0,2000.0,Books,No
8975,26-35,Male,2-5L,Weekly,10000.0,No,5+,Mobile,Groceries,25.0,7.0,5000.0,Electronics,Yes
8976,18-25,Male,<2,Rarely,7000.0,Yes,1-3,Mobile,Electronics,50.0,30.0,1000.0,Books,No
8977,18-25,Male,5-10L,Rarely,10000.0,Yes,<1,Desktop,Fashion,10.0,15.0,2000.0,Groceries,No
8980,46-55,Male,<2L,Weekly,10000.0,Yes,3-5,Mobile,Electronics,30.0,30.0,500.0,Home & Furniture,Yes
8981,46-55,Female,5L-10L,Monthly,3000.0,No,<1,Mobile,Electronics,25.0,60.0,5000.0,Electronics,Yes
8982,55+,Female,2-5L,Quarterly,12000.0,Yes,3-5,Desktop,Fashion,30.0,7.0,1000.0,Home & Furniture,Yes
8983,46-55,Male,<2,Quarterly,5000.0,No,5+,Mobile,Electronics,50.0,30.0,500.0,Home & Furniture,No
8984,55+,Male,5-10L,Bi-weekly,3000.0,Yes,3-5,Mobile,Groceries,30.0,60.0,500.0,Home & Furniture,Yes
8985,46-55,Female,2-5L,Weekly,7000.0,No,<1,Mobile,Electronics,30.0,30.0,1000.0,Electronics,No
8986,55+,Female,<2L,Weekly,15000.0,No,3-5,Desktop,Home & Furniture,50.0,7.0,2000.0,Home & Furniture,No
8987,26-35,Female,5L-10L,Weekly,5000.0,Yes,1-3,Both,Books,25.0,15.0,1000.0,Fashion,Yes
8988,55+,Male,10-20L,Rarely,5000.0,No,3-5,Mobile,Electronics,40.0,7.0,1000.0,Home & Furniture,No
8989,18-25,Male,<2L,Weekly,5000.0,Yes,5+,Mobile,Books,30.0,7.0,2000.0,Fashion,No
8990,36-45,Male,>20L,Weekly,20000.0,Yes,<1,Mobile,Electronics,25.0,30.0,1000.0,Home & Furniture,No
8991,55+,Female,5-10L,Weekly,7000.0,No,3-5,Both,Electronics,60.0,7.0,500.0,Electronics,No
8992,26-35,Male,2-5L,Weekly,20000.0,Yes,5+,Mobile,Home & Furniture,30.0,30.0,2000.0,Groceries,Yes
8993,18-25,Male,10-20L,Rarely,5000.0,No,1-3,Both,Electronics,30.0,60.0,2000.0,Home & Furniture,Yes
8994,36-45,Female,<2L,Weekly,7000.0,Yes,<1,Both,Electronics,15.0,7.0,5000.0,Groceries,Yes
8995,36-45,Female,2-5L,Rarely,7000.0,No,5+,Both,Home & Furniture,25.0,7.0,500.0,Electronics,Yes
8996,55+,Male,2-5L,Rarely,5000.0,Yes,3-5,Mobile,Fashion,25.0,30.0,1000.0,Fashion,Yes
8997,55+,Male,5-10L,Monthly,10000.0,Yes,1-3,Mobile,Fashion,15.0,30.0,5000.0,Fashion,Yes
8998,36-45,Male,<2,Quarterly,5000.0,Yes,1-3,Mobile,Electronics,20.0,15.0,500.0,Fashion,No
8999,55+,Male,>20L,Quarterly,5000.0,Yes,<1,Mobile,Books,30.0,30.0,500.0,Groceries,Yes
9000,46-55,Male,10-20L,Weekly,5000.0,No,5+,Mobile,Electronics,50.0,60.0,500.0,Fashion,No
9002,55+,Female,5L-10L,Quarterly,7000.0,Yes,5+,Desktop,Home & Furniture,50.0,7.0,1000.0,Electronics,Yes
9003,36-45,Female,5-10L,Quarterly,7000.0,Yes,3-5,Desktop,Fashion,25.0,7.0,5000.0,Electronics,No
9004,18-25,Male,5-10L,Rarely,15000.0,Yes,5+,Desktop,Books,50.0,30.0,2000.0,Electronics,No
9005,55+,Female,2-5L,Weekly,10000.0,Yes,3-5,Mobile,Electronics,50.0,7.0,1000.0,Fashion,No
9007,18-25,Male,5-10L,Rarely,5000.0,Yes,3-5,Desktop,Electronics,50.0,7.0,1000.0,Groceries,No
9008,46-55,Male,5L-10L,Weekly,12000.0,No,3-5,Mobile,Electronics,15.0,15.0,10000.0,Fashion,No
9009,55+,Male,5-10L,Weekly,3000.0,Yes,<1,Mobile,Fashion,50.0,60.0,1000.0,Books,Yes
9010,18-25,Female,>20L,Weekly,5000.0,No,<1,Mobile,Groceries,30.0,60.0,5000.0,Fashion,Yes
9011,36-45,Male,>20L,Weekly,7000.0,No,1-3,Mobile,Groceries,30.0,15.0,10000.0,Books,No
9012,55+,Male,<2L,Weekly,15000.0,No,1-3,Mobile,Home & Furniture,30.0,30.0,5000.0,Home & Furniture,No
9013,55+,Male,5-10L,Weekly,3000.0,Yes,3-5,Both,Electronics,30.0,30.0,2000.0,Fashion,No
9014,26-35,Male,2-5L,Quarterly,10000.0,Yes,5+,Mobile,Electronics,25.0,30.0,10000.0,Groceries,Yes
9015,55+,Male,5-10L,Weekly,10000.0,No,3-5,Mobile,Home & Furniture,50.0,60.0,5000.0,Groceries,Yes
9016,55+,Male,10-20L,Quarterly,10000.0,No,3-5,Mobile,Electronics,30.0,30.0,1000.0,Electronics,No
9017,46-55,Male,2-5L,Monthly,7000.0,No,1-3,Mobile,Home & Furniture,50.0,30.0,2000.0,Fashion,Yes
9018,36-45,Male,<2,Weekly,5000.0,Yes,<1,Desktop,Fashion,10.0,30.0,2000.0,Home & Furniture,No
9019,55+,Male,5-10L,Rarely,15000.0,Yes,<1,Desktop,Electronics,15.0,15.0,2000.0,Electronics,Yes
9020,55+,Male,2-5L,Weekly,5000.0,Yes,3-5,Mobile,Home & Furniture,30.0,60.0,500.0,Electronics,No
9021,26-35,Male,5-10L,Quarterly,10000.0,No,<1,Mobile,Electronics,30.0,7.0,1000.0,Fashion,No
9022,55+,Male,2-5L,Rarely,5000.0,No,5+,Mobile,Electronics,20.0,30.0,5000.0,Home & Furniture,Yes
9023,55+,Male,<2L,Quarterly,5000.0,No,<1,Mobile,Electronics,50.0,30.0,5000.0,Home & Furniture,Yes
9024,55+,Male,>20L,Rarely,7000.0,No,5+,Desktop,Books,15.0,7.0,2000.0,Fashion,No
9025,55+,Male,5-10L,Quarterly,10000.0,No,1-3,Both,Home & Furniture,15.0,60.0,2000.0,Electronics,Yes
9026,55+,Female,5-10L,Rarely,3000.0,No,5+,Mobile,Home & Furniture,40.0,30.0,500.0,Fashion,Yes
9027,55+,Female,<2,Quarterly,3000.0,Yes,3-5,Mobile,Home & Furniture,25.0,30.0,5000.0,Home & Furniture,No
9028,55+,Male,<2,Quarterly,5000.0,No,3-5,Mobile,Electronics,25.0,15.0,2000.0,Home & Furniture,No
9030,18-25,Male,<2,Quarterly,15000.0,Yes,<1,Desktop,Fashion,25.0,15.0,1000.0,Electronics,No
9031,36-45,Male,2-5L,Weekly,3000.0,Yes,1-3,Desktop,Home & Furniture,30.0,7.0,2000.0,Electronics,No
9032,55+,Female,5-10L,Quarterly,5000.0,No,3-5,Mobile,Electronics,60.0,15.0,1000.0,Fashion,No
9033,36-45,Female,2-5L,Weekly,5000.0,No,5+,Desktop,Electronics,30.0,7.0,500.0,Home & Furniture,No
9035,36-45,Male,<2L,Rarely,5000.0,No,<1,Mobile,Home & Furniture,30.0,60.0,2000.0,Books,Yes
9036,26-35,Male,>20L,Weekly,5000.0,No,5+,Mobile,Books,25.0,60.0,5000.0,Home & Furniture,Yes
9037,55+,Male,2-5L,Quarterly,10000.0,No,5+,Mobile,Fashion,60.0,30.0,5000.0,Groceries,Yes
9038,46-55,Male,>20L,Quarterly,10000.0,Yes,5+,Mobile,Books,30.0,7.0,2000.0,Electronics,No
9039,36-45,Male,2-5L,Bi-weekly,10000.0,No,1-3,Mobile,Electronics,30.0,15.0,1000.0,Home & Furniture,No
9040,18-25,Female,2-5L,Quarterly,10000.0,Yes,1-3,Mobile,Fashion,30.0,15.0,5000.0,Fashion,No
9041,18-25,Male,>20L,Quarterly,3000.0,No,3-5,Mobile,Groceries,20.0,7.0,500.0,Electronics,No
9042,18-25,Male,>20L,Weekly,5000.0,No,1-3,Desktop,Electronics,25.0,60.0,2000.0,Fashion,No
9044,46-55,Male,2-5L,Weekly,10000.0,No,<1,Mobile,Electronics,50.0,30.0,2000.0,Groceries,No
9045,26-35,Male,5-10L,Weekly,5000.0,Yes,3-5,Mobile,Home & Furniture,30.0,7.0,1000.0,Fashion,No
9046,18-25,Male,<2L,Quarterly,10000.0,Yes,<1,Mobile,Electronics,25.0,60.0,5000.0,Books,No
9047,55+,Male,>20L,Weekly,5000.0,Yes,1-3,Both,Books,30.0,30.0,500.0,Fashion,Yes
9048,36-45,Male,<2L,Monthly,15000.0,Yes,1-3,Both,Home & Furniture,30.0,7.0,500.0,Home & Furniture,No
9049,55+,Male,5-10L,Weekly,5000.0,No,3-5,Mobile,Electronics,50.0,30.0,1000.0,Groceries,Yes
9050,36-45,Female,2-5L,Bi-weekly,15000.0,No,<1,Mobile,Books,10.0,30.0,2000.0,Home & Furniture,No
9052,46-55,Female,5-10L,Quarterly,10000.0,Yes,5+,Mobile,Fashion,25.0,7.0,500.0,Books,Yes
9053,55+,Female,5-10L,Rarely,15000.0,Yes,3-5,Mobile,Electronics,30.0,60.0,1000.0,Home & Furniture,No
9055,55+,Male,5-10L,Monthly,5000.0,No,<1,Mobile,Electronics,20.0,30.0,10000.0,Groceries,No
9056,55+,Female,2-5L,Rarely,7000.0,Yes,<1,Mobile,Electronics,50.0,60.0,2000.0,Home & Furniture,No
9057,46-55,Male,2-5L,Weekly,10000.0,Yes,3-5,Mobile,Groceries,15.0,60.0,1000.0,Groceries,No
9058,55+,Male,10-20L,Weekly,20000.0,No,<1,Mobile,Electronics,40.0,30.0,1000.0,Home & Furniture,Yes
9059,18-25,Male,10-20L,Monthly,7000.0,No,3-5,Mobile,Electronics,40.0,7.0,500.0,Fashion,Yes
9061,55+,Male,5-10L,Rarely,5000.0,No,<1,Mobile,Books,15.0,60.0,500.0,Books,No
9062,55+,Male,>20L,Quarterly,7000.0,No,3-5,Desktop,Books,30.0,30.0,500.0,Fashion,No
9063,36-45,Male,>20L,Weekly,10000.0,Yes,3-5,Mobile,Electronics,40.0,60.0,10000.0,Fashion,No
9064,55+,Female,>20L,Weekly,10000.0,No,1-3,Desktop,Home & Furniture,60.0,15.0,1000.0,Home & Furniture,No
9065,26-35,Male,5-10L,Quarterly,15000.0,Yes,5+,Both,Fashion,30.0,7.0,500.0,Fashion,Yes
9066,46-55,Female,5-10L,Weekly,5000.0,No,1-3,Both,Home & Furniture,30.0,15.0,1000.0,Electronics,Yes
9067,36-45,Male,5-10L,Monthly,10000.0,Yes,<1,Mobile,Electronics,60.0,60.0,5000.0,Groceries,Yes
9068,46-55,Male,2-5L,Quarterly,5000.0,No,1-3,Both,Electronics,30.0,7.0,2000.0,Electronics,No
9069,55+,Male,<2L,Weekly,10000.0,No,3-5,Both,Fashion,20.0,60.0,500.0,Home & Furniture,Yes
9071,26-35,Male,2-5L,Quarterly,10000.0,Yes,<1,Both,Home & Furniture,30.0,7.0,10000.0,Electronics,No
9072,36-45,Female,<2,Weekly,7000.0,Yes,3-5,Both,Fashion,30.0,15.0,1000.0,Home & Furniture,Yes
9073,46-55,Male,2-5L,Weekly,5000.0,Yes,1-3,Desktop,Home & Furniture,50.0,60.0,500.0,Electronics,Yes
9075,55+,Male,<2L,Quarterly,10000.0,Yes,3-5,Both,Electronics,20.0,60.0,2000.0,Fashion,No
9076,18-25,Male,2-5L,Quarterly,15000.0,Yes,3-5,Mobile,Electronics,20.0,7.0,2000.0,Home & Furniture,No
9077,55+,Male,10-20L,Rarely,3000.0,No,1-3,Desktop,Home & Furniture,30.0,15.0,1000.0,Fashion,Yes
9078,55+,Female,10-20L,Weekly,5000.0,No,3-5,Both,Fashion,30.0,15.0,1000.0,Home & Furniture,No
9079,18-25,Male,5-10L,Monthly,10000.0,No,3-5,Mobile,Books,50.0,15.0,2000.0,Electronics,Yes
9080,36-45,Male,5-10L,Quarterly,10000.0,Yes,1-3,Mobile,Fashion,60.0,30.0,500.0,Groceries,No
9081,36-45,Male,5-10L,Rarely,7000.0,Yes,1-3,Mobile,Electronics,30.0,30.0,5000.0,Electronics,Yes
9082,36-45,Male,5L-10L,Weekly,10000.0,Yes,3-5,Both,Home & Furniture,20.0,30.0,1000.0,Fashion,Yes
9084,26-35,Male,<2,Rarely,5000.0,Yes,1-3,Mobile,Electronics,20.0,7.0,1000.0,Electronics,No
9085,18-25,Male,2-5L,Weekly,3000.0,No,1-3,Mobile,Fashion,20.0,30.0,500.0,Electronics,No
9087,55+,Male,5-10L,Rarely,12000.0,No,5+,Mobile,Fashion,50.0,30.0,2000.0,Fashion,No
9088,55+,Female,5L-10L,Weekly,5000.0,Yes,1-3,Both,Electronics,40.0,60.0,1000.0,Books,Yes
9089,46-55,Female,<2L,Quarterly,20000.0,Yes,3-5,Mobile,Home & Furniture,30.0,7.0,1000.0,Fashion,No
9090,36-45,Male,5-10L,Quarterly,20000.0,No,5+,Mobile,Fashion,40.0,7.0,10000.0,Fashion,No
9091,46-55,Female,2-5L,Weekly,10000.0,No,1-3,Both,Fashion,30.0,60.0,2000.0,Fashion,Yes
9092,46-55,Female,>20L,Weekly,12000.0,Yes,3-5,Desktop,Fashion,15.0,60.0,2000.0,Home & Furniture,Yes
9093,18-25,Male,>20L,Quarterly,10000.0,Yes,5+,Mobile,Electronics,25.0,15.0,500.0,Groceries,Yes
9095,26-35,Male,2-5L,Quarterly,3000.0,Yes,3-5,Both,Electronics,10.0,60.0,2000.0,Fashion,No
9096,46-55,Male,10-20L,Quarterly,5000.0,Yes,<1,Both,Groceries,40.0,30.0,1000.0,Fashion,No
9097,55+,Male,5-10L,Quarterly,5000.0,Yes,<1,Mobile,Electronics,30.0,7.0,5000.0,Home & Furniture,Yes
9098,36-45,Male,5L-10L,Monthly,15000.0,Yes,3-5,Mobile,Home & Furniture,30.0,15.0,2000.0,Fashion,Yes
9099,46-55,Male,5L-10L,Bi-weekly,20000.0,Yes,<1,Desktop,Fashion,25.0,30.0,2000.0,Electronics,Yes
9100,55+,Male,<2L,Weekly,10000.0,No,3-5,Mobile,Electronics,30.0,7.0,1000.0,Fashion,Yes
9101,36-45,Male,10-20L,Quarterly,10000.0,No,3-5,Mobile,Groceries,30.0,7.0,1000.0,Home & Furniture,Yes
9103,36-45,Female,<2,Monthly,12000.0,No,3-5,Desktop,Fashion,30.0,15.0,5000.0,Electronics,Yes
9104,55+,Male,5-10L,Bi-weekly,5000.0,Yes,1-3,Mobile,Fashion,25.0,15.0,1000.0,Books,No
9105,55+,Male,2-5L,Weekly,20000.0,Yes,<1,Mobile,Fashion,40.0,60.0,5000.0,Books,No
9106,55+,Male,<2L,Quarterly,10000.0,Yes,3-5,Both,Groceries,30.0,30.0,2000.0,Fashion,No
9108,36-45,Male,10-20L,Weekly,5000.0,Yes,1-3,Desktop,Electronics,30.0,30.0,1000.0,Electronics,Yes
9110,36-45,Male,5L-10L,Weekly,5000.0,No,1-3,Mobile,Electronics,15.0,30.0,1000.0,Books,Yes
9111,55+,Male,5L-10L,Quarterly,15000.0,Yes,3-5,Mobile,Electronics,50.0,7.0,5000.0,Electronics,No
9113,36-45,Male,5-10L,Weekly,3000.0,Yes,5+,Mobile,Books,20.0,30.0,10000.0,Fashion,Yes
9114,36-45,Male,>20L,Weekly,5000.0,No,1-3,Mobile,Groceries,15.0,30.0,500.0,Electronics,Yes
9115,36-45,Male,5-10L,Quarterly,10000.0,Yes,3-5,Mobile,Fashion,30.0,15.0,500.0,Books,No
9117,18-25,Male,<2L,Weekly,10000.0,Yes,<1,Mobile,Fashion,20.0,30.0,1000.0,Groceries,No
9118,46-55,Female,5L-10L,Weekly,20000.0,No,3-5,Mobile,Electronics,30.0,15.0,500.0,Home & Furniture,No
9119,55+,Male,10-20L,Quarterly,10000.0,Yes,1-3,Mobile,Electronics,60.0,30.0,2000.0,Fashion,No
9120,55+,Male,<2L,Weekly,10000.0,Yes,1-3,Both,Fashion,30.0,7.0,2000.0,Home & Furniture,Yes
9121,46-55,Male,<2,Quarterly,15000.0,No,3-5,Desktop,Groceries,15.0,60.0,500.0,Groceries,No
9122,55+,Female,<2L,Rarely,20000.0,Yes,1-3,Mobile,Books,30.0,60.0,2000.0,Fashion,No
9123,55+,Female,<2L,Monthly,10000.0,No,1-3,Mobile,Books,30.0,60.0,10000.0,Home & Furniture,No
9125,55+,Male,10-20L,Weekly,5000.0,No,5+,Mobile,Books,30.0,7.0,2000.0,Electronics,Yes
9126,55+,Male,5L-10L,Weekly,10000.0,No,3-5,Mobile,Electronics,60.0,7.0,2000.0,Home & Furniture,No
9127,26-35,Male,<2,Weekly,5000.0,Yes,5+,Mobile,Home & Furniture,60.0,30.0,1000.0,Home & Furniture,No
9128,46-55,Female,2-5L,Monthly,10000.0,Yes,3-5,Both,Electronics,40.0,30.0,1000.0,Home & Furniture,No
9130,46-55,Male,5L-10L,Rarely,20000.0,No,<1,Mobile,Books,60.0,15.0,10000.0,Groceries,No
9131,18-25,Male,10-20L,Rarely,5000.0,Yes,3-5,Mobile,Home & Furniture,25.0,30.0,5000.0,Home & Furniture,Yes
9132,55+,Male,10-20L,Monthly,15000.0,No,1-3,Mobile,Fashion,50.0,30.0,1000.0,Fashion,No
9133,36-45,Female,<2,Weekly,10000.0,Yes,<1,Mobile,Groceries,40.0,60.0,5000.0,Electronics,No
9134,46-55,Male,<2,Quarterly,10000.0,Yes,3-5,Mobile,Home & Furniture,30.0,60.0,1000.0,Fashion,Yes
9136,55+,Male,<2,Rarely,3000.0,Yes,<1,Mobile,Fashion,30.0,30.0,5000.0,Fashion,No
9137,36-45,Male,2-5L,Rarely,12000.0,No,3-5,Both,Electronics,30.0,30.0,2000.0,Home & Furniture,Yes
9138,46-55,Male,5-10L,Rarely,10000.0,Yes,3-5,Mobile,Electronics,50.0,30.0,2000.0,Home & Furniture,No
9140,18-25,Male,10-20L,Quarterly,5000.0,Yes,1-3,Mobile,Electronics,15.0,7.0,10000.0,Groceries,Yes
9141,36-45,Male,>20L,Rarely,5000.0,Yes,3-5,Mobile,Electronics,30.0,15.0,1000.0,Electronics,Yes
9142,55+,Male,5-10L,Quarterly,3000.0,Yes,3-5,Mobile,Fashion,30.0,30.0,5000.0,Fashion,No
9143,26-35,Male,<2L,Bi-weekly,10000.0,No,<1,Mobile,Electronics,30.0,30.0,1000.0,Fashion,No
9144,55+,Male,<2,Weekly,10000.0,Yes,5+,Desktop,Fashion,15.0,15.0,1000.0,Home & Furniture,No
9145,18-25,Male,<2,Quarterly,7000.0,No,5+,Mobile,Books,15.0,7.0,2000.0,Electronics,No
9148,36-45,Male,5-10L,Bi-weekly,5000.0,Yes,3-5,Mobile,Home & Furniture,30.0,60.0,1000.0,Fashion,No
9149,36-45,Male,5L-10L,Rarely,3000.0,No,5+,Mobile,Fashion,30.0,30.0,2000.0,Electronics,No
9150,18-25,Male,10-20L,Weekly,20000.0,Yes,<1,Mobile,Electronics,30.0,15.0,2000.0,Home & Furniture,No
9151,55+,Male,<2,Rarely,10000.0,No,3-5,Desktop,Fashion,40.0,30.0,1000.0,Fashion,No
9152,36-45,Female,5-10L,Quarterly,5000.0,Yes,3-5,Mobile,Electronics,60.0,7.0,5000.0,Home & Furniture,No
9153,46-55,Male,<2,Weekly,12000.0,Yes,5+,Mobile,Home & Furniture,30.0,15.0,1000.0,Home & Furniture,No
9154,55+,Female,2-5L,Weekly,20000.0,Yes,<1,Mobile,Fashion,60.0,60.0,500.0,Fashion,No
9155,55+,Male,10-20L,Weekly,10000.0,Yes,3-5,Both,Electronics,20.0,30.0,500.0,Fashion,Yes
9156,55+,Female,5-10L,Quarterly,5000.0,No,1-3,Mobile,Electronics,40.0,30.0,1000.0,Groceries,Yes
9157,55+,Female,5-10L,Bi-weekly,7000.0,No,<1,Both,Groceries,60.0,60.0,5000.0,Electronics,No
9159,26-35,Male,<2,Monthly,5000.0,Yes,1-3,Mobile,Books,15.0,7.0,2000.0,Home & Furniture,No
9160,36-45,Male,<2L,Quarterly,10000.0,No,1-3,Mobile,Groceries,30.0,15.0,1000.0,Groceries,No
9161,36-45,Male,<2,Monthly,15000.0,Yes,3-5,Mobile,Fashion,15.0,7.0,5000.0,Books,No
9162,55+,Male,2-5L,Rarely,5000.0,No,1-3,Desktop,Books,20.0,15.0,500.0,Groceries,No
9163,55+,Male,5L-10L,Rarely,12000.0,No,5+,Both,Home & Furniture,30.0,30.0,2000.0,Fashion,No
9165,36-45,Male,5-10L,Weekly,10000.0,No,3-5,Mobile,Electronics,50.0,15.0,1000.0,Fashion,Yes
9166,36-45,Female,<2,Rarely,5000.0,Yes,5+,Mobile,Electronics,25.0,30.0,5000.0,Books,Yes
9167,46-55,Male,>20L,Monthly,20000.0,No,<1,Both,Fashion,25.0,30.0,500.0,Electronics,Yes
9168,18-25,Male,<2L,Quarterly,5000.0,No,3-5,Mobile,Books,30.0,30.0,5000.0,Home & Furniture,No
9170,26-35,Male,<2,Bi-weekly,5000.0,No,1-3,Mobile,Groceries,40.0,30.0,5000.0,Fashion,No
9171,26-35,Male,5-10L,Monthly,10000.0,No,3-5,Mobile,Electronics,30.0,60.0,2000.0,Home & Furniture,No
9174,26-35,Male,<2,Monthly,5000.0,No,5+,Mobile,Fashion,30.0,60.0,1000.0,Electronics,No
9175,55+,Female,2-5L,Weekly,15000.0,No,3-5,Both,Home & Furniture,40.0,30.0,2000.0,Home & Furniture,No
9177,36-45,Female,2-5L,Weekly,20000.0,No,5+,Mobile,Electronics,10.0,30.0,1000.0,Electronics,Yes
9178,36-45,Male,>20L,Weekly,10000.0,Yes,5+,Mobile,Fashion,25.0,15.0,500.0,Groceries,Yes
9179,55+,Male,5-10L,Quarterly,12000.0,Yes,3-5,Mobile,Electronics,30.0,60.0,5000.0,Electronics,No
9180,18-25,Male,<2L,Quarterly,7000.0,No,1-3,Mobile,Fashion,15.0,15.0,2000.0,Home & Furniture,No
9182,18-25,Male,>20L,Weekly,10000.0,Yes,1-3,Mobile,Electronics,30.0,7.0,1000.0,Home & Furniture,Yes
9183,36-45,Male,<2L,Rarely,5000.0,No,<1,Mobile,Home & Furniture,30.0,60.0,10000.0,Electronics,Yes
9184,55+,Female,2-5L,Quarterly,7000.0,No,5+,Both,Electronics,60.0,60.0,1000.0,Fashion,Yes
9185,55+,Female,<2,Rarely,10000.0,Yes,1-3,Mobile,Electronics,30.0,30.0,1000.0,Electronics,No
9186,55+,Female,<2L,Rarely,3000.0,Yes,<1,Mobile,Groceries,60.0,60.0,500.0,Home & Furniture,No
9187,55+,Female,<2,Rarely,10000.0,No,5+,Mobile,Electronics,10.0,7.0,1000.0,Groceries,No
9188,46-55,Male,>20L,Quarterly,5000.0,Yes,5+,Desktop,Groceries,50.0,30.0,500.0,Fashion,Yes
9189,55+,Female,2-5L,Monthly,15000.0,Yes,3-5,Mobile,Groceries,20.0,7.0,5000.0,Fashion,Yes
9190,46-55,Male,5-10L,Quarterly,3000.0,Yes,1-3,Desktop,Home & Furniture,25.0,7.0,2000.0,Electronics,Yes
9191,36-45,Female,>20L,Weekly,10000.0,Yes,3-5,Mobile,Books,15.0,60.0,1000.0,Fashion,Yes
9192,26-35,Male,5L-10L,Rarely,5000.0,No,5+,Mobile,Books,30.0,15.0,500.0,Books,No
9193,46-55,Male,5-10L,Bi-weekly,5000.0,Yes,5+,Mobile,Home & Furniture,30.0,15.0,2000.0,Home & Furniture,No
9194,26-35,Male,2-5L,Weekly,7000.0,No,1-3,Mobile,Electronics,30.0,15.0,500.0,Fashion,No
9195,36-45,Female,<2L,Quarterly,7000.0,Yes,3-5,Mobile,Books,30.0,30.0,10000.0,Fashion,No
9197,46-55,Female,10-20L,Quarterly,5000.0,No,<1,Mobile,Fashion,30.0,60.0,500.0,Groceries,No
9198,26-35,Male,5-10L,Weekly,15000.0,No,1-3,Desktop,Home & Furniture,20.0,30.0,500.0,Home & Furniture,Yes
9199,55+,Male,5L-10L,Monthly,3000.0,No,5+,Both,Electronics,30.0,60.0,5000.0,Groceries,Yes
9200,36-45,Male,<2,Bi-weekly,10000.0,No,<1,Both,Electronics,40.0,60.0,10000.0,Home & Furniture,No
9201,26-35,Male,<2,Quarterly,10000.0,No,1-3,Both,Electronics,10.0,7.0,2000.0,Home & Furniture,No
9202,55+,Male,2-5L,Weekly,3000.0,No,<1,Desktop,Groceries,40.0,30.0,5000.0,Groceries,No
9203,36-45,Female,2-5L,Quarterly,3000.0,Yes,3-5,Mobile,Books,10.0,7.0,1000.0,Home & Furniture,No
9204,36-45,Male,5-10L,Monthly,5000.0,No,<1,Mobile,Electronics,30.0,60.0,500.0,Groceries,Yes
9205,18-25,Male,<2,Quarterly,7000.0,Yes,3-5,Mobile,Fashion,10.0,15.0,2000.0,Books,Yes
9206,55+,Male,5-10L,Weekly,5000.0,Yes,1-3,Mobile,Electronics,15.0,60.0,1000.0,Groceries,No
9207,46-55,Female,2-5L,Monthly,20000.0,Yes,1-3,Mobile,Electronics,30.0,30.0,1000.0,Home & Furniture,No
9208,36-45,Male,2-5L,Quarterly,5000.0,No,<1,Mobile,Electronics,30.0,60.0,5000.0,Home & Furniture,No
9209,26-35,Female,5L-10L,Weekly,15000.0,No,5+,Mobile,Groceries,30.0,30.0,1000.0,Electronics,Yes
9210,55+,Male,2-5L,Quarterly,20000.0,No,<1,Mobile,Electronics,20.0,60.0,500.0,Home & Furniture,No
9211,55+,Female,>20L,Quarterly,5000.0,No,1-3,Desktop,Fashion,50.0,60.0,2000.0,Home & Furniture,Yes
9212,36-45,Male,<2,Bi-weekly,12000.0,Yes,3-5,Both,Electronics,30.0,60.0,1000.0,Home & Furniture,Yes
9213,18-25,Female,5L-10L,Bi-weekly,20000.0,No,<1,Mobile,Fashion,50.0,7.0,1000.0,Home & Furniture,No
9214,18-25,Female,<2,Weekly,5000.0,Yes,3-5,Desktop,Electronics,30.0,7.0,5000.0,Electronics,No
9215,18-25,Female,>20L,Monthly,10000.0,No,3-5,Mobile,Fashion,15.0,30.0,1000.0,Home & Furniture,Yes
9216,55+,Male,5-10L,Quarterly,12000.0,Yes,1-3,Mobile,Groceries,30.0,30.0,10000.0,Books,No
9218,55+,Male,2-5L,Quarterly,15000.0,Yes,3-5,Mobile,Books,40.0,15.0,2000.0,Home & Furniture,Yes
9219,55+,Male,>20L,Monthly,5000.0,Yes,5+,Mobile,Books,30.0,30.0,5000.0,Home & Furniture,Yes
9221,55+,Male,>20L,Quarterly,10000.0,Yes,3-5,Mobile,Electronics,30.0,30.0,500.0,Home & Furniture,Yes
9222,36-45,Male,>20L,Weekly,5000.0,No,5+,Both,Electronics,50.0,30.0,1000.0,Books,No
9223,36-45,Male,<2,Quarterly,10000.0,No,3-5,Desktop,Electronics,15.0,60.0,5000.0,Groceries,No
9224,55+,Male,5-10L,Quarterly,7000.0,Yes,3-5,Mobile,Fashion,15.0,60.0,5000.0,Home & Furniture,Yes
9225,18-25,Male,10-20L,Weekly,7000.0,No,1-3,Mobile,Home & Furniture,15.0,7.0,5000.0,Groceries,Yes
9226,55+,Male,5L-10L,Weekly,15000.0,No,<1,Mobile,Home & Furniture,50.0,30.0,2000.0,Groceries,No
9227,55+,Male,5-10L,Quarterly,10000.0,No,3-5,Both,Electronics,30.0,7.0,1000.0,Books,Yes
9229,55+,Male,10-20L,Bi-weekly,20000.0,Yes,1-3,Both,Fashion,40.0,15.0,5000.0,Fashion,No
9230,36-45,Male,10-20L,Rarely,5000.0,No,1-3,Desktop,Electronics,25.0,7.0,5000.0,Books,Yes
9231,18-25,Female,2-5L,Bi-weekly,10000.0,No,3-5,Desktop,Electronics,40.0,30.0,2000.0,Fashion,Yes
9232,55+,Male,5-10L,Weekly,10000.0,No,1-3,Desktop,Fashion,30.0,15.0,10000.0,Fashion,No
9233,46-55,Male,10-20L,Weekly,10000.0,Yes,3-5,Desktop,Home & Furniture,25.0,7.0,10000.0,Groceries,No
9234,55+,Female,<2L,Monthly,15000.0,No,3-5,Mobile,Electronics,50.0,30.0,1000.0,Books,Yes
9235,55+,Female,<2,Quarterly,15000.0,No,1-3,Mobile,Fashion,15.0,30.0,2000.0,Home & Furniture,No
9236,26-35,Male,2-5L,Weekly,7000.0,Yes,<1,Mobile,Electronics,15.0,7.0,5000.0,Books,No
9237,36-45,Female,5L-10L,Weekly,15000.0,No,1-3,Desktop,Electronics,20.0,15.0,5000.0,Fashion,No
9238,55+,Female,5-10L,Quarterly,5000.0,Yes,<1,Mobile,Fashion,40.0,15.0,1000.0,Fashion,Yes
9240,55+,Male,<2,Weekly,15000.0,Yes,3-5,Mobile,Fashion,40.0,7.0,1000.0,Groceries,No
9241,26-35,Male,2-5L,Weekly,10000.0,No,3-5,Mobile,Fashion,20.0,7.0,10000.0,Fashion,No
9242,36-45,Female,>20L,Weekly,10000.0,Yes,5+,Mobile,Electronics,40.0,30.0,500.0,Home & Furniture,Yes
9244,26-35,Male,<2L,Weekly,5000.0,Yes,1-3,Desktop,Electronics,60.0,7.0,2000.0,Electronics,Yes
9245,36-45,Male,10-20L,Quarterly,12000.0,No,<1,Mobile,Home & Furniture,30.0,30.0,2000.0,Groceries,Yes
9246,46-55,Female,<2L,Monthly,10000.0,No,3-5,Mobile,Electronics,25.0,60.0,1000.0,Home & Furniture,No
9247,36-45,Male,2-5L,Quarterly,10000.0,Yes,3-5,Mobile,Fashion,10.0,7.0,2000.0,Fashion,No
9248,36-45,Female,2-5L,Weekly,20000.0,No,3-5,Mobile,Electronics,30.0,30.0,2000.0,Fashion,No
9250,55+,Female,5-10L,Weekly,5000.0,No,<1,Mobile,Electronics,40.0,60.0,500.0,Fashion,No
9251,26-35,Female,<2L,Weekly,15000.0,Yes,5+,Mobile,Electronics,20.0,15.0,5000.0,Groceries,No
9252,36-45,Male,2-5L,Rarely,5000.0,Yes,3-5,Mobile,Electronics,30.0,30.0,1000.0,Home & Furniture,No
9253,55+,Female,2-5L,Weekly,12000.0,Yes,<1,Mobile,Fashion,20.0,7.0,2000.0,Fashion,No
9255,55+,Female,>20L,Bi-weekly,15000.0,No,1-3,Mobile,Fashion,10.0,30.0,1000.0,Electronics,No
9256,26-35,Female,5-10L,Quarterly,10000.0,No,3-5,Mobile,Electronics,50.0,30.0,1000.0,Groceries,No
9257,46-55,Female,<2L,Quarterly,15000.0,No,1-3,Both,Books,50.0,15.0,500.0,Electronics,No
9258,55+,Female,2-5L,Weekly,10000.0,No,1-3,Mobile,Electronics,30.0,60.0,1000.0,Home & Furniture,No
9259,36-45,Female,5L-10L,Monthly,3000.0,Yes,5+,Mobile,Books,15.0,7.0,1000.0,Electronics,Yes
9260,36-45,Male,>20L,Quarterly,10000.0,No,3-5,Mobile,Fashion,30.0,30.0,500.0,Fashion,Yes
9261,55+,Male,<2,Quarterly,10000.0,Yes,3-5,Mobile,Fashion,50.0,30.0,2000.0,Groceries,No
9262,18-25,Male,5L-10L,Weekly,15000.0,No,<1,Mobile,Electronics,50.0,7.0,1000.0,Home & Furniture,No
9263,55+,Female,5L-10L,Rarely,10000.0,No,<1,Mobile,Books,30.0,15.0,2000.0,Groceries,No
9264,55+,Male,5L-10L,Quarterly,5000.0,No,5+,Mobile,Fashion,20.0,60.0,10000.0,Home & Furniture,No
9266,55+,Male,2-5L,Weekly,5000.0,No,3-5,Both,Electronics,30.0,60.0,1000.0,Fashion,Yes
9269,55+,Female,<2L,Weekly,10000.0,No,<1,Mobile,Fashion,60.0,30.0,1000.0,Home & Furniture,No
9270,55+,Female,<2L,Weekly,5000.0,No,3-5,Mobile,Books,20.0,7.0,1000.0,Fashion,No
9271,18-25,Male,5-10L,Rarely,5000.0,Yes,1-3,Mobile,Electronics,10.0,7.0,500.0,Fashion,Yes
9272,55+,Female,5-10L,Weekly,10000.0,No,<1,Both,Electronics,20.0,30.0,500.0,Electronics,No
9273,55+,Male,<2L,Quarterly,15000.0,No,3-5,Mobile,Groceries,30.0,7.0,500.0,Fashion,No
9274,46-55,Male,<2L,Monthly,20000.0,Yes,3-5,Desktop,Fashion,10.0,7.0,1000.0,Fashion,Yes
9276,18-25,Female,<2,Weekly,10000.0,No,<1,Both,Fashion,15.0,30.0,1000.0,Home & Furniture,No
9278,18-25,Male,5-10L,Rarely,10000.0,Yes,3-5,Mobile,Books,40.0,30.0,1000.0,Electronics,No
9280,55+,Male,2-5L,Weekly,5000.0,No,<1,Mobile,Home & Furniture,10.0,30.0,2000.0,Home & Furniture,No
9281,55+,Male,<2,Weekly,5000.0,No,3-5,Mobile,Electronics,15.0,15.0,1000.0,Electronics,No
9282,55+,Male,<2L,Weekly,15000.0,Yes,3-5,Both,Books,60.0,30.0,500.0,Home & Furniture,No
9283,36-45,Female,5L-10L,Quarterly,10000.0,No,3-5,Mobile,Fashion,10.0,30.0,500.0,Groceries,Yes
9284,26-35,Male,>20L,Bi-weekly,7000.0,No,1-3,Mobile,Fashion,20.0,7.0,2000.0,Fashion,Yes
9285,36-45,Male,2-5L,Monthly,10000.0,No,3-5,Both,Electronics,20.0,7.0,2000.0,Books,No
9286,18-25,Male,>20L,Monthly,10000.0,No,5+,Mobile,Home & Furniture,30.0,30.0,10000.0,Fashion,No
9287,55+,Male,2-5L,Bi-weekly,5000.0,No,5+,Desktop,Groceries,50.0,30.0,1000.0,Electronics,No
9288,46-55,Female,5-10L,Weekly,15000.0,No,<1,Both,Home & Furniture,40.0,30.0,2000.0,Fashion,No
9289,36-45,Male,>20L,Monthly,5000.0,Yes,1-3,Mobile,Fashion,20.0,7.0,2000.0,Fashion,No
9290,18-25,Male,>20L,Weekly,5000.0,No,3-5,Mobile,Home & Furniture,30.0,30.0,500.0,Groceries,Yes
9291,36-45,Female,5-10L,Quarterly,10000.0,Yes,<1,Mobile,Electronics,50.0,15.0,500.0,Groceries,No
9292,55+,Female,<2,Quarterly,7000.0,Yes,<1,Mobile,Fashion,15.0,7.0,2000.0,Fashion,No
9293,55+,Male,<2L,Quarterly,10000.0,Yes,5+,Mobile,Fashion,20.0,15.0,500.0,Electronics,No
9294,18-25,Male,5-10L,Quarterly,15000.0,Yes,<1,Both,Fashion,20.0,30.0,500.0,Electronics,Yes
9298,55+,Male,<2L,Bi-weekly,3000.0,No,<1,Mobile,Fashion,50.0,60.0,2000.0,Books,No
9301,55+,Male,2-5L,Weekly,10000.0,No,3-5,Mobile,Electronics,40.0,30.0,5000.0,Home & Furniture,No
9303,26-35,Female,>20L,Quarterly,12000.0,Yes,1-3,Mobile,Electronics,30.0,30.0,1000.0,Home & Furniture,No
9304,46-55,Male,2-5L,Weekly,20000.0,No,1-3,Desktop,Electronics,25.0,7.0,1000.0,Fashion,No
9306,36-45,Female,>20L,Weekly,10000.0,Yes,3-5,Mobile,Electronics,30.0,30.0,5000.0,Fashion,No
9308,55+,Male,5-10L,Weekly,15000.0,Yes,5+,Mobile,Fashion,10.0,30.0,1000.0,Home & Furniture,No
9309,55+,Male,<2L,Bi-weekly,15000.0,No,<1,Mobile,Electronics,30.0,60.0,1000.0,Books,No
9310,46-55,Male,<2,Weekly,10000.0,No,<1,Mobile,Books,15.0,7.0,5000.0,Groceries,No
9311,26-35,Female,5L-10L,Bi-weekly,10000.0,No,3-5,Mobile,Electronics,30.0,30.0,5000.0,Fashion,No
9312,46-55,Male,<2L,Quarterly,10000.0,Yes,<1,Mobile,Electronics,40.0,7.0,5000.0,Fashion,Yes
9313,26-35,Male,5L-10L,Rarely,10000.0,No,5+,Mobile,Fashion,10.0,60.0,2000.0,Home & Furniture,No
9315,26-35,Male,<2,Bi-weekly,12000.0,No,3-5,Mobile,Electronics,15.0,30.0,10000.0,Books,No
9316,55+,Male,<2,Rarely,20000.0,No,3-5,Both,Electronics,25.0,30.0,2000.0,Books,No
9317,55+,Male,5L-10L,Quarterly,12000.0,No,<1,Mobile,Electronics,25.0,7.0,500.0,Books,No
9319,55+,Female,5L-10L,Weekly,10000.0,Yes,<1,Both,Books,20.0,15.0,1000.0,Books,Yes
9320,18-25,Female,>20L,Bi-weekly,10000.0,Yes,1-3,Mobile,Fashion,15.0,30.0,5000.0,Fashion,No
9321,55+,Male,10-20L,Quarterly,5000.0,Yes,1-3,Mobile,Electronics,40.0,30.0,2000.0,Books,Yes
9322,26-35,Female,2-5L,Weekly,10000.0,Yes,3-5,Desktop,Fashion,15.0,15.0,1000.0,Electronics,No
9323,55+,Male,5-10L,Weekly,5000.0,No,5+,Mobile,Electronics,40.0,7.0,500.0,Home & Furniture,Yes
9324,55+,Male,5-10L,Weekly,10000.0,No,3-5,Mobile,Groceries,25.0,7.0,1000.0,Fashion,Yes
9325,36-45,Male,<2L,Weekly,5000.0,No,1-3,Mobile,Groceries,60.0,30.0,500.0,Electronics,No
9326,46-55,Male,5-10L,Rarely,5000.0,Yes,5+,Mobile,Electronics,40.0,15.0,10000.0,Electronics,No
9329,18-25,Male,<2L,Quarterly,5000.0,No,1-3,Mobile,Fashion,15.0,7.0,2000.0,Home & Furniture,No
9330,55+,Female,5-10L,Weekly,5000.0,No,1-3,Desktop,Books,20.0,7.0,2000.0,Electronics,No
9331,55+,Male,<2L,Weekly,10000.0,No,3-5,Mobile,Groceries,20.0,30.0,1000.0,Books,Yes
9332,18-25,Female,<2L,Weekly,20000.0,No,<1,Mobile,Groceries,30.0,7.0,1000.0,Electronics,Yes
9333,36-45,Male,<2,Rarely,10000.0,No,<1,Mobile,Books,10.0,30.0,1000.0,Electronics,No
9334,46-55,Male,<2L,Rarely,15000.0,Yes,5+,Desktop,Fashion,30.0,7.0,2000.0,Groceries,Yes
9335,46-55,Female,2-5L,Weekly,5000.0,Yes,<1,Desktop,Electronics,30.0,15.0,1000.0,Groceries,Yes
9336,55+,Female,10-20L,Monthly,10000.0,No,<1,Mobile,Books,50.0,7.0,5000.0,Fashion,Yes
9339,55+,Male,5-10L,Monthly,7000.0,No,1-3,Desktop,Electronics,30.0,7.0,500.0,Electronics,No
9340,36-45,Female,>20L,Weekly,7000.0,Yes,<1,Mobile,Groceries,20.0,7.0,5000.0,Groceries,Yes
9341,18-25,Male,5L-10L,Bi-weekly,20000.0,No,1-3,Mobile,Fashion,10.0,15.0,1000.0,Home & Furniture,No
9342,18-25,Male,5L-10L,Weekly,7000.0,Yes,3-5,Mobile,Fashion,30.0,7.0,5000.0,Fashion,Yes
9343,55+,Male,5L-10L,Weekly,15000.0,No,5+,Mobile,Fashion,30.0,15.0,5000.0,Fashion,Yes
9344,26-35,Male,5-10L,Monthly,10000.0,No,1-3,Mobile,Fashion,15.0,15.0,2000.0,Electronics,Yes
9345,46-55,Male,<2,Monthly,5000.0,Yes,3-5,Both,Electronics,20.0,60.0,2000.0,Home & Furniture,Yes
9346,46-55,Female,5-10L,Weekly,5000.0,Yes,3-5,Mobile,Home & Furniture,15.0,30.0,10000.0,Electronics,Yes
9347,36-45,Male,5-10L,Monthly,10000.0,Yes,<1,Mobile,Books,50.0,60.0,2000.0,Home & Furniture,Yes
9349,55+,Male,5-10L,Weekly,5000.0,No,<1,Mobile,Fashion,30.0,30.0,5000.0,Electronics,No
9350,18-25,Male,5-10L,Monthly,10000.0,Yes,5+,Both,Fashion,30.0,7.0,1000.0,Fashion,No
9351,55+,Male,>20L,Weekly,10000.0,No,<1,Mobile,Electronics,20.0,30.0,500.0,Home & Furniture,Yes
9352,46-55,Male,<2,Monthly,7000.0,No,5+,Desktop,Electronics,40.0,15.0,1000.0,Fashion,Yes
9353,36-45,Female,5-10L,Monthly,20000.0,No,3-5,Mobile,Electronics,30.0,60.0,2000.0,Electronics,No
9355,55+,Male,10-20L,Monthly,20000.0,No,5+,Desktop,Electronics,40.0,15.0,1000.0,Home & Furniture,No
9356,55+,Female,5-10L,Quarterly,10000.0,Yes,3-5,Mobile,Electronics,20.0,60.0,1000.0,Books,Yes
9357,55+,Male,5-10L,Monthly,15000.0,No,1-3,Desktop,Electronics,10.0,15.0,500.0,Fashion,No
9358,46-55,Male,>20L,Weekly,10000.0,Yes,1-3,Both,Electronics,15.0,30.0,2000.0,Home & Furniture,Yes
9359,46-55,Male,5L-10L,Weekly,5000.0,Yes,<1,Mobile,Electronics,30.0,60.0,1000.0,Electronics,No
9360,18-25,Female,<2,Bi-weekly,12000.0,Yes,3-5,Mobile,Books,30.0,60.0,5000.0,Electronics,Yes
9361,26-35,Male,5-10L,Rarely,15000.0,Yes,<1,Mobile,Fashion,50.0,7.0,500.0,Fashion,No
9362,55+,Male,5-10L,Weekly,12000.0,No,<1,Desktop,Electronics,15.0,7.0,2000.0,Groceries,No
9363,46-55,Male,5L-10L,Rarely,15000.0,Yes,1-3,Mobile,Electronics,10.0,30.0,2000.0,Fashion,No
9364,46-55,Male,2-5L,Weekly,3000.0,No,3-5,Mobile,Electronics,30.0,15.0,5000.0,Electronics,Yes
9365,55+,Male,<2L,Weekly,20000.0,No,5+,Both,Groceries,30.0,30.0,1000.0,Home & Furniture,No
9366,26-35,Male,>20L,Weekly,20000.0,Yes,3-5,Desktop,Books,50.0,15.0,500.0,Books,No
9367,55+,Male,5-10L,Weekly,15000.0,Yes,5+,Mobile,Fashion,30.0,60.0,1000.0,Fashion,No
9368,55+,Male,5L-10L,Monthly,10000.0,No,<1,Desktop,Electronics,10.0,30.0,2000.0,Home & Furniture,No
9369,55+,Male,2-5L,Rarely,15000.0,No,1-3,Mobile,Fashion,60.0,30.0,1000.0,Groceries,No
9370,55+,Male,5L-10L,Monthly,10000.0,No,5+,Mobile,Electronics,30.0,60.0,500.0,Books,Yes
9371,55+,Male,<2,Weekly,10000.0,No,5+,Mobile,Electronics,30.0,7.0,1000.0,Electronics,No
9372,18-25,Male,2-5L,Bi-weekly,20000.0,No,5+,Mobile,Electronics,30.0,30.0,1000.0,Home & Furniture,Yes
9373,55+,Female,<2,Weekly,5000.0,Yes,1-3,Desktop,Electronics,20.0,7.0,2000.0,Fashion,No
9375,46-55,Male,2-5L,Weekly,7000.0,No,3-5,Mobile,Books,15.0,30.0,500.0,Home & Furniture,No
9376,26-35,Female,2-5L,Bi-weekly,5000.0,No,<1,Desktop,Electronics,50.0,60.0,1000.0,Fashion,No
9377,55+,Male,5L-10L,Bi-weekly,10000.0,Yes,1-3,Mobile,Fashion,30.0,15.0,500.0,Books,No
9378,26-35,Male,10-20L,Weekly,10000.0,Yes,3-5,Mobile,Fashion,40.0,7.0,5000.0,Books,Yes
9379,36-45,Male,2-5L,Monthly,5000.0,Yes,1-3,Desktop,Electronics,15.0,30.0,500.0,Fashion,No
9380,26-35,Male,>20L,Monthly,12000.0,Yes,1-3,Mobile,Electronics,30.0,15.0,1000.0,Groceries,No
9381,36-45,Male,10-20L,Weekly,7000.0,Yes,1-3,Mobile,Electronics,10.0,30.0,2000.0,Electronics,No
9382,36-45,Male,5-10L,Weekly,10000.0,No,1-3,Mobile,Groceries,30.0,30.0,2000.0,Home & Furniture,Yes
9383,36-45,Male,5-10L,Weekly,5000.0,Yes,5+,Mobile,Electronics,20.0,30.0,5000.0,Home & Furniture,Yes
9384,55+,Male,2-5L,Quarterly,3000.0,Yes,<1,Mobile,Electronics,10.0,60.0,2000.0,Electronics,Yes
9387,55+,Male,5-10L,Weekly,12000.0,Yes,<1,Mobile,Groceries,20.0,7.0,1000.0,Fashion,No
9388,55+,Male,5-10L,Weekly,10000.0,No,1-3,Desktop,Electronics,25.0,30.0,1000.0,Electronics,No
9389,26-35,Female,<2,Weekly,12000.0,No,<1,Mobile,Electronics,30.0,15.0,1000.0,Groceries,Yes
9390,18-25,Male,2-5L,Weekly,12000.0,Yes,1-3,Mobile,Electronics,25.0,30.0,2000.0,Home & Furniture,No
9391,46-55,Female,<2,Quarterly,5000.0,No,5+,Mobile,Home & Furniture,40.0,7.0,5000.0,Electronics,No
9393,46-55,Male,<2,Quarterly,12000.0,No,1-3,Desktop,Electronics,20.0,7.0,500.0,Electronics,Yes
9394,55+,Female,5-10L,Quarterly,10000.0,Yes,5+,Mobile,Home & Furniture,30.0,15.0,500.0,Home & Furniture,Yes
9395,55+,Male,>20L,Weekly,10000.0,Yes,3-5,Desktop,Electronics,30.0,7.0,1000.0,Electronics,No
9397,46-55,Male,2-5L,Quarterly,7000.0,Yes,1-3,Mobile,Electronics,20.0,30.0,5000.0,Home & Furniture,Yes
9399,55+,Male,<2L,Weekly,10000.0,No,<1,Mobile,Electronics,60.0,15.0,5000.0,Electronics,No
9400,46-55,Female,2-5L,Rarely,5000.0,Yes,5+,Both,Fashion,10.0,30.0,10000.0,Home & Furniture,Yes
9401,46-55,Male,>20L,Weekly,7000.0,Yes,<1,Mobile,Home & Furniture,20.0,30.0,2000.0,Books,Yes
9402,46-55,Male,<2,Quarterly,10000.0,No,5+,Mobile,Fashion,50.0,7.0,500.0,Electronics,No
9404,55+,Male,<2,Weekly,5000.0,No,<1,Both,Home & Furniture,25.0,60.0,1000.0,Fashion,Yes
9405,55+,Male,5L-10L,Monthly,5000.0,No,5+,Desktop,Fashion,30.0,7.0,1000.0,Home & Furniture,No
9408,18-25,Female,5L-10L,Quarterly,10000.0,No,1-3,Mobile,Home & Furniture,20.0,30.0,500.0,Home & Furniture,No
9409,55+,Female,2-5L,Quarterly,10000.0,No,<1,Mobile,Fashion,50.0,7.0,5000.0,Home & Furniture,No
9410,46-55,Male,5-10L,Weekly,5000.0,Yes,<1,Mobile,Groceries,10.0,7.0,1000.0,Fashion,No
9411,55+,Male,10-20L,Weekly,10000.0,No,3-5,Desktop,Electronics,40.0,30.0,500.0,Fashion,Yes
9412,36-45,Male,2-5L,Bi-weekly,10000.0,Yes,1-3,Mobile,Fashion,25.0,30.0,1000.0,Electronics,Yes
9413,26-35,Female,2-5L,Weekly,10000.0,Yes,3-5,Mobile,Electronics,30.0,60.0,10000.0,Groceries,Yes
9414,55+,Male,5-10L,Rarely,10000.0,Yes,1-3,Mobile,Home & Furniture,20.0,30.0,1000.0,Groceries,No
9415,55+,Female,10-20L,Weekly,10000.0,Yes,1-3,Both,Books,25.0,15.0,5000.0,Home & Furniture,No
9416,46-55,Male,>20L,Weekly,10000.0,Yes,1-3,Mobile,Groceries,30.0,30.0,5000.0,Electronics,Yes
9417,36-45,Female,<2,Rarely,15000.0,No,1-3,Mobile,Electronics,40.0,30.0,1000.0,Groceries,No
9419,46-55,Male,5-10L,Bi-weekly,20000.0,Yes,3-5,Mobile,Books,25.0,30.0,5000.0,Home & Furniture,No
9420,55+,Male,5-10L,Rarely,20000.0,Yes,1-3,Mobile,Electronics,20.0,30.0,500.0,Groceries,No
9421,55+,Male,5L-10L,Weekly,5000.0,Yes,3-5,Desktop,Electronics,40.0,7.0,1000.0,Electronics,Yes
9422,18-25,Male,5-10L,Rarely,15000.0,No,5+,Mobile,Electronics,10.0,30.0,500.0,Electronics,Yes
9423,46-55,Male,10-20L,Quarterly,7000.0,No,<1,Mobile,Electronics,20.0,30.0,1000.0,Fashion,Yes
9424,26-35,Male,<2L,Weekly,20000.0,Yes,3-5,Desktop,Electronics,30.0,60.0,1000.0,Home & Furniture,Yes
9425,55+,Male,5L-10L,Quarterly,15000.0,No,1-3,Mobile,Electronics,30.0,30.0,2000.0,Books,No
9426,55+,Female,>20L,Rarely,7000.0,No,3-5,Desktop,Electronics,40.0,7.0,2000.0,Books,Yes
9427,55+,Female,>20L,Rarely,5000.0,Yes,1-3,Mobile,Electronics,30.0,7.0,2000.0,Home & Furniture,No
9429,55+,Female,>20L,Weekly,5000.0,No,1-3,Mobile,Fashion,30.0,15.0,1000.0,Books,No
9430,55+,Male,<2L,Weekly,10000.0,No,1-3,Mobile,Electronics,30.0,30.0,5000.0,Electronics,Yes
9431,36-45,Male,5-10L,Rarely,7000.0,No,<1,Mobile,Electronics,30.0,7.0,5000.0,Electronics,No
9433,46-55,Male,5-10L,Weekly,10000.0,Yes,<1,Mobile,Electronics,30.0,15.0,5000.0,Fashion,No
9435,55+,Male,<2L,Quarterly,10000.0,No,1-3,Mobile,Fashion,25.0,30.0,1000.0,Groceries,No
9436,55+,Male,>20L,Monthly,10000.0,Yes,1-3,Mobile,Fashion,30.0,7.0,1000.0,Fashion,No
9437,55+,Female,2-5L,Bi-weekly,15000.0,Yes,3-5,Mobile,Fashion,10.0,30.0,1000.0,Fashion,No
9438,55+,Male,10-20L,Weekly,12000.0,No,<1,Mobile,Electronics,30.0,15.0,1000.0,Home & Furniture,No
9439,46-55,Male,5-10L,Quarterly,10000.0,No,3-5,Mobile,Electronics,10.0,60.0,2000.0,Home & Furniture,Yes
9440,26-35,Male,5-10L,Quarterly,5000.0,Yes,<1,Mobile,Fashion,20.0,7.0,2000.0,Fashion,Yes
9442,55+,Male,5-10L,Monthly,10000.0,Yes,3-5,Mobile,Electronics,50.0,7.0,5000.0,Books,Yes
9443,55+,Male,>20L,Quarterly,5000.0,No,<1,Both,Fashion,25.0,7.0,1000.0,Fashion,No
9444,26-35,Male,5L-10L,Monthly,12000.0,Yes,<1,Both,Fashion,25.0,15.0,1000.0,Electronics,No
9445,55+,Female,>20L,Weekly,5000.0,No,5+,Mobile,Groceries,15.0,7.0,1000.0,Home & Furniture,No
9446,26-35,Male,2-5L,Rarely,5000.0,No,<1,Both,Groceries,50.0,30.0,1000.0,Electronics,No
9448,46-55,Female,5-10L,Quarterly,10000.0,No,<1,Mobile,Fashion,10.0,60.0,1000.0,Books,Yes
9449,26-35,Female,2-5L,Weekly,7000.0,Yes,1-3,Mobile,Books,30.0,30.0,1000.0,Home & Furniture,No
9450,36-45,Male,5-10L,Weekly,12000.0,No,5+,Mobile,Fashion,60.0,15.0,500.0,Home & Furniture,No
9451,55+,Female,5-10L,Quarterly,15000.0,No,5+,Desktop,Electronics,50.0,60.0,10000.0,Home & Furniture,Yes
9452,26-35,Male,5-10L,Quarterly,5000.0,Yes,<1,Mobile,Fashion,60.0,30.0,500.0,Home & Furniture,Yes
9453,55+,Male,5-10L,Weekly,15000.0,No,1-3,Mobile,Groceries,15.0,60.0,1000.0,Home & Furniture,No
9454,46-55,Female,5-10L,Bi-weekly,10000.0,Yes,5+,Mobile,Fashion,60.0,30.0,500.0,Home & Furniture,Yes
9455,46-55,Male,>20L,Bi-weekly,7000.0,No,3-5,Mobile,Electronics,15.0,7.0,1000.0,Books,No
9458,26-35,Female,5-10L,Weekly,10000.0,No,5+,Mobile,Groceries,30.0,30.0,1000.0,Home & Furniture,No
9459,46-55,Female,>20L,Monthly,7000.0,Yes,5+,Mobile,Home & Furniture,30.0,15.0,5000.0,Home & Furniture,Yes
9460,55+,Male,>20L,Quarterly,10000.0,No,3-5,Mobile,Books,20.0,30.0,500.0,Fashion,Yes
9461,55+,Male,2-5L,Bi-weekly,5000.0,Yes,1-3,Desktop,Electronics,10.0,15.0,1000.0,Home & Furniture,No
9462,18-25,Male,5-10L,Monthly,10000.0,Yes,3-5,Mobile,Fashion,20.0,15.0,10000.0,Electronics,Yes
9463,26-35,Female,5-10L,Quarterly,10000.0,No,3-5,Desktop,Electronics,50.0,15.0,1000.0,Fashion,No
9464,18-25,Male,5-10L,Quarterly,15000.0,No,1-3,Mobile,Electronics,20.0,30.0,500.0,Electronics,Yes
9465,55+,Female,2-5L,Weekly,7000.0,Yes,5+,Mobile,Fashion,25.0,30.0,2000.0,Fashion,Yes
9466,26-35,Male,5-10L,Weekly,10000.0,No,<1,Both,Groceries,25.0,60.0,5000.0,Fashion,No
9468,46-55,Female,>20L,Weekly,12000.0,No,3-5,Mobile,Electronics,15.0,30.0,5000.0,Fashion,No
9470,26-35,Male,5-10L,Quarterly,12000.0,No,3-5,Mobile,Groceries,20.0,7.0,500.0,Fashion,Yes
9471,46-55,Male,>20L,Bi-weekly,3000.0,No,1-3,Mobile,Groceries,20.0,7.0,2000.0,Books,No
9472,18-25,Male,2-5L,Monthly,15000.0,No,3-5,Mobile,Groceries,25.0,30.0,2000.0,Home & Furniture,Yes
9473,18-25,Female,10-20L,Quarterly,20000.0,Yes,3-5,Desktop,Fashion,15.0,7.0,500.0,Home & Furniture,Yes
9477,46-55,Male,2-5L,Weekly,10000.0,No,3-5,Mobile,Electronics,25.0,30.0,2000.0,Books,Yes
9478,55+,Male,5-10L,Weekly,15000.0,Yes,<1,Mobile,Home & Furniture,50.0,7.0,1000.0,Home & Furniture,Yes
9479,55+,Male,5L-10L,Weekly,15000.0,No,3-5,Desktop,Books,25.0,30.0,2000.0,Home & Furniture,Yes
9482,36-45,Female,5-10L,Weekly,5000.0,Yes,<1,Desktop,Electronics,30.0,7.0,2000.0,Fashion,No
9483,55+,Male,2-5L,Quarterly,15000.0,No,3-5,Mobile,Home & Furniture,50.0,7.0,500.0,Groceries,No
9484,46-55,Male,2-5L,Rarely,5000.0,No,5+,Mobile,Electronics,10.0,30.0,2000.0,Home & Furniture,No
9485,55+,Male,<2,Weekly,10000.0,No,1-3,Mobile,Fashion,50.0,30.0,2000.0,Electronics,Yes
9486,26-35,Male,2-5L,Weekly,10000.0,No,3-5,Mobile,Fashion,10.0,30.0,5000.0,Groceries,Yes
9487,46-55,Male,<2L,Weekly,5000.0,No,1-3,Both,Fashion,25.0,7.0,500.0,Home & Furniture,No
9488,46-55,Female,10-20L,Weekly,5000.0,No,5+,Desktop,Electronics,25.0,15.0,1000.0,Home & Furniture,No
9489,55+,Female,10-20L,Monthly,15000.0,No,1-3,Mobile,Books,10.0,15.0,500.0,Groceries,No
9491,36-45,Female,<2L,Weekly,10000.0,Yes,3-5,Mobile,Electronics,30.0,30.0,2000.0,Home & Furniture,No
9493,55+,Male,<2,Weekly,5000.0,Yes,3-5,Mobile,Home & Furniture,20.0,30.0,5000.0,Home & Furniture,Yes
9494,46-55,Female,10-20L,Quarterly,7000.0,No,3-5,Both,Electronics,15.0,30.0,1000.0,Electronics,Yes
9495,18-25,Male,<2,Quarterly,5000.0,No,3-5,Mobile,Groceries,40.0,7.0,1000.0,Fashion,No
9496,26-35,Male,<2,Monthly,5000.0,Yes,1-3,Mobile,Books,10.0,7.0,5000.0,Electronics,No
9497,18-25,Male,5-10L,Monthly,5000.0,Yes,3-5,Mobile,Home & Furniture,30.0,30.0,5000.0,Books,Yes
9498,18-25,Female,>20L,Weekly,10000.0,No,1-3,Desktop,Fashion,25.0,30.0,500.0,Electronics,Yes
9499,55+,Male,<2L,Monthly,5000.0,No,5+,Mobile,Electronics,30.0,30.0,10000.0,Fashion,Yes
9500,26-35,Female,<2,Rarely,5000.0,Yes,1-3,Mobile,Fashion,50.0,60.0,5000.0,Home & Furniture,Yes
9501,55+,Male,<2L,Weekly,10000.0,No,1-3,Mobile,Electronics,40.0,15.0,1000.0,Home & Furniture,No
9502,55+,Female,>20L,Monthly,10000.0,No,<1,Mobile,Electronics,20.0,7.0,500.0,Fashion,No
9503,46-55,Female,>20L,Weekly,15000.0,No,1-3,Mobile,Electronics,40.0,30.0,1000.0,Books,No
9504,26-35,Male,10-20L,Rarely,12000.0,Yes,5+,Both,Home & Furniture,30.0,7.0,500.0,Fashion,No
9507,46-55,Female,<2L,Weekly,20000.0,No,1-3,Mobile,Fashion,10.0,15.0,500.0,Groceries,No
9508,26-35,Female,>20L,Rarely,5000.0,No,3-5,Both,Books,60.0,15.0,2000.0,Fashion,No
9509,55+,Male,>20L,Quarterly,5000.0,Yes,3-5,Mobile,Electronics,15.0,30.0,2000.0,Groceries,No
9510,55+,Male,>20L,Weekly,5000.0,Yes,5+,Both,Books,10.0,15.0,1000.0,Fashion,No
9511,46-55,Male,5L-10L,Weekly,20000.0,Yes,<1,Mobile,Electronics,40.0,60.0,500.0,Electronics,No
9512,55+,Male,5-10L,Weekly,5000.0,Yes,<1,Mobile,Groceries,40.0,15.0,2000.0,Electronics,No
9514,55+,Male,<2,Weekly,10000.0,Yes,1-3,Mobile,Electronics,50.0,30.0,2000.0,Fashion,No
9515,26-35,Male,2-5L,Quarterly,10000.0,No,3-5,Mobile,Fashion,40.0,15.0,1000.0,Books,No
9516,55+,Female,5-10L,Weekly,7000.0,Yes,<1,Desktop,Electronics,20.0,60.0,1000.0,Electronics,Yes
9517,55+,Female,5-10L,Quarterly,7000.0,Yes,<1,Desktop,Electronics,30.0,30.0,1000.0,Home & Furniture,Yes
9518,36-45,Female,5-10L,Quarterly,10000.0,Yes,1-3,Desktop,Electronics,40.0,30.0,500.0,Groceries,Yes
9519,26-35,Male,5-10L,Weekly,10000.0,No,3-5,Desktop,Books,30.0,15.0,2000.0,Fashion,Yes
9520,18-25,Male,5-10L,Bi-weekly,12000.0,Yes,<1,Mobile,Books,25.0,60.0,1000.0,Electronics,Yes
9521,55+,Male,10-20L,Rarely,10000.0,Yes,<1,Mobile,Fashion,15.0,30.0,500.0,Home & Furniture,No
9522,46-55,Male,<2L,Quarterly,7000.0,No,1-3,Both,Fashion,10.0,15.0,5000.0,Groceries,No
9523,18-25,Male,5-10L,Monthly,10000.0,Yes,1-3,Desktop,Books,60.0,30.0,1000.0,Electronics,No
9524,46-55,Male,<2L,Quarterly,10000.0,No,3-5,Desktop,Groceries,30.0,7.0,5000.0,Fashion,No
9525,55+,Female,<2L,Monthly,15000.0,Yes,<1,Mobile,Groceries,25.0,15.0,1000.0,Electronics,No
9526,46-55,Male,5L-10L,Weekly,3000.0,Yes,3-5,Mobile,Home & Furniture,25.0,15.0,2000.0,Fashion,Yes
9527,46-55,Female,2-5L,Quarterly,15000.0,Yes,3-5,Mobile,Books,20.0,60.0,1000.0,Electronics,Yes
9528,18-25,Female,<2,Bi-weekly,10000.0,Yes,3-5,Both,Electronics,25.0,30.0,2000.0,Electronics,Yes
9529,55+,Female,5L-10L,Weekly,10000.0,Yes,1-3,Mobile,Books,50.0,60.0,2000.0,Fashion,No
9530,26-35,Male,10-20L,Monthly,7000.0,Yes,1-3,Both,Electronics,40.0,7.0,5000.0,Electronics,No
9531,46-55,Male,>20L,Weekly,10000.0,No,5+,Desktop,Fashion,10.0,30.0,10000.0,Electronics,Yes
9532,46-55,Female,5L-10L,Weekly,5000.0,Yes,<1,Both,Home & Furniture,30.0,7.0,1000.0,Books,Yes
9534,55+,Male,2-5L,Weekly,7000.0,No,1-3,Both,Electronics,30.0,30.0,2000.0,Fashion,Yes
9535,55+,Female,2-5L,Weekly,5000.0,No,1-3,Mobile,Fashion,25.0,60.0,2000.0,Electronics,No
9537,55+,Female,2-5L,Quarterly,15000.0,Yes,5+,Mobile,Fashion,20.0,15.0,1000.0,Home & Furniture,Yes
9538,26-35,Male,5-10L,Weekly,15000.0,No,<1,Both,Fashion,30.0,30.0,5000.0,Home & Furniture,No
9539,55+,Male,5-10L,Rarely,10000.0,Yes,<1,Desktop,Home & Furniture,30.0,30.0,1000.0,Books,Yes
9540,18-25,Female,5-10L,Weekly,5000.0,No,1-3,Desktop,Fashion,20.0,30.0,1000.0,Books,No
9541,55+,Male,5L-10L,Weekly,10000.0,Yes,1-3,Both,Fashion,30.0,15.0,5000.0,Fashion,Yes
9543,36-45,Male,<2L,Weekly,12000.0,Yes,3-5,Desktop,Fashion,30.0,7.0,500.0,Groceries,No
9544,46-55,Male,10-20L,Bi-weekly,12000.0,No,5+,Desktop,Books,30.0,7.0,1000.0,Home & Furniture,Yes
9545,46-55,Male,>20L,Weekly,10000.0,No,3-5,Mobile,Electronics,30.0,7.0,5000.0,Electronics,No
9546,26-35,Female,>20L,Weekly,10000.0,No,1-3,Mobile,Books,30.0,30.0,2000.0,Fashion,No
9547,55+,Male,>20L,Quarterly,10000.0,Yes,<1,Mobile,Home & Furniture,30.0,60.0,500.0,Electronics,No
9548,55+,Male,2-5L,Rarely,5000.0,No,5+,Mobile,Home & Furniture,30.0,7.0,500.0,Books,No
9549,46-55,Male,<2L,Weekly,15000.0,Yes,<1,Desktop,Home & Furniture,60.0,60.0,500.0,Electronics,Yes
9550,18-25,Female,>20L,Quarterly,5000.0,No,3-5,Both,Groceries,30.0,7.0,1000.0,Fashion,No
9551,55+,Male,10-20L,Rarely,3000.0,Yes,<1,Mobile,Home & Furniture,30.0,15.0,500.0,Home & Furniture,No
9552,18-25,Female,5-10L,Quarterly,15000.0,No,<1,Desktop,Electronics,30.0,30.0,2000.0,Electronics,Yes
9555,18-25,Male,2-5L,Monthly,10000.0,Yes,3-5,Mobile,Groceries,25.0,7.0,1000.0,Books,No
9557,36-45,Female,<2L,Quarterly,5000.0,Yes,3-5,Mobile,Electronics,50.0,60.0,500.0,Electronics,Yes
9558,55+,Female,2-5L,Weekly,5000.0,No,<1,Desktop,Home & Furniture,40.0,30.0,1000.0,Books,No
9559,46-55,Male,<2L,Weekly,10000.0,No,3-5,Both,Books,50.0,30.0,1000.0,Electronics,No
9560,55+,Male,>20L,Weekly,5000.0,Yes,5+,Mobile,Electronics,30.0,30.0,500.0,Fashion,No
9561,55+,Female,5-10L,Monthly,15000.0,No,3-5,Mobile,Electronics,15.0,60.0,500.0,Home & Furniture,Yes
9562,18-25,Male,2-5L,Quarterly,10000.0,No,<1,Desktop,Books,30.0,15.0,500.0,Home & Furniture,Yes
9563,55+,Male,2-5L,Weekly,3000.0,No,1-3,Mobile,Electronics,20.0,30.0,2000.0,Fashion,No
9564,55+,Male,<2L,Weekly,5000.0,No,5+,Mobile,Groceries,25.0,60.0,500.0,Fashion,No
9565,46-55,Male,5L-10L,Weekly,12000.0,Yes,1-3,Mobile,Electronics,60.0,7.0,5000.0,Electronics,No
9566,46-55,Male,2-5L,Weekly,20000.0,Yes,3-5,Desktop,Fashion,10.0,30.0,5000.0,Home & Furniture,No
9567,26-35,Male,<2L,Weekly,5000.0,Yes,1-3,Mobile,Home & Furniture,40.0,60.0,1000.0,Books,Yes
9569,18-25,Male,2-5L,Quarterly,3000.0,No,1-3,Desktop,Electronics,40.0,7.0,1000.0,Home & Furniture,No
9571,18-25,Male,2-5L,Monthly,3000.0,No,3-5,Mobile,Fashion,15.0,60.0,1000.0,Fashion,Yes
9572,46-55,Male,2-5L,Rarely,5000.0,No,<1,Both,Home & Furniture,40.0,30.0,1000.0,Home & Furniture,No
9573,36-45,Male,>20L,Quarterly,15000.0,No,3-5,Mobile,Home & Furniture,30.0,30.0,5000.0,Groceries,Yes
9574,55+,Female,2-5L,Quarterly,10000.0,No,3-5,Both,Electronics,60.0,60.0,1000.0,Groceries,Yes
9575,18-25,Female,>20L,Quarterly,15000.0,No,<1,Both,Fashion,25.0,15.0,500.0,Electronics,No
9577,18-25,Male,2-5L,Weekly,12000.0,Yes,<1,Mobile,Fashion,40.0,7.0,10000.0,Fashion,No
9578,55+,Male,10-20L,Monthly,5000.0,Yes,3-5,Mobile,Books,15.0,15.0,1000.0,Fashion,Yes
9579,18-25,Male,2-5L,Weekly,5000.0,No,1-3,Mobile,Electronics,10.0,30.0,1000.0,Groceries,No
9580,18-25,Male,>20L,Weekly,5000.0,Yes,5+,Mobile,Electronics,50.0,7.0,1000.0,Books,No
9581,55+,Male,<2L,Bi-weekly,3000.0,No,3-5,Mobile,Fashion,30.0,7.0,1000.0,Books,No
9582,18-25,Male,>20L,Rarely,5000.0,No,1-3,Both,Home & Furniture,60.0,7.0,2000.0,Fashion,No
9583,55+,Male,10-20L,Quarterly,3000.0,Yes,1-3,Desktop,Electronics,15.0,30.0,2000.0,Home & Furniture,No
9584,55+,Male,2-5L,Bi-weekly,10000.0,No,1-3,Desktop,Home & Furniture,20.0,15.0,2000.0,Books,No
9585,55+,Male,2-5L,Weekly,7000.0,No,<1,Desktop,Fashion,10.0,30.0,5000.0,Fashion,No
9586,55+,Male,<2L,Rarely,10000.0,No,1-3,Mobile,Home & Furniture,60.0,15.0,1000.0,Electronics,Yes
9587,36-45,Male,<2L,Weekly,7000.0,Yes,<1,Mobile,Electronics,50.0,7.0,2000.0,Electronics,No
9589,55+,Female,<2,Weekly,5000.0,Yes,3-5,Desktop,Home & Furniture,60.0,7.0,5000.0,Electronics,No
9590,18-25,Male,5-10L,Rarely,10000.0,No,<1,Desktop,Electronics,20.0,30.0,1000.0,Fashion,No
9591,55+,Male,<2,Weekly,15000.0,No,1-3,Both,Fashion,30.0,7.0,1000.0,Electronics,No
9593,55+,Female,<2L,Quarterly,20000.0,No,3-5,Mobile,Electronics,20.0,15.0,2000.0,Groceries,Yes
9594,46-55,Male,2-5L,Monthly,5000.0,Yes,3-5,Mobile,Fashion,30.0,60.0,2000.0,Home & Furniture,No
9595,36-45,Female,5L-10L,Quarterly,15000.0,No,<1,Mobile,Electronics,30.0,7.0,2000.0,Books,Yes
9596,55+,Female,<2,Weekly,10000.0,No,<1,Mobile,Home & Furniture,20.0,7.0,2000.0,Books,Yes
9597,26-35,Male,2-5L,Bi-weekly,20000.0,No,5+,Mobile,Home & Furniture,30.0,30.0,500.0,Books,Yes
9598,36-45,Male,2-5L,Weekly,5000.0,Yes,3-5,Mobile,Electronics,30.0,60.0,1000.0,Books,No
9599,55+,Male,<2,Quarterly,12000.0,Yes,1-3,Mobile,Electronics,25.0,30.0,1000.0,Groceries,No
9600,46-55,Male,10-20L,Weekly,10000.0,No,1-3,Mobile,Electronics,25.0,30.0,1000.0,Electronics,No
9601,46-55,Female,5-10L,Quarterly,7000.0,No,<1,Mobile,Books,60.0,15.0,500.0,Fashion,No
9602,26-35,Male,5L-10L,Weekly,7000.0,No,3-5,Mobile,Groceries,50.0,30.0,1000.0,Electronics,Yes
9603,55+,Male,2-5L,Weekly,7000.0,No,3-5,Both,Fashion,15.0,15.0,500.0,Home & Furniture,No
9605,26-35,Female,<2,Quarterly,20000.0,Yes,<1,Desktop,Fashion,20.0,15.0,1000.0,Home & Furniture,No
9606,55+,Male,5-10L,Rarely,10000.0,Yes,<1,Mobile,Books,40.0,30.0,5000.0,Fashion,Yes
9607,46-55,Male,5-10L,Weekly,5000.0,No,<1,Mobile,Electronics,25.0,7.0,1000.0,Fashion,Yes
9608,46-55,Male,<2,Weekly,7000.0,Yes,3-5,Mobile,Electronics,25.0,15.0,5000.0,Home & Furniture,Yes
9609,55+,Male,2-5L,Rarely,5000.0,No,5+,Both,Home & Furniture,10.0,7.0,2000.0,Home & Furniture,No
9610,36-45,Male,5-10L,Weekly,10000.0,No,3-5,Mobile,Books,25.0,30.0,2000.0,Groceries,Yes
9611,55+,Male,5-10L,Bi-weekly,3000.0,No,5+,Mobile,Home & Furniture,20.0,60.0,500.0,Electronics,No
9612,55+,Male,2-5L,Monthly,10000.0,No,3-5,Desktop,Electronics,25.0,7.0,1000.0,Electronics,No
9613,46-55,Male,2-5L,Bi-weekly,7000.0,Yes,<1,Both,Books,10.0,60.0,1000.0,Fashion,No
9614,55+,Male,2-5L,Monthly,5000.0,Yes,3-5,Mobile,Home & Furniture,30.0,7.0,1000.0,Fashion,Yes
9617,18-25,Male,<2,Monthly,15000.0,No,1-3,Mobile,Electronics,15.0,30.0,1000.0,Home & Furniture,No
9618,18-25,Male,5-10L,Weekly,10000.0,Yes,3-5,Mobile,Fashion,25.0,30.0,1000.0,Home & Furniture,No
9619,46-55,Male,5-10L,Weekly,10000.0,No,<1,Mobile,Books,20.0,60.0,1000.0,Fashion,No
9621,26-35,Male,<2L,Weekly,12000.0,No,5+,Mobile,Books,40.0,15.0,1000.0,Books,Yes
9622,55+,Male,5L-10L,Weekly,5000.0,No,5+,Mobile,Electronics,60.0,15.0,1000.0,Home & Furniture,No
9623,55+,Male,2-5L,Bi-weekly,7000.0,No,3-5,Desktop,Electronics,30.0,15.0,1000.0,Fashion,Yes
9624,55+,Male,<2L,Quarterly,10000.0,Yes,1-3,Mobile,Books,25.0,15.0,1000.0,Electronics,Yes
9625,55+,Female,>20L,Quarterly,5000.0,No,3-5,Mobile,Groceries,30.0,30.0,1000.0,Fashion,No
9626,55+,Male,5-10L,Quarterly,12000.0,Yes,1-3,Mobile,Electronics,50.0,15.0,2000.0,Fashion,Yes
9627,26-35,Male,5L-10L,Rarely,15000.0,Yes,<1,Mobile,Electronics,50.0,15.0,500.0,Home & Furniture,Yes
9628,36-45,Female,2-5L,Weekly,10000.0,No,1-3,Mobile,Electronics,30.0,30.0,5000.0,Home & Furniture,No
9629,55+,Male,>20L,Quarterly,5000.0,No,3-5,Mobile,Books,60.0,30.0,1000.0,Home & Furniture,No
9630,46-55,Female,5-10L,Weekly,5000.0,No,1-3,Mobile,Books,50.0,7.0,1000.0,Home & Furniture,Yes
9631,55+,Male,<2L,Bi-weekly,10000.0,Yes,<1,Mobile,Home & Furniture,30.0,30.0,2000.0,Books,Yes
9632,55+,Male,<2,Weekly,5000.0,Yes,1-3,Mobile,Groceries,30.0,15.0,1000.0,Electronics,Yes
9633,26-35,Female,>20L,Quarterly,12000.0,No,3-5,Mobile,Fashion,30.0,30.0,1000.0,Home & Furniture,No
9634,36-45,Male,10-20L,Quarterly,12000.0,No,5+,Desktop,Groceries,30.0,15.0,500.0,Books,Yes
9635,46-55,Female,5-10L,Weekly,10000.0,No,1-3,Mobile,Electronics,30.0,30.0,1000.0,Books,Yes
9636,18-25,Male,5L-10L,Rarely,10000.0,No,<1,Desktop,Groceries,30.0,60.0,1000.0,Fashion,Yes
9637,46-55,Male,<2,Rarely,5000.0,No,<1,Mobile,Groceries,50.0,15.0,5000.0,Electronics,No
9638,55+,Male,10-20L,Quarterly,5000.0,Yes,<1,Mobile,Electronics,25.0,30.0,500.0,Fashion,Yes
9639,46-55,Male,<2,Quarterly,20000.0,Yes,1-3,Mobile,Home & Furniture,30.0,15.0,500.0,Home & Furniture,Yes
9640,55+,Male,>20L,Weekly,10000.0,Yes,3-5,Mobile,Electronics,30.0,30.0,1000.0,Fashion,No
9641,55+,Female,5-10L,Weekly,10000.0,No,1-3,Mobile,Electronics,40.0,7.0,1000.0,Electronics,Yes
9642,18-25,Male,5L-10L,Weekly,5000.0,Yes,1-3,Mobile,Books,30.0,7.0,1000.0,Fashion,Yes
9643,55+,Female,5L-10L,Rarely,10000.0,No,3-5,Mobile,Home & Furniture,40.0,30.0,5000.0,Fashion,No
9644,18-25,Male,<2L,Bi-weekly,7000.0,No,3-5,Both,Fashion,25.0,30.0,1000.0,Electronics,No
9645,55+,Male,<2,Weekly,20000.0,Yes,5+,Mobile,Home & Furniture,30.0,15.0,1000.0,Fashion,No
9646,36-45,Male,>20L,Quarterly,10000.0,No,1-3,Mobile,Fashion,60.0,30.0,1000.0,Home & Furniture,Yes
9647,36-45,Male,2-5L,Bi-weekly,5000.0,No,1-3,Mobile,Books,25.0,30.0,1000.0,Electronics,No
9648,55+,Male,5-10L,Weekly,20000.0,Yes,1-3,Mobile,Electronics,15.0,15.0,2000.0,Groceries,No
9649,26-35,Female,<2L,Rarely,5000.0,No,3-5,Desktop,Electronics,30.0,60.0,10000.0,Books,No
9651,55+,Male,<2L,Weekly,15000.0,Yes,<1,Mobile,Home & Furniture,30.0,30.0,1000.0,Fashion,Yes
9652,55+,Male,5-10L,Bi-weekly,10000.0,Yes,3-5,Mobile,Home & Furniture,30.0,30.0,1000.0,Electronics,Yes
9653,26-35,Male,2-5L,Bi-weekly,15000.0,No,1-3,Desktop,Fashion,25.0,15.0,5000.0,Fashion,No
9654,55+,Male,2-5L,Bi-weekly,15000.0,No,5+,Mobile,Books,50.0,7.0,2000.0,Electronics,No
9655,55+,Male,5-10L,Monthly,3000.0,No,1-3,Mobile,Fashion,40.0,15.0,2000.0,Groceries,No
9656,55+,Male,5-10L,Weekly,10000.0,No,1-3,Mobile,Electronics,25.0,30.0,10000.0,Electronics,No
9658,18-25,Male,<2,Quarterly,5000.0,Yes,3-5,Mobile,Fashion,20.0,60.0,2000.0,Fashion,No
9659,55+,Female,5L-10L,Weekly,15000.0,Yes,5+,Mobile,Books,25.0,15.0,2000.0,Electronics,Yes
9660,36-45,Female,5-10L,Weekly,12000.0,Yes,1-3,Desktop,Fashion,20.0,7.0,5000.0,Electronics,No
9661,36-45,Female,5L-10L,Weekly,5000.0,No,5+,Mobile,Fashion,30.0,60.0,500.0,Electronics,No
9662,55+,Male,<2L,Weekly,5000.0,Yes,5+,Mobile,Electronics,15.0,30.0,1000.0,Groceries,Yes
9663,26-35,Male,2-5L,Weekly,5000.0,Yes,<1,Mobile,Electronics,30.0,30.0,500.0,Home & Furniture,No
9664,55+,Male,<2,Monthly,5000.0,No,1-3,Mobile,Electronics,30.0,7.0,500.0,Books,No
9665,55+,Female,10-20L,Bi-weekly,10000.0,No,1-3,Mobile,Books,10.0,30.0,500.0,Home & Furniture,No
9666,55+,Male,2-5L,Weekly,10000.0,Yes,<1,Both,Groceries,25.0,30.0,10000.0,Home & Furniture,No
9667,55+,Male,<2L,Quarterly,5000.0,Yes,<1,Mobile,Fashion,50.0,15.0,1000.0,Electronics,Yes
9668,55+,Male,2-5L,Monthly,10000.0,No,5+,Mobile,Home & Furniture,20.0,15.0,1000.0,Fashion,No
9670,55+,Male,5-10L,Rarely,15000.0,No,<1,Both,Fashion,10.0,15.0,5000.0,Electronics,No
9672,55+,Female,<2,Rarely,5000.0,Yes,5+,Mobile,Electronics,30.0,60.0,2000.0,Home & Furniture,No
9673,55+,Female,5-10L,Rarely,5000.0,No,5+,Desktop,Fashion,40.0,30.0,1000.0,Electronics,No
9675,36-45,Male,5L-10L,Weekly,5000.0,Yes,<1,Both,Groceries,20.0,15.0,1000.0,Fashion,No
9676,18-25,Female,5L-10L,Weekly,15000.0,No,3-5,Both,Fashion,50.0,15.0,1000.0,Home & Furniture,No
9677,46-55,Male,2-5L,Weekly,3000.0,No,<1,Both,Fashion,50.0,7.0,2000.0,Electronics,No
9678,55+,Female,5-10L,Weekly,7000.0,No,3-5,Mobile,Fashion,40.0,30.0,1000.0,Home & Furniture,Yes
9679,36-45,Female,>20L,Weekly,10000.0,Yes,<1,Both,Electronics,25.0,30.0,1000.0,Fashion,No
9680,36-45,Male,5-10L,Bi-weekly,7000.0,No,3-5,Mobile,Electronics,20.0,15.0,2000.0,Home & Furniture,No
9681,46-55,Male,2-5L,Weekly,12000.0,Yes,<1,Mobile,Fashion,15.0,60.0,2000.0,Home & Furniture,No
9682,18-25,Male,<2L,Rarely,20000.0,Yes,3-5,Desktop,Home & Furniture,30.0,60.0,500.0,Home & Furniture,No
9683,55+,Male,<2L,Quarterly,10000.0,No,5+,Both,Electronics,30.0,7.0,10000.0,Fashion,No
9684,26-35,Female,5-10L,Weekly,7000.0,No,3-5,Mobile,Electronics,30.0,60.0,1000.0,Books,No
9685,18-25,Male,2-5L,Weekly,10000.0,No,<1,Desktop,Electronics,50.0,30.0,500.0,Groceries,No
9686,18-25,Male,5L-10L,Quarterly,12000.0,No,3-5,Mobile,Books,30.0,30.0,10000.0,Electronics,Yes
9688,55+,Female,<2L,Weekly,7000.0,No,<1,Mobile,Electronics,20.0,30.0,2000.0,Groceries,Yes
9689,18-25,Male,<2L,Monthly,10000.0,No,3-5,Mobile,Groceries,25.0,7.0,2000.0,Fashion,Yes
9690,18-25,Male,<2L,Rarely,10000.0,Yes,1-3,Mobile,Groceries,25.0,30.0,10000.0,Electronics,Yes
9691,36-45,Male,5-10L,Weekly,12000.0,No,<1,Desktop,Electronics,30.0,7.0,2000.0,Books,No
9692,26-35,Male,5L-10L,Weekly,15000.0,No,3-5,Mobile,Electronics,30.0,7.0,2000.0,Electronics,No
9694,18-25,Male,<2L,Weekly,10000.0,Yes,1-3,Both,Electronics,10.0,30.0,500.0,Groceries,Yes
9695,46-55,Male,2-5L,Weekly,12000.0,No,1-3,Desktop,Home & Furniture,30.0,30.0,500.0,Electronics,No
9696,36-45,Male,<2,Quarterly,5000.0,No,5+,Mobile,Home & Furniture,25.0,30.0,5000.0,Books,No
9697,36-45,Female,<2,Weekly,3000.0,No,1-3,Mobile,Electronics,40.0,15.0,1000.0,Groceries,No
9698,36-45,Female,<2,Rarely,10000.0,Yes,<1,Mobile,Books,30.0,30.0,1000.0,Fashion,Yes
9700,26-35,Male,<2L,Rarely,15000.0,Yes,1-3,Both,Fashion,60.0,30.0,1000.0,Fashion,Yes
9701,18-25,Male,<2L,Weekly,12000.0,No,3-5,Mobile,Fashion,40.0,60.0,10000.0,Home & Furniture,Yes
9702,55+,Male,<2,Monthly,7000.0,No,3-5,Mobile,Groceries,25.0,15.0,500.0,Books,No
9703,55+,Male,>20L,Weekly,3000.0,Yes,3-5,Both,Electronics,30.0,30.0,2000.0,Groceries,No
9704,26-35,Female,>20L,Weekly,5000.0,Yes,<1,Mobile,Groceries,30.0,7.0,1000.0,Home & Furniture,Yes
9705,55+,Male,<2,Quarterly,5000.0,Yes,3-5,Mobile,Home & Furniture,40.0,60.0,1000.0,Groceries,Yes
9706,18-25,Male,5-10L,Monthly,10000.0,No,1-3,Mobile,Fashion,25.0,7.0,2000.0,Home & Furniture,Yes
9707,55+,Male,5-10L,Rarely,15000.0,No,<1,Mobile,Groceries,30.0,60.0,5000.0,Electronics,No
9708,55+,Female,5-10L,Rarely,5000.0,No,<1,Desktop,Electronics,40.0,7.0,2000.0,Groceries,Yes
9709,55+,Male,<2,Weekly,12000.0,Yes,<1,Mobile,Groceries,25.0,15.0,5000.0,Home & Furniture,No
9710,46-55,Male,2-5L,Rarely,10000.0,No,<1,Mobile,Fashion,40.0,30.0,10000.0,Groceries,No
9711,55+,Male,5L-10L,Weekly,5000.0,No,5+,Both,Electronics,40.0,7.0,5000.0,Home & Furniture,No
9712,36-45,Male,5-10L,Rarely,3000.0,No,<1,Mobile,Electronics,30.0,60.0,1000.0,Groceries,No
9713,55+,Female,>20L,Quarterly,3000.0,Yes,5+,Mobile,Electronics,25.0,30.0,500.0,Electronics,Yes
9714,55+,Male,5-10L,Weekly,10000.0,No,5+,Mobile,Electronics,40.0,15.0,2000.0,Home & Furniture,No
9715,18-25,Female,5L-10L,Rarely,15000.0,No,<1,Both,Electronics,40.0,30.0,2000.0,Home & Furniture,No
9716,36-45,Male,5-10L,Quarterly,10000.0,No,3-5,Desktop,Electronics,50.0,60.0,500.0,Fashion,No
9717,26-35,Male,>20L,Monthly,12000.0,Yes,5+,Mobile,Fashion,25.0,30.0,2000.0,Groceries,No
9719,55+,Male,<2,Weekly,5000.0,Yes,3-5,Mobile,Electronics,10.0,7.0,2000.0,Groceries,Yes
9720,18-25,Male,2-5L,Weekly,3000.0,Yes,5+,Mobile,Electronics,30.0,60.0,1000.0,Books,Yes
9722,55+,Male,5-10L,Quarterly,7000.0,Yes,3-5,Mobile,Home & Furniture,30.0,15.0,1000.0,Home & Furniture,No
9723,36-45,Male,2-5L,Monthly,15000.0,No,<1,Both,Books,40.0,30.0,1000.0,Electronics,No
9724,36-45,Male,5-10L,Weekly,5000.0,Yes,1-3,Mobile,Electronics,30.0,30.0,500.0,Groceries,No
9726,55+,Male,5-10L,Quarterly,10000.0,No,1-3,Mobile,Groceries,30.0,60.0,5000.0,Home & Furniture,No
9727,55+,Male,5-10L,Bi-weekly,10000.0,No,<1,Mobile,Electronics,30.0,30.0,5000.0,Books,No
9730,55+,Female,2-5L,Quarterly,5000.0,Yes,5+,Mobile,Home & Furniture,20.0,30.0,1000.0,Home & Furniture,No
9731,26-35,Male,2-5L,Quarterly,10000.0,Yes,5+,Desktop,Groceries,30.0,30.0,1000.0,Fashion,No
9732,36-45,Female,5L-10L,Weekly,10000.0,Yes,<1,Both,Home & Furniture,10.0,30.0,1000.0,Home & Furniture,No
9734,26-35,Male,<2L,Weekly,7000.0,No,5+,Mobile,Electronics,25.0,30.0,2000.0,Fashion,No
9735,18-25,Male,<2,Monthly,10000.0,No,3-5,Mobile,Electronics,20.0,15.0,500.0,Home & Furniture,Yes
9737,18-25,Female,10-20L,Weekly,5000.0,No,3-5,Desktop,Electronics,40.0,60.0,10000.0,Home & Furniture,No
9738,26-35,Male,>20L,Weekly,15000.0,No,<1,Both,Fashion,40.0,60.0,5000.0,Fashion,Yes
9739,46-55,Male,5L-10L,Bi-weekly,3000.0,Yes,3-5,Mobile,Electronics,60.0,30.0,5000.0,Fashion,Yes
9740,46-55,Male,<2,Rarely,5000.0,No,3-5,Mobile,Electronics,20.0,15.0,10000.0,Books,Yes
9741,46-55,Male,2-5L,Quarterly,3000.0,Yes,<1,Desktop,Electronics,20.0,30.0,1000.0,Electronics,No
9742,36-45,Female,<2L,Rarely,10000.0,No,5+,Desktop,Books,40.0,15.0,1000.0,Home & Furniture,No
9743,46-55,Male,10-20L,Weekly,10000.0,No,1-3,Mobile,Groceries,20.0,30.0,1000.0,Home & Furniture,No
9744,46-55,Male,5-10L,Quarterly,3000.0,No,<1,Mobile,Electronics,60.0,7.0,2000.0,Fashion,Yes
9745,55+,Male,>20L,Bi-weekly,3000.0,Yes,3-5,Mobile,Books,20.0,15.0,5000.0,Electronics,Yes
9746,55+,Female,<2L,Quarterly,5000.0,No,1-3,Mobile,Home & Furniture,30.0,60.0,1000.0,Groceries,No
9748,55+,Male,2-5L,Rarely,7000.0,No,3-5,Mobile,Home & Furniture,10.0,30.0,5000.0,Home & Furniture,Yes
9749,55+,Female,<2,Rarely,5000.0,No,3-5,Desktop,Electronics,30.0,30.0,2000.0,Fashion,No
9750,18-25,Female,10-20L,Quarterly,5000.0,No,1-3,Mobile,Electronics,40.0,15.0,500.0,Electronics,Yes
9751,55+,Male,>20L,Rarely,15000.0,No,5+,Mobile,Fashion,25.0,7.0,5000.0,Home & Furniture,Yes
9752,55+,Male,10-20L,Weekly,7000.0,No,<1,Mobile,Home & Furniture,30.0,7.0,1000.0,Fashion,No
9753,36-45,Male,5-10L,Monthly,3000.0,Yes,3-5,Both,Books,40.0,30.0,2000.0,Groceries,No
9754,18-25,Male,2-5L,Quarterly,10000.0,No,3-5,Mobile,Electronics,30.0,7.0,5000.0,Fashion,No
9755,46-55,Male,5-10L,Quarterly,5000.0,No,3-5,Both,Home & Furniture,30.0,7.0,1000.0,Home & Furniture,No
9756,36-45,Male,>20L,Bi-weekly,3000.0,No,<1,Mobile,Groceries,25.0,60.0,5000.0,Home & Furniture,No
9758,46-55,Male,5-10L,Weekly,5000.0,No,3-5,Mobile,Fashion,10.0,60.0,500.0,Fashion,No
9759,18-25,Male,>20L,Quarterly,5000.0,Yes,3-5,Mobile,Fashion,30.0,30.0,500.0,Home & Furniture,Yes
9760,26-35,Female,<2,Quarterly,5000.0,Yes,3-5,Mobile,Groceries,30.0,30.0,500.0,Electronics,No
9761,55+,Male,<2L,Bi-weekly,10000.0,Yes,3-5,Both,Groceries,20.0,15.0,2000.0,Home & Furniture,No
9762,18-25,Female,<2L,Rarely,5000.0,No,<1,Mobile,Electronics,20.0,30.0,500.0,Fashion,No
9763,55+,Male,<2L,Monthly,10000.0,Yes,3-5,Mobile,Electronics,30.0,30.0,1000.0,Books,No
9764,26-35,Female,10-20L,Rarely,15000.0,No,3-5,Mobile,Electronics,10.0,7.0,1000.0,Fashion,No
9768,46-55,Male,5L-10L,Weekly,10000.0,No,1-3,Mobile,Electronics,20.0,60.0,1000.0,Fashion,Yes
9770,18-25,Female,>20L,Quarterly,5000.0,Yes,<1,Both,Home & Furniture,25.0,30.0,1000.0,Home & Furniture,No
9771,36-45,Male,2-5L,Weekly,15000.0,Yes,<1,Desktop,Fashion,20.0,15.0,1000.0,Fashion,Yes
9772,55+,Male,5-10L,Weekly,12000.0,Yes,3-5,Mobile,Books,15.0,30.0,1000.0,Fashion,Yes
9773,55+,Female,<2L,Rarely,10000.0,No,1-3,Both,Electronics,20.0,7.0,500.0,Books,No
9776,18-25,Male,5L-10L,Weekly,10000.0,No,<1,Mobile,Electronics,20.0,60.0,1000.0,Groceries,Yes
9778,55+,Male,10-20L,Weekly,10000.0,Yes,3-5,Both,Home & Furniture,50.0,30.0,2000.0,Fashion,No
9780,55+,Male,5L-10L,Weekly,7000.0,Yes,3-5,Mobile,Books,40.0,15.0,2000.0,Fashion,No
9781,26-35,Female,5-10L,Weekly,10000.0,No,1-3,Mobile,Electronics,30.0,30.0,500.0,Electronics,Yes
9782,46-55,Male,10-20L,Weekly,10000.0,Yes,1-3,Mobile,Fashion,30.0,30.0,1000.0,Electronics,Yes
9783,46-55,Female,5-10L,Quarterly,10000.0,No,3-5,Mobile,Electronics,15.0,30.0,500.0,Home & Furniture,No
9784,26-35,Male,5L-10L,Weekly,10000.0,Yes,3-5,Mobile,Books,30.0,30.0,500.0,Electronics,Yes
9785,46-55,Male,5-10L,Rarely,12000.0,Yes,5+,Mobile,Electronics,50.0,7.0,5000.0,Fashion,Yes
9786,55+,Male,5-10L,Weekly,10000.0,No,<1,Both,Books,25.0,30.0,2000.0,Home & Furniture,Yes
9787,26-35,Male,2-5L,Monthly,10000.0,No,1-3,Mobile,Home & Furniture,20.0,30.0,1000.0,Groceries,No
9788,36-45,Female,<2,Quarterly,10000.0,Yes,5+,Mobile,Electronics,30.0,30.0,2000.0,Electronics,No
9790,55+,Male,<2L,Weekly,12000.0,No,5+,Mobile,Electronics,30.0,60.0,1000.0,Home & Furniture,No
9791,26-35,Male,<2,Quarterly,10000.0,Yes,<1,Desktop,Groceries,50.0,7.0,10000.0,Electronics,No
9792,18-25,Male,2-5L,Weekly,15000.0,Yes,5+,Mobile,Electronics,30.0,30.0,1000.0,Fashion,Yes
9793,18-25,Female,10-20L,Rarely,15000.0,Yes,5+,Desktop,Fashion,30.0,15.0,500.0,Books,No
9794,18-25,Male,>20L,Quarterly,10000.0,Yes,3-5,Mobile,Electronics,40.0,60.0,5000.0,Electronics,No
9795,26-35,Female,10-20L,Monthly,12000.0,No,<1,Mobile,Electronics,60.0,30.0,10000.0,Home & Furniture,Yes
9796,46-55,Male,<2,Bi-weekly,20000.0,Yes,5+,Mobile,Fashion,40.0,30.0,500.0,Home & Furniture,No
9797,18-25,Female,2-5L,Weekly,5000.0,No,<1,Both,Groceries,60.0,30.0,5000.0,Electronics,No
9798,26-35,Female,2-5L,Weekly,7000.0,Yes,1-3,Mobile,Electronics,25.0,7.0,1000.0,Fashion,No
9799,18-25,Male,<2L,Weekly,7000.0,Yes,3-5,Mobile,Home & Furniture,10.0,60.0,1000.0,Electronics,Yes
9800,55+,Male,10-20L,Weekly,10000.0,Yes,<1,Mobile,Electronics,15.0,30.0,500.0,Home & Furniture,Yes
9801,18-25,Female,<2L,Bi-weekly,20000.0,Yes,1-3,Mobile,Home & Furniture,20.0,30.0,1000.0,Home & Furniture,Yes
9802,46-55,Male,5L-10L,Weekly,5000.0,Yes,<1,Mobile,Fashion,40.0,60.0,5000.0,Home & Furniture,No
9804,55+,Female,2-5L,Quarterly,10000.0,No,<1,Mobile,Electronics,20.0,15.0,2000.0,Electronics,No
9805,26-35,Female,>20L,Rarely,10000.0,No,5+,Mobile,Electronics,50.0,15.0,500.0,Groceries,Yes
9806,55+,Female,<2L,Weekly,10000.0,Yes,3-5,Both,Electronics,50.0,60.0,1000.0,Home & Furniture,No
9807,55+,Female,5-10L,Quarterly,10000.0,Yes,1-3,Mobile,Groceries,30.0,15.0,500.0,Home & Furniture,No
9808,18-25,Male,<2,Weekly,5000.0,Yes,<1,Mobile,Electronics,30.0,30.0,500.0,Fashion,Yes
9809,36-45,Female,2-5L,Quarterly,5000.0,No,5+,Mobile,Electronics,25.0,30.0,1000.0,Home & Furniture,Yes
9810,55+,Male,<2,Quarterly,5000.0,No,5+,Desktop,Groceries,20.0,60.0,1000.0,Groceries,No
9811,36-45,Female,>20L,Monthly,5000.0,Yes,<1,Mobile,Electronics,25.0,30.0,1000.0,Groceries,Yes
9812,36-45,Male,5L-10L,Quarterly,10000.0,Yes,5+,Mobile,Books,30.0,7.0,1000.0,Books,No
9814,18-25,Female,<2L,Quarterly,5000.0,No,<1,Mobile,Fashion,30.0,7.0,1000.0,Home & Furniture,No
9816,26-35,Male,5L-10L,Bi-weekly,5000.0,No,3-5,Mobile,Books,15.0,15.0,1000.0,Home & Furniture,No
9818,18-25,Male,<2L,Bi-weekly,5000.0,No,<1,Mobile,Electronics,50.0,60.0,500.0,Fashion,Yes
9819,55+,Male,5L-10L,Rarely,5000.0,No,3-5,Mobile,Fashion,25.0,7.0,10000.0,Fashion,No
9820,55+,Female,>20L,Rarely,15000.0,No,5+,Desktop,Books,20.0,60.0,500.0,Home & Furniture,Yes
9821,55+,Male,2-5L,Quarterly,7000.0,Yes,1-3,Mobile,Electronics,50.0,7.0,500.0,Groceries,No
9822,55+,Male,2-5L,Bi-weekly,5000.0,Yes,5+,Mobile,Electronics,10.0,30.0,5000.0,Fashion,Yes
9823,46-55,Male,<2L,Monthly,5000.0,No,3-5,Mobile,Home & Furniture,40.0,15.0,1000.0,Electronics,Yes
9824,36-45,Male,2-5L,Quarterly,15000.0,Yes,3-5,Mobile,Fashion,25.0,30.0,1000.0,Groceries,Yes
9825,55+,Female,2-5L,Quarterly,7000.0,No,5+,Mobile,Electronics,20.0,60.0,1000.0,Groceries,Yes
9827,55+,Male,>20L,Quarterly,10000.0,No,3-5,Mobile,Electronics,30.0,7.0,1000.0,Electronics,No
9828,36-45,Female,>20L,Weekly,10000.0,No,<1,Mobile,Fashion,50.0,30.0,1000.0,Books,Yes
9829,36-45,Male,>20L,Bi-weekly,7000.0,No,<1,Mobile,Electronics,30.0,30.0,1000.0,Home & Furniture,No
9830,46-55,Male,<2L,Monthly,12000.0,Yes,1-3,Mobile,Groceries,30.0,7.0,1000.0,Electronics,No
9831,55+,Male,<2L,Weekly,15000.0,No,3-5,Mobile,Fashion,20.0,7.0,1000.0,Home & Furniture,No
9832,26-35,Male,2-5L,Weekly,5000.0,No,3-5,Mobile,Groceries,25.0,30.0,1000.0,Groceries,Yes
9833,55+,Male,5L-10L,Rarely,7000.0,No,5+,Mobile,Electronics,25.0,15.0,1000.0,Fashion,Yes
9834,55+,Female,>20L,Bi-weekly,5000.0,Yes,3-5,Desktop,Home & Furniture,25.0,30.0,2000.0,Fashion,Yes
9835,55+,Female,5L-10L,Weekly,15000.0,No,1-3,Mobile,Electronics,30.0,15.0,10000.0,Home & Furniture,Yes
9836,18-25,Male,<2L,Monthly,12000.0,No,<1,Desktop,Fashion,10.0,7.0,5000.0,Fashion,No
9837,26-35,Female,2-5L,Weekly,5000.0,No,3-5,Mobile,Home & Furniture,30.0,7.0,2000.0,Electronics,Yes
9839,55+,Female,5-10L,Quarterly,7000.0,Yes,3-5,Both,Fashion,20.0,30.0,2000.0,Home & Furniture,No
9840,55+,Male,10-20L,Monthly,20000.0,No,<1,Mobile,Electronics,30.0,7.0,1000.0,Home & Furniture,No
9841,46-55,Male,<2L,Rarely,7000.0,No,<1,Mobile,Books,60.0,7.0,2000.0,Home & Furniture,Yes
9842,55+,Male,5-10L,Weekly,3000.0,Yes,<1,Both,Books,50.0,7.0,1000.0,Home & Furniture,No
9843,26-35,Female,5-10L,Weekly,12000.0,Yes,3-5,Mobile,Electronics,20.0,30.0,2000.0,Home & Furniture,No
9845,26-35,Male,5-10L,Weekly,10000.0,No,<1,Mobile,Electronics,10.0,30.0,5000.0,Electronics,No
9846,55+,Male,2-5L,Monthly,10000.0,No,3-5,Mobile,Fashion,10.0,30.0,2000.0,Fashion,Yes
9847,55+,Male,10-20L,Weekly,12000.0,Yes,5+,Mobile,Electronics,20.0,60.0,5000.0,Fashion,No
9848,55+,Male,2-5L,Quarterly,10000.0,No,3-5,Mobile,Fashion,25.0,15.0,2000.0,Home & Furniture,No
9849,55+,Female,5-10L,Rarely,5000.0,No,<1,Both,Home & Furniture,50.0,60.0,5000.0,Books,No
9850,18-25,Male,5-10L,Weekly,15000.0,Yes,1-3,Mobile,Electronics,50.0,30.0,1000.0,Electronics,No
9851,55+,Female,<2L,Rarely,15000.0,No,3-5,Mobile,Electronics,30.0,7.0,5000.0,Books,Yes
9853,36-45,Male,<2L,Rarely,10000.0,Yes,3-5,Mobile,Groceries,10.0,60.0,500.0,Fashion,Yes
9854,18-25,Female,10-20L,Bi-weekly,10000.0,Yes,1-3,Mobile,Electronics,20.0,7.0,2000.0,Electronics,No
9856,55+,Male,5-10L,Bi-weekly,5000.0,No,<1,Desktop,Fashion,20.0,30.0,2000.0,Groceries,Yes
9857,46-55,Male,2-5L,Weekly,10000.0,Yes,3-5,Mobile,Fashion,30.0,30.0,500.0,Home & Furniture,No
9858,46-55,Male,>20L,Monthly,5000.0,Yes,3-5,Mobile,Fashion,50.0,15.0,2000.0,Home & Furniture,Yes
9859,46-55,Female,5-10L,Weekly,10000.0,No,3-5,Mobile,Electronics,15.0,15.0,1000.0,Home & Furniture,Yes
9860,55+,Male,>20L,Quarterly,15000.0,No,3-5,Mobile,Electronics,30.0,7.0,500.0,Home & Furniture,Yes
9861,18-25,Female,5-10L,Weekly,10000.0,Yes,1-3,Mobile,Electronics,25.0,15.0,5000.0,Home & Furniture,Yes
9862,36-45,Male,5-10L,Quarterly,12000.0,No,3-5,Both,Books,30.0,30.0,1000.0,Electronics,Yes
9863,18-25,Male,5-10L,Rarely,5000.0,No,<1,Mobile,Electronics,10.0,15.0,1000.0,Home & Furniture,No
9867,18-25,Male,<2,Bi-weekly,15000.0,Yes,<1,Mobile,Electronics,25.0,30.0,10000.0,Home & Furniture,Yes
9868,55+,Female,2-5L,Rarely,5000.0,No,3-5,Mobile,Electronics,50.0,15.0,2000.0,Home & Furniture,No
9869,55+,Male,<2L,Quarterly,15000.0,No,1-3,Desktop,Electronics,25.0,15.0,1000.0,Home & Furniture,No
9871,18-25,Female,>20L,Bi-weekly,5000.0,No,3-5,Desktop,Groceries,60.0,15.0,500.0,Home & Furniture,No
9874,26-35,Male,2-5L,Monthly,10000.0,No,1-3,Mobile,Groceries,50.0,30.0,1000.0,Groceries,No
9875,26-35,Male,<2L,Quarterly,7000.0,Yes,5+,Mobile,Fashion,30.0,60.0,2000.0,Fashion,No
9876,36-45,Male,10-20L,Weekly,5000.0,No,3-5,Desktop,Books,10.0,60.0,1000.0,Groceries,No
9877,55+,Male,5-10L,Rarely,10000.0,Yes,3-5,Desktop,Home & Furniture,30.0,30.0,5000.0,Groceries,No
9878,55+,Male,2-5L,Weekly,5000.0,Yes,<1,Desktop,Home & Furniture,40.0,15.0,2000.0,Home & Furniture,No
9879,26-35,Male,5-10L,Quarterly,20000.0,No,<1,Desktop,Electronics,30.0,30.0,10000.0,Groceries,Yes
9880,36-45,Male,10-20L,Weekly,7000.0,No,1-3,Mobile,Electronics,40.0,30.0,2000.0,Fashion,Yes
9881,26-35,Male,>20L,Quarterly,5000.0,No,<1,Mobile,Electronics,50.0,7.0,1000.0,Home & Furniture,No
9882,18-25,Male,5-10L,Bi-weekly,15000.0,Yes,1-3,Mobile,Fashion,25.0,30.0,500.0,Home & Furniture,No
9883,46-55,Female,<2L,Weekly,5000.0,No,3-5,Desktop,Electronics,30.0,15.0,1000.0,Home & Furniture,Yes
9884,55+,Male,>20L,Bi-weekly,5000.0,Yes,1-3,Mobile,Books,40.0,7.0,500.0,Home & Furniture,No
9885,26-35,Male,5-10L,Quarterly,10000.0,Yes,1-3,Mobile,Home & Furniture,30.0,30.0,10000.0,Home & Furniture,No
9886,55+,Male,5L-10L,Weekly,5000.0,No,5+,Mobile,Books,50.0,7.0,5000.0,Groceries,No
9887,55+,Male,<2,Bi-weekly,10000.0,Yes,1-3,Mobile,Fashion,15.0,15.0,500.0,Fashion,Yes
9888,55+,Male,5-10L,Quarterly,7000.0,No,1-3,Mobile,Electronics,40.0,7.0,5000.0,Books,Yes
9889,18-25,Male,10-20L,Weekly,12000.0,No,1-3,Mobile,Electronics,20.0,7.0,2000.0,Books,Yes
9890,55+,Male,5-10L,Quarterly,10000.0,No,3-5,Mobile,Electronics,60.0,7.0,500.0,Fashion,No
9891,46-55,Male,5-10L,Weekly,10000.0,Yes,<1,Mobile,Electronics,30.0,30.0,2000.0,Fashion,Yes
9892,36-45,Male,>20L,Weekly,10000.0,No,5+,Mobile,Fashion,15.0,60.0,1000.0,Electronics,No
9893,55+,Female,5-10L,Monthly,10000.0,Yes,5+,Mobile,Electronics,30.0,15.0,500.0,Home & Furniture,No
9894,55+,Male,<2L,Quarterly,5000.0,Yes,5+,Mobile,Electronics,10.0,30.0,1000.0,Books,No
9897,46-55,Male,10-20L,Bi-weekly,7000.0,No,5+,Desktop,Electronics,25.0,30.0,500.0,Electronics,No
9898,55+,Male,2-5L,Rarely,10000.0,No,3-5,Mobile,Electronics,30.0,30.0,5000.0,Home & Furniture,No
9899,55+,Male,>20L,Weekly,10000.0,No,3-5,Mobile,Fashion,30.0,7.0,500.0,Home & Furniture,No
9900,55+,Male,2-5L,Weekly,5000.0,Yes,3-5,Mobile,Electronics,40.0,7.0,1000.0,Electronics,No
9901,46-55,Male,>20L,Monthly,5000.0,No,3-5,Mobile,Home & Furniture,20.0,60.0,500.0,Home & Furniture,No
9902,18-25,Female,<2L,Weekly,7000.0,Yes,<1,Desktop,Electronics,30.0,30.0,500.0,Electronics,No
9903,55+,Male,2-5L,Weekly,10000.0,No,1-3,Mobile,Books,40.0,15.0,2000.0,Fashion,No
9905,55+,Male,>20L,Weekly,10000.0,Yes,5+,Mobile,Electronics,20.0,7.0,5000.0,Home & Furniture,Yes
9906,26-35,Male,2-5L,Bi-weekly,5000.0,No,<1,Mobile,Fashion,10.0,7.0,5000.0,Fashion,Yes
9907,55+,Male,<2,Quarterly,3000.0,No,<1,Both,Electronics,30.0,7.0,2000.0,Fashion,No
9908,26-35,Female,10-20L,Weekly,10000.0,No,<1,Mobile,Electronics,50.0,7.0,10000.0,Fashion,Yes
9909,55+,Male,2-5L,Quarterly,10000.0,Yes,1-3,Mobile,Books,60.0,7.0,2000.0,Home & Furniture,No
9910,55+,Male,5-10L,Quarterly,10000.0,No,1-3,Mobile,Groceries,30.0,60.0,5000.0,Home & Furniture,No
9911,26-35,Male,10-20L,Rarely,12000.0,No,1-3,Desktop,Books,30.0,7.0,1000.0,Groceries,No
9912,46-55,Male,5L-10L,Weekly,15000.0,No,<1,Mobile,Groceries,40.0,30.0,10000.0,Home & Furniture,Yes
9913,36-45,Female,5L-10L,Weekly,10000.0,No,3-5,Desktop,Electronics,30.0,30.0,5000.0,Fashion,No
9914,18-25,Male,5L-10L,Weekly,15000.0,No,1-3,Mobile,Books,15.0,60.0,1000.0,Fashion,No
9915,36-45,Male,>20L,Weekly,12000.0,No,1-3,Mobile,Fashion,30.0,30.0,1000.0,Fashion,No
9916,18-25,Male,2-5L,Rarely,5000.0,No,3-5,Both,Fashion,10.0,30.0,1000.0,Fashion,No
9918,55+,Female,5-10L,Monthly,10000.0,Yes,1-3,Mobile,Electronics,15.0,60.0,1000.0,Groceries,No
9919,18-25,Female,<2,Bi-weekly,12000.0,Yes,3-5,Mobile,Books,30.0,60.0,5000.0,Electronics,Yes
9921,55+,Male,5L-10L,Weekly,15000.0,No,1-3,Mobile,Electronics,25.0,30.0,1000.0,Fashion,No
9922,46-55,Male,2-5L,Rarely,20000.0,Yes,5+,Both,Groceries,20.0,15.0,1000.0,Groceries,Yes
9923,26-35,Male,5-10L,Quarterly,15000.0,No,3-5,Both,Fashion,25.0,15.0,1000.0,Groceries,No
9924,55+,Female,>20L,Weekly,5000.0,No,3-5,Desktop,Fashion,20.0,60.0,500.0,Groceries,Yes
9925,55+,Male,<2,Quarterly,5000.0,Yes,5+,Mobile,Groceries,20.0,7.0,5000.0,Fashion,Yes
9926,36-45,Male,>20L,Bi-weekly,10000.0,No,<1,Desktop,Electronics,25.0,30.0,10000.0,Fashion,Yes
9927,55+,Female,2-5L,Weekly,15000.0,Yes,<1,Mobile,Electronics,40.0,7.0,1000.0,Fashion,No
9928,46-55,Male,5L-10L,Weekly,20000.0,Yes,<1,Mobile,Electronics,40.0,60.0,500.0,Electronics,No
9929,36-45,Male,5-10L,Rarely,7000.0,Yes,3-5,Mobile,Books,30.0,30.0,1000.0,Electronics,Yes
9930,36-45,Male,<2,Bi-weekly,12000.0,Yes,3-5,Mobile,Home & Furniture,15.0,30.0,1000.0,Groceries,No
9931,55+,Male,5L-10L,Monthly,15000.0,Yes,5+,Mobile,Electronics,40.0,30.0,10000.0,Groceries,Yes
9932,55+,Female,<2L,Weekly,10000.0,Yes,3-5,Both,Electronics,30.0,30.0,1000.0,Groceries,No
9933,18-25,Male,2-5L,Rarely,10000.0,Yes,3-5,Mobile,Groceries,30.0,60.0,5000.0,Home & Furniture,No
9934,18-25,Female,10-20L,Weekly,5000.0,No,3-5,Desktop,Electronics,40.0,60.0,10000.0,Home & Furniture,No
9935,55+,Female,5-10L,Weekly,7000.0,Yes,3-5,Mobile,Electronics,25.0,30.0,1000.0,Home & Furniture,No
9936,55+,Male,>20L,Weekly,3000.0,No,<1,Mobile,Electronics,25.0,30.0,1000.0,Books,No
9938,55+,Female,2-5L,Monthly,7000.0,No,5+,Both,Fashion,20.0,7.0,500.0,Fashion,Yes
9939,55+,Male,5-10L,Quarterly,12000.0,Yes,1-3,Mobile,Electronics,30.0,7.0,2000.0,Fashion,No
9940,26-35,Female,>20L,Weekly,10000.0,No,1-3,Mobile,Books,30.0,15.0,10000.0,Home & Furniture,Yes
9941,55+,Male,5-10L,Rarely,10000.0,No,5+,Both,Home & Furniture,30.0,60.0,5000.0,Home & Furniture,No
9942,55+,Male,5L-10L,Weekly,7000.0,No,5+,Mobile,Books,30.0,7.0,2000.0,Home & Furniture,Yes
9943,46-55,Male,>20L,Weekly,3000.0,No,<1,Mobile,Groceries,25.0,30.0,2000.0,Home & Furniture,No
9944,18-25,Female,<2,Weekly,10000.0,Yes,1-3,Desktop,Home & Furniture,40.0,7.0,5000.0,Groceries,Yes
9945,36-45,Female,>20L,Weekly,10000.0,Yes,5+,Mobile,Fashion,60.0,7.0,500.0,Home & Furniture,Yes
9946,46-55,Female,5L-10L,Bi-weekly,5000.0,Yes,3-5,Mobile,Fashion,50.0,60.0,500.0,Fashion,No
9947,26-35,Male,5-10L,Bi-weekly,5000.0,Yes,<1,Desktop,Fashion,30.0,60.0,2000.0,Home & Furniture,No
9948,36-45,Female,<2L,Monthly,10000.0,Yes,1-3,Mobile,Electronics,25.0,60.0,2000.0,Groceries,No
9949,55+,Male,5L-10L,Weekly,12000.0,No,1-3,Mobile,Electronics,30.0,60.0,1000.0,Electronics,Yes
9950,26-35,Male,<2,Rarely,5000.0,Yes,3-5,Mobile,Fashion,30.0,30.0,1000.0,Home & Furniture,Yes
9951,18-25,Male,<2L,Weekly,20000.0,Yes,<1,Mobile,Electronics,30.0,15.0,1000.0,Groceries,No
9953,36-45,Male,5-10L,Weekly,15000.0,No,1-3,Mobile,Home & Furniture,60.0,15.0,1000.0,Electronics,Yes
9954,55+,Male,<2,Quarterly,5000.0,No,<1,Mobile,Books,30.0,30.0,500.0,Fashion,Yes
9955,55+,Male,2-5L,Weekly,10000.0,Yes,3-5,Desktop,Groceries,40.0,15.0,500.0,Groceries,No
9957,55+,Male,5L-10L,Rarely,5000.0,No,3-5,Mobile,Books,40.0,30.0,5000.0,Electronics,Yes
9958,18-25,Male,5L-10L,Monthly,20000.0,No,3-5,Mobile,Electronics,30.0,30.0,5000.0,Home & Furniture,Yes
9959,18-25,Male,2-5L,Weekly,3000.0,Yes,5+,Mobile,Electronics,30.0,60.0,1000.0,Books,Yes
9960,55+,Male,<2L,Weekly,10000.0,No,1-3,Mobile,Electronics,30.0,30.0,5000.0,Electronics,Yes
9961,46-55,Male,>20L,Weekly,10000.0,Yes,1-3,Mobile,Groceries,30.0,30.0,5000.0,Electronics,Yes
9963,46-55,Male,5-10L,Quarterly,5000.0,No,3-5,Both,Fashion,30.0,30.0,5000.0,Home & Furniture,No
9964,46-55,Male,5L-10L,Rarely,10000.0,No,1-3,Mobile,Fashion,30.0,30.0,500.0,Home & Furniture,No
9965,55+,Male,2-5L,Monthly,5000.0,Yes,<1,Mobile,Fashion,15.0,7.0,500.0,Groceries,No
9966,46-55,Male,>20L,Quarterly,5000.0,Yes,5+,Mobile,Books,15.0,7.0,10000.0,Books,No
9967,55+,Male,2-5L,Quarterly,10000.0,Yes,5+,Mobile,Groceries,40.0,7.0,2000.0,Home & Furniture,Yes
9968,46-55,Male,<2L,Monthly,15000.0,No,5+,Mobile,Electronics,25.0,7.0,2000.0,Groceries,No
9969,55+,Female,5-10L,Weekly,5000.0,Yes,3-5,Mobile,Electronics,30.0,60.0,1000.0,Books,Yes
9970,55+,Male,<2,Weekly,15000.0,No,3-5,Mobile,Electronics,20.0,60.0,5000.0,Home & Furniture,Yes
9971,36-45,Male,10-20L,Weekly,5000.0,Yes,<1,Both,Electronics,10.0,60.0,5000.0,Electronics,No
9972,36-45,Male,5L-10L,Bi-weekly,10000.0,No,3-5,Desktop,Electronics,50.0,30.0,500.0,Books,No
9973,55+,Male,<2,Quarterly,12000.0,Yes,<1,Desktop,Home & Furniture,50.0,30.0,2000.0,Electronics,No
9974,26-35,Female,2-5L,Quarterly,20000.0,No,1-3,Desktop,Home & Furniture,40.0,30.0,5000.0,Electronics,Yes
9975,55+,Male,5-10L,Weekly,10000.0,No,5+,Desktop,Fashion,40.0,60.0,2000.0,Home & Furniture,Yes
9976,55+,Male,5-10L,Quarterly,10000.0,Yes,1-3,Mobile,Electronics,20.0,30.0,1000.0,Electronics,No
9977,55+,Male,<2L,Weekly,3000.0,Yes,3-5,Mobile,Home & Furniture,25.0,7.0,5000.0,Home & Furniture,No
9978,46-55,Male,>20L,Monthly,15000.0,No,5+,Mobile,Fashion,40.0,30.0,1000.0,Books,Yes
9979,36-45,Male,2-5L,Weekly,10000.0,Yes,5+,Mobile,Fashion,15.0,15.0,2000.0,Home & Furniture,No
9981,55+,Male,5-10L,Quarterly,15000.0,No,5+,Both,Fashion,50.0,30.0,1000.0,Groceries,Yes
9982,18-25,Male,2-5L,Rarely,10000.0,Yes,5+,Mobile,Fashion,50.0,30.0,5000.0,Groceries,Yes
9983,36-45,Female,<2,Quarterly,10000.0,Yes,5+,Mobile,Electronics,30.0,30.0,2000.0,Electronics,No
9984,36-45,Male,5L-10L,Rarely,3000.0,No,5+,Mobile,Fashion,30.0,30.0,2000.0,Electronics,No
9985,55+,Male,10-20L,Bi-weekly,10000.0,No,<1,Mobile,Groceries,25.0,30.0,1000.0,Home & Furniture,No
9986,46-55,Male,5-10L,Quarterly,3000.0,Yes,<1,Mobile,Home & Furniture,10.0,30.0,1000.0,Home & Furniture,Yes
9987,18-25,Male,5-10L,Monthly,5000.0,No,1-3,Mobile,Fashion,60.0,60.0,500.0,Fashion,Yes
9988,36-45,Male,10-20L,Rarely,10000.0,Yes,3-5,Mobile,Books,60.0,30.0,1000.0,Home & Furniture,No
9989,55+,Female,2-5L,Rarely,7000.0,Yes,<1,Mobile,Electronics,50.0,60.0,2000.0,Home & Furniture,No
9991,36-45,Male,<2L,Weekly,5000.0,No,5+,Mobile,Electronics,40.0,15.0,1000.0,Groceries,No
9992,46-55,Male,2-5L,Weekly,10000.0,Yes,3-5,Mobile,Groceries,15.0,60.0,1000.0,Groceries,No
9993,36-45,Female,>20L,Weekly,10000.0,No,<1,Mobile,Fashion,50.0,30.0,1000.0,Books,Yes
9996,46-55,Male,5-10L,Rarely,5000.0,Yes,<1,Mobile,Electronics,20.0,7.0,1000.0,Home & Furniture,No
9998,46-55,Male,10-20L,Bi-weekly,12000.0,No,5+,Desktop,Books,30.0,7.0,1000.0,Home & Furniture,Yes
10000,55+,Male,5-10L,Weekly,12000.0,Yes,3-5,Desktop,Home & Furniture,30.0,60.0,10000.0,Fashion,No
